{
"type": "FeatureCollection",
"name": "L_AXES_RUISSELEMENTS_095",
"crs": { "type": "name", "properties": { "name": "urn:ogc:def:crs:OGC:1.3:CRS84" } },
"features": [
{"type":"Feature","properties":{"GCIdentifi":130422,"GCCalculat":265.89826517180484,"Nom":"AX_1","code":"OISE12","source_doc":null,"date_visit":null},"geometry":{"type":"LineString","coordinates":[[2.4185516523194,49.087738548853665],[2.418484235067921,49.088332615007729],[2.418334661595624,49.088871695967072],[2.418198910168334,49.089492728859504],[2.418227305714934,49.090112532563182],[2.418227305714934,49.090112532563182]]}},
{"type":"Feature","properties":{"GCIdentifi":130427,"GCCalculat":816.17529162501785,"Nom":"AX_2","code":"OISE12","source_doc":null,"date_visit":"2010-10-28"},"geometry":{"type":"LineString","coordinates":[[2.417218964645138,49.093504329707336],[2.418561513259688,49.093718972677287],[2.420505549186805,49.093690611823199],[2.420505549186805,49.093690611823199]]}},
{"type":"Feature","properties":{"GCIdentifi":129954,"GCCalculat":1702.5562760741161,"Nom":"AX_3","code":"SEINE11","source_doc":null,"date_visit":"2009-03-03"},"geometry":{"type":"LineString","coordinates":[[2.460831851176011,48.972863086763951],[2.460062674283673,48.971515316263371],[2.459554269044458,48.970086451070514],[2.459155548333965,48.96885395985305],[2.459261863424485,48.967711870481509],[2.459079741416104,48.965770618263853]]}},
{"type":"Feature","properties":{"GCIdentifi":129960,"GCCalculat":2402.5464012702323,"Nom":"AX_4","code":"SEINE11","source_doc":null,"date_visit":"2009-03-03"},"geometry":{"type":"LineString","coordinates":[[2.479217722229866,48.969062460786851],[2.477732391261315,48.96928906891582],[2.475917947541736,48.969635457514357],[2.474907031784631,48.969807351278327],[2.474058903895254,48.969782682612447],[2.472933714703828,48.969559270974472],[2.472169752587575,48.969229664126232],[2.471204497475038,48.968728397652164],[2.4704800384314,48.968160751809805],[2.469211791941577,48.966972362580186],[2.468465962902684,48.965889113304947]]}},
{"type":"Feature","properties":{"GCIdentifi":129978,"GCCalculat":423.24553983158182,"Nom":"AX_5","code":"SEINE12","source_doc":null,"date_visit":"2009-06-05"},"geometry":{"type":"LineString","coordinates":[[2.509073127696894,48.995435744457509],[2.508706608246063,48.996033675373901],[2.508566683875061,48.996527953507432],[2.508328093517047,48.997115588896428]]}},
{"type":"Feature","properties":{"GCIdentifi":129980,"GCCalculat":840.70519794023176,"Nom":"AX_6","code":"SEINE12","source_doc":null,"date_visit":"2006-11-07"},"geometry":{"type":"LineString","coordinates":[[2.498162117006935,49.008040231854515],[2.497430032967998,49.007566277707326],[2.495982139315909,49.006351087043974],[2.494769420937123,49.005537548951132],[2.494077216919408,49.004164101829012],[2.493634884607163,49.003530284672358],[2.493331018554036,49.002970372322224],[2.492858866752605,49.001541606181853]]}},
{"type":"Feature","properties":{"GCIdentifi":129985,"GCCalculat":117.98152675651143,"Nom":"AX_7","code":"SEINE12","source_doc":null,"date_visit":"2006-11-07"},"geometry":{"type":"LineString","coordinates":[[2.497434674785233,49.00846681421595],[2.497418345935952,49.008168144198727],[2.497238675337055,49.007503655378251],[2.49722309959637,49.007435186948875],[2.497195775577219,49.007435216363398]]}},
{"type":"Feature","properties":{"GCIdentifi":129986,"GCCalculat":296.97155241024126,"Nom":"AX_8","code":"SEINE12","source_doc":null,"date_visit":"2006-11-07"},"geometry":{"type":"LineString","coordinates":[[2.494357271643801,49.008505882134578],[2.494860979867051,49.007488996396084],[2.495104186558889,49.006679054395889],[2.495404032908171,49.005971230524132],[2.4953751165886,49.006007212438263]]}},
{"type":"Feature","properties":{"GCIdentifi":129989,"GCCalculat":439.950262089153,"Nom":"AX_9","code":"SEINE12","source_doc":null,"date_visit":"2007-02-15"},"geometry":{"type":"LineString","coordinates":[[2.486468388257056,49.012589125594062],[2.484964940181423,49.012744910899052],[2.483488230076512,49.012701905139942],[2.481931471203387,49.01272184016338],[2.48052215452031,49.012966161646737],[2.48052215452031,49.012966161646737]]}},
{"type":"Feature","properties":{"GCIdentifi":129990,"GCCalculat":395.62709145872458,"Nom":"AX_10","code":"SEINE12","source_doc":null,"date_visit":"2007-02-15"},"geometry":{"type":"LineString","coordinates":[[2.488623991894683,49.014698421699727],[2.487248012562067,49.014118596507096],[2.486090778125337,49.013610324647296],[2.485095982755244,49.01317367682379],[2.484374528988714,49.01281641722796],[2.484142042460421,49.012708915920705]]}},
{"type":"Feature","properties":{"GCIdentifi":129991,"GCCalculat":854.92403853711926,"Nom":"AX_11","code":"SEINE12","source_doc":null,"date_visit":"2007-02-15"},"geometry":{"type":"LineString","coordinates":[[2.488040916702307,49.021653186148669],[2.486822356799998,49.021249421334566],[2.48460920233067,49.020531414068259],[2.483837875970812,49.020085485383468],[2.482909859849764,49.019759918618057],[2.481115895409295,49.019304041945944],[2.477451554688494,49.01851585710326]]}},
{"type":"Feature","properties":{"GCIdentifi":129992,"GCCalculat":216.07541055076331,"Nom":"AX_12","code":"SEINE12","source_doc":null,"date_visit":"2007-02-15"},"geometry":{"type":"LineString","coordinates":[[2.490099213319622,49.023061903165292],[2.489263573879795,49.022280362453152],[2.488900901959892,49.022046168667792],[2.488080241762248,49.021677839106474]]}},
{"type":"Feature","properties":{"GCIdentifi":129994,"GCCalculat":314.6977736454682,"Nom":"AX_13","code":"SEINE12","source_doc":null,"date_visit":"2008-02-20"},"geometry":{"type":"LineString","coordinates":[[2.49567774874799,49.024277129629667],[2.496069522896667,49.024516882537263],[2.496700739955951,49.024884308167245],[2.496771272919071,49.025040291076152],[2.497096208682037,49.025730411467308],[2.497096603799483,49.025850563962955],[2.496987795075432,49.026523310524119],[2.496875831618601,49.026753647401442]]}},
{"type":"Feature","properties":{"GCIdentifi":129995,"GCCalculat":497.67999214420666,"Nom":"AX_14","code":"SEINE12","source_doc":null,"date_visit":"2008-02-20"},"geometry":{"type":"LineString","coordinates":[[2.504289697872904,49.024665758217722],[2.501697447674013,49.025087218762394],[2.500403753604822,49.025768416548708],[2.500225922197886,49.026216681837184],[2.500220139457121,49.026533364049612],[2.500258575005074,49.026794920606022],[2.50048505083978,49.027123602215006],[2.500434563136149,49.02734713025918]]}},
{"type":"Feature","properties":{"GCIdentifi":129997,"GCCalculat":1112.8115677037758,"Nom":"AX_15","code":"SEINE12","source_doc":null,"date_visit":"2008-02-20"},"geometry":{"type":"LineString","coordinates":[[2.499232879051943,49.028001235579978],[2.498129095766378,49.027265068110694],[2.497260330427222,49.026851930567453],[2.496530613956693,49.026658701867866],[2.495546983476703,49.026634224635359],[2.493774670807026,49.026662499829023],[2.492710561561966,49.026560634762831],[2.490545176206441,49.026472616195178],[2.487787326686076,49.02639880268687],[2.484774078715995,49.026571145688706]]}},
{"type":"Feature","properties":{"GCIdentifi":129998,"GCCalculat":90.076992551857032,"Nom":"AX_16","code":"SEINE12","source_doc":null,"date_visit":"2008-02-20"},"geometry":{"type":"LineString","coordinates":[[2.498824840293755,49.02854416709669],[2.498781225802711,49.027734636815438],[2.498781225802711,49.027734636815438]]}},
{"type":"Feature","properties":{"GCIdentifi":129999,"GCCalculat":209.96472734764757,"Nom":"AX_17","code":"SEINE12","source_doc":null,"date_visit":"2008-02-20"},"geometry":{"type":"LineString","coordinates":[[2.49287265780753,49.033028194311413],[2.492404170515848,49.0333926537336],[2.492254804685675,49.033683675138128],[2.492335130733065,49.034786225221424],[2.492335130733065,49.034786225221424]]}},
{"type":"Feature","properties":{"GCIdentifi":130000,"GCCalculat":118.95266957234348,"Nom":"AX_18","code":"SEINE12","source_doc":null,"date_visit":"2008-02-20"},"geometry":{"type":"LineString","coordinates":[[2.495815162783876,49.034643338605868],[2.495733881533109,49.034857930824572],[2.495571397438048,49.035319656987269],[2.495345381034289,49.035663573718814]]}},
{"type":"Feature","properties":{"GCIdentifi":130003,"GCCalculat":471.85019292778981,"Nom":"AX_19","code":"SEINE12","source_doc":null,"date_visit":"2008-02-20"},"geometry":{"type":"LineString","coordinates":[[2.508509146807719,49.034126512718892],[2.508762493345638,49.034292316871422],[2.510187027008085,49.035343434082421],[2.510313862703108,49.035473488462138],[2.511483736911999,49.036441885988594],[2.512047134653309,49.036866596739443],[2.51237206754868,49.03747581195632]]}},
{"type":"Feature","properties":{"GCIdentifi":130004,"GCCalculat":361.51202879175946,"Nom":"AX_20","code":"SEINE12","source_doc":null,"date_visit":"2008-02-20"},"geometry":{"type":"LineString","coordinates":[[2.509663103227448,49.031533170121122],[2.509463502303201,49.032080313537449],[2.509305688436652,49.032857577267805],[2.509396450876447,49.033417766327851],[2.509390137566863,49.033564875082703],[2.509407933284124,49.034758460592279]]}},
{"type":"Feature","properties":{"GCIdentifi":130006,"GCCalculat":568.81699111647913,"Nom":"AX_21","code":"SEINE12","source_doc":null,"date_visit":"2008-02-20"},"geometry":{"type":"LineString","coordinates":[[2.514907293198813,49.031486966497368],[2.514164188598485,49.031902473194911],[2.513583647988133,49.032396296899989],[2.513091925130138,49.032906852024198],[2.512628743951826,49.033283712234024],[2.512531659877219,49.033352358033454],[2.511636373369492,49.033716426462412],[2.511544490348165,49.033812005354719],[2.510891185644231,49.03451815971637],[2.510383357264572,49.035316188963684],[2.510327590957323,49.03548245539865]]}},
{"type":"Feature","properties":{"GCIdentifi":130007,"GCCalculat":217.96837225057021,"Nom":"AX_22","code":"SEINE12","source_doc":null,"date_visit":"2008-02-20"},"geometry":{"type":"LineString","coordinates":[[2.51749523199996,49.031241509736915],[2.517907761392366,49.031502484493934],[2.518419485026972,49.031811602652105],[2.518984109284489,49.032110499805981],[2.519294209608327,49.032376139626436],[2.519443874709492,49.032675719529756]]}},
{"type":"Feature","properties":{"GCIdentifi":130008,"GCCalculat":1066.9675034145575,"Nom":"AX_23","code":"SEINE12","source_doc":null,"date_visit":"2008-02-20"},"geometry":{"type":"LineString","coordinates":[[2.522036520002215,49.028641545474635],[2.522065404372809,49.029065953951061],[2.521865880764337,49.029587276208076],[2.521406669107116,49.030091071979264],[2.520949148907202,49.030582499650116],[2.520165569198644,49.031569651135506],[2.51988527407875,49.031968724885672],[2.519189219318836,49.033082590945838],[2.519058397844439,49.033270330531728],[2.518774453024564,49.034540763914016],[2.518722305288005,49.034751927272005],[2.518500803657883,49.036295125276077],[2.518542506968873,49.036489319123355],[2.518810505930988,49.037379320385227],[2.518813504936782,49.037733036352172]]}},
{"type":"Feature","properties":{"GCIdentifi":130009,"GCCalculat":197.20183105940976,"Nom":"AX_24","code":"SEINE12","source_doc":null,"date_visit":"2008-02-20"},"geometry":{"type":"LineString","coordinates":[[2.520112837435782,49.028397591777782],[2.520960843335705,49.02867023245129],[2.521635662125474,49.029217114618334],[2.521758552686316,49.029658199769052]]}},
{"type":"Feature","properties":{"GCIdentifi":130010,"GCCalculat":317.52312522244625,"Nom":"AX_25","code":"SEINE12","source_doc":null,"date_visit":"2008-02-20"},"geometry":{"type":"LineString","coordinates":[[2.522219527332786,49.036025303255748],[2.521687723908637,49.036765006830407],[2.52138344207793,49.037147270747468],[2.521058293824647,49.037430764866713],[2.520465502921122,49.037850558360105],[2.520233783859482,49.037998007612693],[2.519659190970887,49.038270672955591]]}},
{"type":"Feature","properties":{"GCIdentifi":130012,"GCCalculat":843.20580773907727,"Nom":"AX_26","code":"SEINE12","source_doc":null,"date_visit":"2006-11-22"},"geometry":{"type":"LineString","coordinates":[[2.5240971656914,49.032147191910255],[2.525316666987417,49.032649369755077],[2.526699843531946,49.033069283779426],[2.528594093639585,49.033604010146128],[2.528943366110024,49.033830240865733],[2.52927590856628,49.034150837722713],[2.529686912518826,49.034444324593395],[2.530467021941415,49.034788870818666],[2.531364624114178,49.035043367127045],[2.531949491777036,49.035247857286421],[2.53259431895272,49.035490415712779],[2.532927407845442,49.03593788820352],[2.532929328370105,49.036425200853678]]}},
{"type":"Feature","properties":{"GCIdentifi":130014,"GCCalculat":637.69100760328456,"Nom":"AX_27","code":"SEINE12","source_doc":null,"date_visit":"2006-11-22"},"geometry":{"type":"LineString","coordinates":[[2.535471458318939,49.030237140481319],[2.534996368440739,49.031002644526446],[2.53463448975968,49.03147264341726],[2.534166315523336,49.031830522344102],[2.533589168551849,49.032273920730304],[2.533353352853112,49.03266957426645],[2.53326424336232,49.033025675651757],[2.533268020380898,49.033541087518167],[2.533309764696014,49.034168685548977],[2.533801876974734,49.035526535992084]]}},
{"type":"Feature","properties":{"GCIdentifi":130016,"GCCalculat":454.73749924163661,"Nom":"AX_28","code":"SEINE12","source_doc":null,"date_visit":"2006-11-22"},"geometry":{"type":"LineString","coordinates":[[2.545302985663818,49.030781140560201],[2.543656162822414,49.031858714344693],[2.542615536968131,49.032533193714201],[2.541455597731171,49.03326289496119],[2.540784050511173,49.033582984676563]]}},
{"type":"Feature","properties":{"GCIdentifi":130023,"GCCalculat":1034.2176721012581,"Nom":"AX_29","code":"SEINE12","source_doc":null,"date_visit":"2006-11-22"},"geometry":{"type":"LineString","coordinates":[[2.569483561703458,49.039502091519928],[2.568474199081203,49.040241867208749],[2.567533480254004,49.040692920581492],[2.566058484391402,49.041218027067423],[2.565087069442026,49.041318764472273],[2.563345991720248,49.041560261502006],[2.56251595056867,49.041579873427843],[2.561371329042121,49.041525956215644],[2.560255551359841,49.041433819619193],[2.559510365746716,49.0413229805906],[2.558908631461513,49.041210739567148],[2.557591606920697,49.040800050425233],[2.556672740695736,49.040425660180567]]}},
{"type":"Feature","properties":{"GCIdentifi":130024,"GCCalculat":260.83771280259305,"Nom":"AX_30","code":"SEINE12","source_doc":null,"date_visit":null},"geometry":{"type":"LineString","coordinates":[[2.570822721172085,49.042061787833049],[2.569779196975563,49.041353115923442],[2.569012909428019,49.041121113810014],[2.567929983438484,49.040746014499121],[2.567929983438484,49.040746014499121]]}},
{"type":"Feature","properties":{"GCIdentifi":130025,"GCCalculat":292.1525187420059,"Nom":"AX_31","code":"SEINE12","source_doc":null,"date_visit":null},"geometry":{"type":"LineString","coordinates":[[2.568269972038998,49.043326838478755],[2.567185245937853,49.04257219258789],[2.566308295213393,49.042054060494422],[2.56533410395142,49.041551844969355],[2.56533410395142,49.041551844969355]]}},
{"type":"Feature","properties":{"GCIdentifi":130026,"GCCalculat":394.59519166265261,"Nom":"AX_32","code":"SEINE12","source_doc":null,"date_visit":"2006-11-22"},"geometry":{"type":"LineString","coordinates":[[2.560216024837319,49.044034487669137],[2.55974715908761,49.043083201648997],[2.559345846846164,49.042345131417683],[2.557820898348782,49.040892818047865]]}},
{"type":"Feature","properties":{"GCIdentifi":130027,"GCCalculat":218.49702752889451,"Nom":"AX_33","code":"SEINE12","source_doc":null,"date_visit":"2006-11-22"},"geometry":{"type":"LineString","coordinates":[[2.551232227457574,49.03911882458538],[2.551879911251896,49.03959932030488],[2.552074410984833,49.040336682759346],[2.551926554833452,49.040902894355611],[2.551926554833452,49.040902894355611]]}},
{"type":"Feature","properties":{"GCIdentifi":130028,"GCCalculat":416.4605713584524,"Nom":"AX_34","code":"SEINE12","source_doc":null,"date_visit":"2006-11-22"},"geometry":{"type":"LineString","coordinates":[[2.552853958020742,49.037366331046179],[2.553918392124096,49.038241283735097],[2.554765295492198,49.038963934611203],[2.555439267862384,49.039583612035884],[2.556073294455094,49.040438030798292]]}},
{"type":"Feature","properties":{"GCIdentifi":130038,"GCCalculat":146.24514330973943,"Nom":"AX_35","code":"SEINE12","source_doc":null,"date_visit":null},"geometry":{"type":"LineString","coordinates":[[2.570778542075664,49.047169862761329],[2.570315011291358,49.047768161758214],[2.569671551391298,49.048253444494883]]}},
{"type":"Feature","properties":{"GCIdentifi":130029,"GCCalculat":229.24450462670555,"Nom":"AX_36","code":"SEINE12","source_doc":null,"date_visit":"2006-11-22"},"geometry":{"type":"LineString","coordinates":[[2.548600580279442,49.039594197660904],[2.548860093844252,49.03996988002951],[2.549232990697262,49.040495817946272],[2.549463304802286,49.040834504639591],[2.549836873362619,49.041115640660344],[2.550124951095952,49.041378984163892]]}},
{"type":"Feature","properties":{"GCIdentifi":130030,"GCCalculat":534.0929229000559,"Nom":"AX_37","code":"SEINE12","source_doc":null,"date_visit":"2006-11-22"},"geometry":{"type":"LineString","coordinates":[[2.547857992957919,49.036477332424589],[2.54710160843456,49.03652474688343],[2.54664440213753,49.036644609694669],[2.545499233116913,49.037240712218711],[2.544300295827278,49.038060334622195],[2.543538083973901,49.038761258420834],[2.542756095682615,49.039642999343897]]}},
{"type":"Feature","properties":{"GCIdentifi":130032,"GCCalculat":457.32065544142387,"Nom":"AX_38","code":"SEINE12","source_doc":null,"date_visit":"2006-11-22"},"geometry":{"type":"LineString","coordinates":[[2.535647249255442,49.044267200034497],[2.53568791655754,49.044182924289011],[2.535757404137052,49.044043568271931],[2.535848416465924,49.043315782072064],[2.536321273071611,49.042391946896878],[2.536603547904148,49.041655968344209],[2.536776820624082,49.041001034208492],[2.537389575332834,49.040893282004838],[2.537850194509294,49.040757741121723],[2.537850194509294,49.040757741121723]]}},
{"type":"Feature","properties":{"GCIdentifi":130033,"GCCalculat":195.420736579231,"Nom":"AX_39","code":"SEINE12","source_doc":null,"date_visit":"2006-11-22"},"geometry":{"type":"LineString","coordinates":[[2.539211323175206,49.048669396053832],[2.539686836688224,49.047976857674044],[2.540393817499141,49.047094145795803]]}},
{"type":"Feature","properties":{"GCIdentifi":130034,"GCCalculat":237.78327760810231,"Nom":"AX_40","code":"SEINE12","source_doc":null,"date_visit":null},"geometry":{"type":"LineString","coordinates":[[2.542152119634011,49.048870789019738],[2.542654228266813,49.048015373935492],[2.543907765046129,49.047113680525257],[2.543907765046129,49.047113680525257]]}},
{"type":"Feature","properties":{"GCIdentifi":130035,"GCCalculat":587.02914038965446,"Nom":"AX_41","code":"SEINE12","source_doc":null,"date_visit":null},"geometry":{"type":"LineString","coordinates":[[2.57499262437407,49.052827240326508],[2.573842302204055,49.05271282825521],[2.572760511490872,49.052643193747755],[2.570695040116912,49.052646305964956],[2.569612952406385,49.052505904318465],[2.568717342066317,49.052418997717645],[2.56760829735932,49.052356106552487],[2.56701377548496,49.052357319202116]]}},
{"type":"Feature","properties":{"GCIdentifi":130036,"GCCalculat":1160.524702878826,"Nom":"AX_42","code":"SEINE12","source_doc":null,"date_visit":null},"geometry":{"type":"LineString","coordinates":[[2.560941910926071,49.050435728009646],[2.559311412044652,49.049890937485188],[2.557393323360081,49.049210809538465],[2.555846541280937,49.048647846415754],[2.55514575681808,49.04817195480161],[2.554320965788757,49.04746386334751],[2.553841071779854,49.047104317912627],[2.553046068406341,49.046944114626292],[2.551830390797797,49.047081160450944],[2.550776431603833,49.047084246171792],[2.549367252282813,49.047112696124991],[2.548329166090575,49.047231391024269],[2.546919272973863,49.047090242948848],[2.546919272973863,49.047090242948848]]}},
{"type":"Feature","properties":{"GCIdentifi":130037,"GCCalculat":308.29488621600842,"Nom":"AX_43","code":"SEINE12","source_doc":null,"date_visit":null},"geometry":{"type":"LineString","coordinates":[[2.569661345235584,49.04826020568688],[2.569259617277068,49.048564179208334],[2.568410984416772,49.049011673099713],[2.56732210198787,49.049594412559159],[2.566289825837792,49.049868219783576]]}},
{"type":"Feature","properties":{"GCIdentifi":130041,"GCCalculat":515.61653229096146,"Nom":"AX_44","code":"SEINE12","source_doc":null,"date_visit":null},"geometry":{"type":"LineString","coordinates":[[2.562982729591272,49.056654723196765],[2.563018112758658,49.055422839596787],[2.563020163679373,49.055120780512219],[2.563021325732436,49.055000646859526],[2.563022457458543,49.054875990265188],[2.563023546781964,49.054740120869297],[2.563024660372262,49.054614367191888],[2.562993387577532,49.054498764208354],[2.562753099220328,49.054257820824574],[2.563387264373152,49.053955632527696],[2.563801199291806,49.053683087298509],[2.564117780866812,49.053426453393982],[2.564495342915975,49.053056276696587],[2.564845591989516,49.052689506535842],[2.564770141294764,49.052624546908199]]}},
{"type":"Feature","properties":{"GCIdentifi":130042,"GCCalculat":405.6556062757378,"Nom":"AX_45","code":"SEINE12","source_doc":null,"date_visit":null},"geometry":{"type":"LineString","coordinates":[[2.553642516872776,49.051690526702465],[2.553643150989579,49.05145136730593],[2.553659243383399,49.051223379057504],[2.55372331966826,49.051027885276689],[2.553937372346046,49.050755727452568],[2.554448575524784,49.050461697772747],[2.55512584766435,49.050242579630655],[2.555875900601009,49.049878447324637],[2.556418627165372,49.049376618712131],[2.556493283157537,49.049257457115267],[2.556492408397633,49.049062063409615],[2.556459150426767,49.048884713421728]]}},
{"type":"Feature","properties":{"GCIdentifi":130043,"GCCalculat":758.80684814206597,"Nom":"AX_46","code":"SEINE12","source_doc":null,"date_visit":"2006-11-22"},"geometry":{"type":"LineString","coordinates":[[2.563315306358685,49.045315235643294],[2.562798452681402,49.04621905095479],[2.562203285162084,49.046817586635179],[2.561609134892607,49.04726004397228],[2.560641707700752,49.047516820662594],[2.559211505802553,49.047803696131808],[2.558257504092635,49.048012154206305],[2.557318746131156,49.048190259773243],[2.556543646441427,49.048289421283329],[2.556007158026615,49.048271371347035],[2.555499501720369,49.048202721241125],[2.555080503154163,49.048095714879246],[2.555172571130586,49.048055116411]]}},
{"type":"Feature","properties":{"GCIdentifi":130044,"GCCalculat":328.76554913897053,"Nom":"AX_47","code":"SEINE12","source_doc":null,"date_visit":null},"geometry":{"type":"LineString","coordinates":[[2.555265690341626,49.044376390766089],[2.554983957632368,49.045564932255893],[2.554482274628967,49.046464182512722],[2.55360837953153,49.047014929568483],[2.55360837953153,49.047014929568483]]}},
{"type":"Feature","properties":{"GCIdentifi":130048,"GCCalculat":220.85480018966015,"Nom":"AX_48","code":"SEINE12","source_doc":null,"date_visit":"2010-10-25"},"geometry":{"type":"LineString","coordinates":[[2.538530242554902,49.053410262927791],[2.540116415388892,49.05317278662077],[2.541415181388481,49.052838107162799],[2.541415181388481,49.052838107162799]]}},
{"type":"Feature","properties":{"GCIdentifi":130047,"GCCalculat":716.69138786212784,"Nom":"AX_49","code":"SEINE12","source_doc":null,"date_visit":"2010-10-25"},"geometry":{"type":"LineString","coordinates":[[2.541008264068134,49.054088109494913],[2.54101332602129,49.053515761640298],[2.541415181388481,49.052838107162799],[2.5424433522668,49.05194691076909],[2.544264055394815,49.051025120996904],[2.545369512373815,49.05081353500659],[2.546165484681773,49.050466550462374]]}},
{"type":"Feature","properties":{"GCIdentifi":130049,"GCCalculat":490.26753832944092,"Nom":"AX_50","code":"SEINE12","source_doc":null,"date_visit":"2010-10-25"},"geometry":{"type":"LineString","coordinates":[[2.544361323797682,49.060377422656572],[2.546231408696682,49.059302228319368],[2.547281268741846,49.058762436028267],[2.548082877885501,49.058380862343455],[2.549396548987147,49.057662227822121],[2.549396548987147,49.057662227822121]]}},
{"type":"Feature","properties":{"GCIdentifi":130050,"GCCalculat":508.02012010558195,"Nom":"AX_51","code":"SEINE12","source_doc":null,"date_visit":"2010-10-25"},"geometry":{"type":"LineString","coordinates":[[2.557390612432012,49.057807575290965],[2.555476994759593,49.058198616494984],[2.553495468836942,49.058696447506819],[2.552308156385393,49.059526248156779],[2.551900972862066,49.060192881736697],[2.551900972862066,49.060192881736697]]}},
{"type":"Feature","properties":{"GCIdentifi":130052,"GCCalculat":802.67002098794853,"Nom":"AX_52","code":"SEINE12","source_doc":null,"date_visit":null},"geometry":{"type":"LineString","coordinates":[[2.568389228181834,49.065924527742951],[2.567047746813559,49.065549932014186],[2.565785433707422,49.064931503384059],[2.564306122265971,49.064673943571322],[2.562429611924305,49.064632732284778],[2.56054144691432,49.064654399265024],[2.558708107473517,49.064711844678079],[2.557914115307382,49.064849249190587],[2.557914115307382,49.064849249190587]]}},
{"type":"Feature","properties":{"GCIdentifi":130053,"GCCalculat":288.34131556796763,"Nom":"AX_53","code":"SEINE12","source_doc":null,"date_visit":null},"geometry":{"type":"LineString","coordinates":[[2.56321581857615,49.062796404131667],[2.561837653591831,49.063725480344566],[2.560335991263601,49.064564963550062],[2.560335991263601,49.064564963550062]]}},
{"type":"Feature","properties":{"GCIdentifi":130054,"GCCalculat":296.51257893998422,"Nom":"AX_54","code":"SEINE12","source_doc":null,"date_visit":null},"geometry":{"type":"LineString","coordinates":[[2.560927672943129,49.06201824740026],[2.561123498800751,49.0629992471723],[2.560647088427639,49.063826622768566],[2.560117126651855,49.064538437593626],[2.560117126651855,49.064538437593626]]}},
{"type":"Feature","properties":{"GCIdentifi":130055,"GCCalculat":266.71616137853215,"Nom":"AX_55","code":"SEINE12","source_doc":null,"date_visit":null},"geometry":{"type":"LineString","coordinates":[[2.553440903640673,49.065363078933444],[2.554002123614002,49.065135194009805],[2.55483552579237,49.064629440451235],[2.555582489728882,49.063513001664703],[2.555582489728882,49.063513001664703]]}},
{"type":"Feature","properties":{"GCIdentifi":130056,"GCCalculat":214.77142047568071,"Nom":"AX_56","code":"SEINE12","source_doc":null,"date_visit":null},"geometry":{"type":"LineString","coordinates":[[2.554447611478297,49.066960143897894],[2.554581310019802,49.065888671169596],[2.554685231860723,49.065035079279767],[2.554685231860723,49.065035079279767],[2.554685231860723,49.065035079279767]]}},
{"type":"Feature","properties":{"GCIdentifi":130059,"GCCalculat":959.31869866354577,"Nom":"AX_57","code":"SEINE12","source_doc":null,"date_visit":"2010-10-25"},"geometry":{"type":"LineString","coordinates":[[2.538273572054111,49.067591530760744],[2.539859123634373,49.067093552627462],[2.542745494973807,49.066684167958798],[2.545304100125835,49.066365152553217],[2.547901823012778,49.066010074651828],[2.547901823012778,49.066010074651828]]}},
{"type":"Feature","properties":{"GCIdentifi":130060,"GCCalculat":344.94538212352842,"Nom":"AX_58","code":"SEINE12","source_doc":null,"date_visit":"2010-10-25"},"geometry":{"type":"LineString","coordinates":[[2.540622869519528,49.068109691773188],[2.541893373403708,49.067270294565283],[2.542614382998579,49.067001180172696],[2.545304100125835,49.066365152553217]]}},
{"type":"Feature","properties":{"GCIdentifi":130061,"GCCalculat":112.24671766369929,"Nom":"AX_59","code":"SEINE12","source_doc":null,"date_visit":null},"geometry":{"type":"LineString","coordinates":[[2.557631136246039,49.067299908950176],[2.558077166856252,49.066920639632684],[2.558620551187829,49.066528841214001],[2.558620551187829,49.066528841214001]]}},
{"type":"Feature","properties":{"GCIdentifi":130068,"GCCalculat":337.59019372160293,"Nom":"AX_60","code":"SEINE12","source_doc":null,"date_visit":null},"geometry":{"type":"LineString","coordinates":[[2.579406981201261,49.071621709967481],[2.578725774801241,49.072118326890006],[2.577467779062534,49.072452225851762],[2.576791061382029,49.072467126539507],[2.57645095091069,49.072467834630821],[2.576079938645921,49.072441664999701],[2.575896899752086,49.072403857272349],[2.575739268906209,49.07232334829051],[2.575382825542969,49.072127575805546]]}},
{"type":"Feature","properties":{"GCIdentifi":130069,"GCCalculat":246.66589291302341,"Nom":"AX_61","code":"SEINE12","source_doc":null,"date_visit":null},"geometry":{"type":"LineString","coordinates":[[2.577775690700945,49.071104129077511],[2.577313719078744,49.07169797841248],[2.576053401169343,49.072254197006309],[2.575803946882059,49.072271551623849],[2.575646605417744,49.07224942550949],[2.575514758299957,49.072195793011517],[2.575307373735292,49.072076084475547]]}},
{"type":"Feature","properties":{"GCIdentifi":130070,"GCCalculat":340.77039221321718,"Nom":"AX_62","code":"SEINE12","source_doc":null,"date_visit":null},"geometry":{"type":"LineString","coordinates":[[2.584204180078538,49.072952198464243],[2.582976926541408,49.073619576432904],[2.582184515387575,49.074097366508148],[2.581461830202909,49.074155059184946],[2.581281313355797,49.074286812366459],[2.581034460261064,49.074482713208369],[2.580637718964844,49.074787867865155]]}},
{"type":"Feature","properties":{"GCIdentifi":130071,"GCCalculat":624.0864454487488,"Nom":"AX_63","code":"SEINE12","source_doc":null,"date_visit":null},"geometry":{"type":"LineString","coordinates":[[2.590331109446332,49.079907405806047],[2.588412402633196,49.079416445729159],[2.586931780386855,49.079015445893667],[2.586271666075112,49.078611526999445],[2.585039802383414,49.07838062375928],[2.583709064995543,49.077862474550933],[2.582585237634814,49.077694212943882],[2.582585237634814,49.077694212943882]]}},
{"type":"Feature","properties":{"GCIdentifi":130073,"GCCalculat":915.14890325725173,"Nom":"AX_64","code":"SEINE12","source_doc":null,"date_visit":null},"geometry":{"type":"LineString","coordinates":[[2.59392388251186,49.083801422339157],[2.593236285763673,49.083066360081766],[2.591796190667481,49.082592333024003],[2.589658564535115,49.082102988675302],[2.587164763570338,49.081821011542637],[2.585902425877193,49.081328560401651],[2.58433903892514,49.080783974657592],[2.582858655370623,49.080435705849474],[2.582858655370623,49.080435705849474]]}},
{"type":"Feature","properties":{"GCIdentifi":130074,"GCCalculat":382.91984050270457,"Nom":"AX_65","code":"SEINE12","source_doc":null,"date_visit":null},"geometry":{"type":"LineString","coordinates":[[2.590861981478851,49.084430320834578],[2.589993442603234,49.083405909942556],[2.589194406907615,49.082599195866422],[2.587452679389617,49.08196410962163],[2.587452679389617,49.08196410962163]]}},
{"type":"Feature","properties":{"GCIdentifi":130075,"GCCalculat":963.00520764566454,"Nom":"AX_66","code":"SEINE12","source_doc":null,"date_visit":null},"geometry":{"type":"LineString","coordinates":[[2.586245965546737,49.089457451780611],[2.58713931501089,49.087602760568593],[2.587353937334544,49.086775858100552],[2.587090124360624,49.085993788836291],[2.586044979579426,49.084854076646053],[2.584875929766088,49.083885338559519],[2.583900988943613,49.083438286225395],[2.582597000842549,49.082820127661819],[2.581733644389965,49.082461542617082],[2.581733644389965,49.082461542617082]]}},
{"type":"Feature","properties":{"GCIdentifi":130076,"GCCalculat":523.15442902507323,"Nom":"AX_67","code":"SEINE12","source_doc":null,"date_visit":"2007-12-18"},"geometry":{"type":"LineString","coordinates":[[2.521930296202077,49.074265343887824],[2.521437762991837,49.072807516933111],[2.521250943281032,49.071289698380291],[2.521552775494225,49.070650277802251],[2.522217561914991,49.069729586298237]]}},
{"type":"Feature","properties":{"GCIdentifi":130077,"GCCalculat":535.89742964530615,"Nom":"AX_68","code":"SEINE12","source_doc":null,"date_visit":"2007-12-18"},"geometry":{"type":"LineString","coordinates":[[2.527444812922917,49.069122524810943],[2.526075540810102,49.068584695950285],[2.525008357658898,49.06792732432119],[2.523635740246025,49.066931322373208],[2.522264270918868,49.065774726865826]]}},
{"type":"Feature","properties":{"GCIdentifi":130080,"GCCalculat":547.00873815028126,"Nom":"AX_69","code":"SEINE12","source_doc":null,"date_visit":"2012-02-10"},"geometry":{"type":"LineString","coordinates":[[2.518754566800594,49.069280791878285],[2.520265120637811,49.068106450967683],[2.520959135939396,49.067380459205161],[2.521497918994178,49.066551223742415],[2.521807762263979,49.065714825282022]]}},
{"type":"Feature","properties":{"GCIdentifi":130081,"GCCalculat":441.75249146891696,"Nom":"AX_70","code":"SEINE12","source_doc":null,"date_visit":null},"geometry":{"type":"LineString","coordinates":[[2.514779722262793,49.07299769763641],[2.517270778397448,49.072295381385281],[2.518728594327941,49.07181359740548],[2.520124216031508,49.071171344488754]]}},
{"type":"Feature","properties":{"GCIdentifi":130083,"GCCalculat":483.45436052451112,"Nom":"AX_71","code":"SEINE12","source_doc":null,"date_visit":"2007-12-18"},"geometry":{"type":"LineString","coordinates":[[2.518189221684145,49.073871564164449],[2.518701472994498,49.072811884934943],[2.519458433960591,49.071831524734172],[2.520247002036098,49.071091432063923],[2.521672767871649,49.070289653722604]]}},
{"type":"Feature","properties":{"GCIdentifi":130091,"GCCalculat":796.93448756815644,"Nom":"AX_72","code":"SEINE12","source_doc":null,"date_visit":"2010-10-25"},"geometry":{"type":"LineString","coordinates":[[2.524398627865008,49.060479412162493],[2.528173865537624,49.057455749230904],[2.528671277763562,49.056621753255868],[2.528698217624793,49.056079345048708],[2.52851034244901,49.055660835602438],[2.527899552480631,49.05499598229563],[2.527658710960224,49.054123909740795],[2.527405166875863,49.053179861181967],[2.52779727609768,49.05229055669988],[2.528878089840374,49.050916025309313],[2.528650881770024,49.049595936825305],[2.528462577810887,49.048685187057892],[2.528290170468776,49.047315945250013],[2.528161172280844,49.046208838505869],[2.527029312611622,49.043716996172392],[2.527026260119583,49.042918628462019],[2.527022571267421,49.041957433767436],[2.525816590999603,49.040456942217446],[2.523818386524642,49.039204017437086]]}},
{"type":"Feature","properties":{"GCIdentifi":130092,"GCCalculat":267.59893337184315,"Nom":"AX_73","code":"SEINE12","source_doc":null,"date_visit":"2010-10-25"},"geometry":{"type":"LineString","coordinates":[[2.523549289171993,49.054872104557063],[2.524726019514913,49.05465404968502],[2.525903011195859,49.05440629367547],[2.526754286762491,49.053954696146754],[2.527405166875863,49.053179861181967]]}},
{"type":"Feature","properties":{"GCIdentifi":130093,"GCCalculat":499.69824211125547,"Nom":"AX_74","code":"SEINE12","source_doc":null,"date_visit":"2010-10-21"},"geometry":{"type":"LineString","coordinates":[[2.532399567051463,49.053186438057836],[2.531754791640024,49.05262426396461],[2.530836115917869,49.051849252445493],[2.530005116788314,49.051593858070753],[2.529312700949669,49.051348127519262],[2.528876986716098,49.051213872376088]]}},
{"type":"Feature","properties":{"GCIdentifi":130094,"GCCalculat":755.9034402972502,"Nom":"AX_75","code":"SEINE12","source_doc":null,"date_visit":"2010-10-25"},"geometry":{"type":"LineString","coordinates":[[2.535655822842986,49.049799599784421],[2.535063284158426,49.04858679331911],[2.534020117045709,49.047877824242747],[2.532608702140839,49.047341260149715],[2.530978861722558,49.046866804830621],[2.529363419676693,49.046491266081411],[2.528161172280844,49.046208838505869]]}},
{"type":"Feature","properties":{"GCIdentifi":130095,"GCCalculat":963.1475735367585,"Nom":"AX_76","code":"SEINE12","source_doc":null,"date_visit":"2010-10-25"},"geometry":{"type":"LineString","coordinates":[[2.517012372456735,49.053316691034695],[2.518488649893918,49.052461469859324],[2.520603049057681,49.051449498441563],[2.521444189682574,49.051156205483338],[2.522169043695965,49.050832771349917],[2.523359541352916,49.050323289591702],[2.524884623971409,49.04966589247546],[2.525974436875503,49.049273625359007],[2.527488985944821,49.048933769173473],[2.528462577810887,49.048685187057892]]}},
{"type":"Feature","properties":{"GCIdentifi":130096,"GCCalculat":381.30356979934373,"Nom":"AX_77","code":"SEINE12","source_doc":null,"date_visit":"2008-02-20"},"geometry":{"type":"LineString","coordinates":[[2.523206588530535,49.045992606261116],[2.523836332027452,49.045387475034474],[2.52531543980861,49.044447464266547],[2.526504170311557,49.043963784377567],[2.527029312611622,49.043716996172392]]}},
{"type":"Feature","properties":{"GCIdentifi":130097,"GCCalculat":648.63711350612891,"Nom":"AX_78","code":"SEINE12","source_doc":null,"date_visit":"2010-10-25"},"geometry":{"type":"LineString","coordinates":[[2.533903836651646,49.046125200480802],[2.53328576457307,49.045342502675666],[2.532450025493198,49.044795950657452],[2.531626822252306,49.044393121268818],[2.530037755828434,49.043828748541344],[2.528532783490706,49.043444232865497],[2.527992465479199,49.043249092685045],[2.527026260119583,49.042918628462019]]}},
{"type":"Feature","properties":{"GCIdentifi":130099,"GCCalculat":285.48597475262733,"Nom":"AX_79","code":"SEINE12","source_doc":null,"date_visit":"2007-12-18"},"geometry":{"type":"LineString","coordinates":[[2.516816522092362,49.064404516324082],[2.51803504199675,49.063504302740959],[2.518721734874823,49.062978832071998],[2.519031789677691,49.062715566303062],[2.519186090519157,49.062394201927347]]}},
{"type":"Feature","properties":{"GCIdentifi":130100,"GCCalculat":653.00798291185208,"Nom":"AX_80","code":"SEINE12","source_doc":null,"date_visit":null},"geometry":{"type":"LineString","coordinates":[[2.511053465690892,49.063668932198617],[2.510806191605161,49.062837259452827],[2.510693035632123,49.062238934708681],[2.511112792474651,49.061582543796234],[2.511864669754159,49.061114275613996],[2.512777716774197,49.060322380632023],[2.513457733333629,49.059350051938189],[2.513703887992137,49.058899405317753],[2.513832636513272,49.058587024725483],[2.513876473964571,49.058426385791869]]}},
{"type":"Feature","properties":{"GCIdentifi":130105,"GCCalculat":296.45152694638932,"Nom":"AX_83","code":"SEINE12","source_doc":null,"date_visit":"2008-02-20"},"geometry":{"type":"LineString","coordinates":[[2.514750563965349,49.046816749883547],[2.516156088736019,49.046248626462777],[2.516937330850756,49.045938604623508],[2.518004129952573,49.045251978459554]]}},
{"type":"Feature","properties":{"GCIdentifi":130106,"GCCalculat":1039.8419899309799,"Nom":"AX_84","code":"SEINE12","source_doc":null,"date_visit":"2008-02-20"},"geometry":{"type":"LineString","coordinates":[[2.520039072410581,49.048160372681416],[2.519580615289684,49.047521059211014],[2.518282370612059,49.046132995603578],[2.518059089954587,49.045331614538057],[2.517742839173718,49.044330501871812],[2.516989318635401,49.043325597632304],[2.51696237935358,49.042961824259898],[2.516722729057049,49.041416001746327],[2.516710677445624,49.040915207007181],[2.516444927363713,49.040168911709458],[2.516301676037576,49.039755932920578],[2.516035454843029,49.039343114745947]]}},
{"type":"Feature","properties":{"GCIdentifi":130107,"GCCalculat":365.75310745215279,"Nom":"AX_85","code":"SEINE12","source_doc":null,"date_visit":"2008-02-20"},"geometry":{"type":"LineString","coordinates":[[2.513298226709744,49.04480118075363],[2.5140014038013,49.044157813658117],[2.51520343191173,49.043543971526908],[2.516873685438901,49.042527414392488]]}},
{"type":"Feature","properties":{"GCIdentifi":130110,"GCCalculat":294.97658544660601,"Nom":"AX_86","code":"SEINE12","source_doc":null,"date_visit":"2007-12-18"},"geometry":{"type":"LineString","coordinates":[[2.508563082185014,49.069391488318423],[2.507557577862145,49.068713649828013],[2.507009053458538,49.068235007721448],[2.506672193489508,49.067676307443605],[2.506549130336839,49.067176812586887]]}},
{"type":"Feature","properties":{"GCIdentifi":130111,"GCCalculat":231.37548927758087,"Nom":"AX_87","code":"SEINE12","source_doc":null,"date_visit":"2007-12-18"},"geometry":{"type":"LineString","coordinates":[[2.506985103774554,49.070212413583249],[2.506465681594069,49.069254241433576],[2.506309948114156,49.068195613852104]]}},
{"type":"Feature","properties":{"GCIdentifi":130113,"GCCalculat":412.80902188424136,"Nom":"AX_89","code":"SEINE12","source_doc":null,"date_visit":"2008-02-20"},"geometry":{"type":"LineString","coordinates":[[2.502649919960997,49.06325916872207],[2.502828549174004,49.063018616905318],[2.502904564475694,49.062762498364734],[2.502919208913527,49.062537902375418],[2.502882593478774,49.062317868850855],[2.502789023856344,49.061938474141577],[2.50291131689364,49.061210673060891],[2.50303606783182,49.060697332988283],[2.50327843347057,49.05960778833478],[2.50327843347057,49.05960778833478]]}},
{"type":"Feature","properties":{"GCIdentifi":130115,"GCCalculat":399.17755516408954,"Nom":"AX_90","code":"SEINE12","source_doc":null,"date_visit":null},"geometry":{"type":"LineString","coordinates":[[2.502336238815068,49.07113884395465],[2.501727405682544,49.070509787457176],[2.501191985056296,49.069844697114846],[2.500077553190628,49.068764949575559],[2.499589849735731,49.068045874833004]]}},
{"type":"Feature","properties":{"GCIdentifi":130116,"GCCalculat":461.95995879869247,"Nom":"AX_91","code":"SEINE12","source_doc":null,"date_visit":"2008-02-20"},"geometry":{"type":"LineString","coordinates":[[2.497973294796631,49.071234882301582],[2.498051797647777,49.07067446772885],[2.49805833408813,49.070056871413342],[2.498015105909883,49.069371971532313],[2.497791255242197,49.068329133760962],[2.497438679387825,49.067115805570651]]}},
{"type":"Feature","properties":{"GCIdentifi":130117,"GCCalculat":1167.3641892823393,"Nom":"AX_92","code":"SEINE12","source_doc":null,"date_visit":"2008-02-20"},"geometry":{"type":"LineString","coordinates":[[2.492518964323302,49.074260685861418],[2.492357486028681,49.072908975536706],[2.491887289526244,49.072311107655075],[2.491622293249276,49.070635024779243],[2.491643300957875,49.069162900506754],[2.491741038144269,49.067627788666876],[2.491687036016967,49.066750912640281],[2.491580715994688,49.066084056958061],[2.491500387572258,49.064988247463454],[2.491446014033051,49.064543659122279],[2.491418247202617,49.063859861294617]]}},
{"type":"Feature","properties":{"GCIdentifi":130118,"GCCalculat":479.03231357827497,"Nom":"AX_93","code":"SEINE12","source_doc":null,"date_visit":"2008-02-20"},"geometry":{"type":"LineString","coordinates":[[2.488602875791956,49.06855836160711],[2.488733587787119,49.067710414514423],[2.488973139124236,49.066702878438612],[2.488910987082565,49.064267434320314],[2.488910987082565,49.064267434320314]]}},
{"type":"Feature","properties":{"GCIdentifi":130120,"GCCalculat":949.58264988983638,"Nom":"AX_94","code":"SEINE12","source_doc":null,"date_visit":"2008-02-20"},"geometry":{"type":"LineString","coordinates":[[2.485343046716322,49.077388411536013],[2.485180991318875,49.076362321531214],[2.483864725702525,49.075155799995535],[2.48332999238385,49.074662419175091],[2.482582781788877,49.073394521944749],[2.48267419489888,49.072518550819623],[2.481884440384739,49.071300123868689],[2.481387406252185,49.070240756396572],[2.481333240153622,49.069828706929343],[2.481318605393878,49.069495243761502]]}},
{"type":"Feature","properties":{"GCIdentifi":130121,"GCCalculat":2374.9961209521653,"Nom":"AX_95","code":"SEINE12","source_doc":null,"date_visit":"2008-02-20"},"geometry":{"type":"LineString","coordinates":[[2.480833202842267,49.077710803339954],[2.47793074676067,49.075273281139992],[2.477140838132571,49.074578072041582],[2.476565685483178,49.073671474482943],[2.47655510110041,49.07233865038463],[2.475757424060467,49.070071402544038],[2.476264766512732,49.069991053599225],[2.476602919006445,49.069899697359993],[2.477338799607113,49.069661870762907],[2.477421656007377,49.069347362638688],[2.477684237994406,49.06913595127925],[2.478228352600675,49.068765845978618],[2.479985496707031,49.068281962056957],[2.481614109308498,49.068278801776017],[2.482626469120391,49.067927168002072],[2.483049256648732,49.067567317192129],[2.483729841994459,49.067145370408731],[2.484491365857347,49.066355010838414],[2.485315404965403,49.065329890056312],[2.486093099464102,49.064817969985938],[2.486839120378356,49.064571100289619],[2.488509592196174,49.064324118227674],[2.490145529547688,49.063969354299907],[2.490552046269725,49.063904809951879],[2.490989024414056,49.063754891604596],[2.491168125929706,49.063649090011324]]}},
{"type":"Feature","properties":{"GCIdentifi":130123,"GCCalculat":652.68254523585551,"Nom":"AX_96","code":"SEINE12","source_doc":null,"date_visit":"2008-02-20"},"geometry":{"type":"LineString","coordinates":[[2.469086703337548,49.074396723247091],[2.470900780033499,49.074632659386438],[2.47276235736408,49.074729308088479],[2.47416638851352,49.074408741055436],[2.476565907804455,49.072531764916214]]}},
{"type":"Feature","properties":{"GCIdentifi":130124,"GCCalculat":469.34478795806945,"Nom":"AX_97","code":"SEINE12","source_doc":null,"date_visit":"2008-02-20"},"geometry":{"type":"LineString","coordinates":[[2.475769844844649,49.076934390632083],[2.475850190405024,49.076324583028537],[2.475953386959849,49.074728859278302],[2.476552870989143,49.072756345036893]]}},
{"type":"Feature","properties":{"GCIdentifi":130125,"GCCalculat":203.30101523816421,"Nom":"AX_98","code":"SEINE12","source_doc":null,"date_visit":"2008-02-20"},"geometry":{"type":"LineString","coordinates":[[2.482205353693171,49.065351839488173],[2.483231220316804,49.06553804864128],[2.483872537708532,49.065705675660034],[2.484850625236679,49.065913263573542]]}},
{"type":"Feature","properties":{"GCIdentifi":130126,"GCCalculat":203.15554634187021,"Nom":"AX_99","code":"SEINE12","source_doc":null,"date_visit":"2008-02-20"},"geometry":{"type":"LineString","coordinates":[[2.483607702839802,49.063989128345618],[2.484030989087334,49.064393952745952],[2.484389497545878,49.064851620219564],[2.485266178424999,49.065436634846698]]}},
{"type":"Feature","properties":{"GCIdentifi":130127,"GCCalculat":219.13669623484452,"Nom":"AX_100","code":"SEINE12","source_doc":null,"date_visit":"2008-02-20"},"geometry":{"type":"LineString","coordinates":[[2.486312705894453,49.062844799072266],[2.487208036630692,49.063387098113779],[2.487729062156899,49.063898446234269],[2.487763213977617,49.064453116214693]]}},
{"type":"Feature","properties":{"GCIdentifi":130128,"GCCalculat":380.64123422074829,"Nom":"AX_101","code":"SEINE12","source_doc":null,"date_visit":"2008-02-20"},"geometry":{"type":"LineString","coordinates":[[2.470998010543237,49.068886806180281],[2.472575554079636,49.069566538189903],[2.473928423485093,49.069938858341118],[2.475772820545895,49.070078114507467]]}},
{"type":"Feature","properties":{"GCIdentifi":130130,"GCCalculat":573.42457490642562,"Nom":"AX_102","code":"SEINE12","source_doc":null,"date_visit":"2008-02-20"},"geometry":{"type":"LineString","coordinates":[[2.486441621848779,49.060831322391735],[2.487972008773912,49.060069118276751],[2.489296732221597,49.059127535119487],[2.489585006466872,49.058968824725028],[2.490225571682097,49.058912936289374],[2.491113396813838,49.058704019151861],[2.491701990923728,49.058424755662521],[2.492076926081829,49.058115471068319],[2.492331922916434,49.057699657284843]]}},
{"type":"Feature","properties":{"GCIdentifi":130131,"GCCalculat":489.05898956749411,"Nom":"AX_103","code":"SEINE12","source_doc":null,"date_visit":"2008-02-20"},"geometry":{"type":"LineString","coordinates":[[2.483306650129906,49.057530740805205],[2.48544142764533,49.057788496261672],[2.487214434790761,49.058174708275736],[2.488204546916787,49.05844851021039],[2.489571324135569,49.0589688295426]]}},
{"type":"Feature","properties":{"GCIdentifi":130132,"GCCalculat":561.72396300001299,"Nom":"AX_104","code":"SEINE12","source_doc":null,"date_visit":"2008-02-20"},"geometry":{"type":"LineString","coordinates":[[2.487085912615237,49.055799995326204],[2.488543689353922,49.055374750793533],[2.490089952884822,49.054841576632256],[2.490313116682557,49.054635803580354],[2.490689869896654,49.053820088143986],[2.491008575281237,49.053573743239284],[2.491903187104342,49.053376025084191],[2.492310231414388,49.053220866886214]]}},
{"type":"Feature","properties":{"GCIdentifi":130133,"GCCalculat":412.59629153482075,"Nom":"AX_105","code":"SEINE12","source_doc":null,"date_visit":"2008-02-20"},"geometry":{"type":"LineString","coordinates":[[2.486723923969373,49.052495844991626],[2.487497705679325,49.052446537667329],[2.488329563129042,49.052398281985099],[2.488958079830196,49.052349173719719],[2.489817055626133,49.052227884145559],[2.490134402820637,49.052098329397481],[2.490831876678728,49.051690912586245],[2.491267739038697,49.051638664681889]]}},
{"type":"Feature","properties":{"GCIdentifi":130134,"GCCalculat":458.95137335554534,"Nom":"AX_106","code":"SEINE12","source_doc":null,"date_visit":"2008-02-20"},"geometry":{"type":"LineString","coordinates":[[2.485010339527701,49.049616755572593],[2.48565476174689,49.049741687809167],[2.486261420624667,49.049820632954777],[2.4874611856906,49.049989740873926],[2.488503549769862,49.050080441746189],[2.48904329845705,49.050056150012225],[2.49022363478368,49.050020899420133],[2.491209228488737,49.04997802380521]]}},
{"type":"Feature","properties":{"GCIdentifi":130135,"GCCalculat":1083.661942982048,"Nom":"AX_107","code":"SEINE12","source_doc":null,"date_visit":null},"geometry":{"type":"LineString","coordinates":[[2.486663759107362,49.045592475687343],[2.485869809506466,49.04514435366125],[2.484813776182653,49.044436074758742],[2.483403825535879,49.043610305621321],[2.482388534121621,49.042802019142179],[2.4818803994946,49.042515191426936],[2.481877411634748,49.041499000356666],[2.48145175821917,49.040788748763937],[2.480791151474077,49.039746434957998],[2.480434711234472,49.038748656546403],[2.48032164827797,49.038039121339665],[2.480060096105051,49.037372472532766],[2.480060096105051,49.037372472532766]]}},
{"type":"Feature","properties":{"GCIdentifi":130136,"GCCalculat":690.01939573245943,"Nom":"AX_108","code":"SEINE12","source_doc":null,"date_visit":null},"geometry":{"type":"LineString","coordinates":[[2.480503217806914,49.048829728986661],[2.480309422325533,49.047975479214323],[2.480389844336248,49.046841267952722],[2.480850545775935,49.04548426368823],[2.480916534875728,49.044682442014434],[2.481133018086076,49.043945570504668],[2.481853848717333,49.042775732539077],[2.481853848717333,49.042775732539077]]}},
{"type":"Feature","properties":{"GCIdentifi":130137,"GCCalculat":589.12796806956999,"Nom":"AX_109","code":"SEINE12","source_doc":null,"date_visit":null},"geometry":{"type":"LineString","coordinates":[[2.477846167749485,49.047384520126371],[2.476393473591171,49.046532903382257],[2.475419962240152,49.045985019484768],[2.473748432252722,49.045033692047518],[2.47129728395182,49.044424611471236],[2.47129728395182,49.044424611471236]]}},
{"type":"Feature","properties":{"GCIdentifi":130139,"GCCalculat":222.92087985959415,"Nom":"AX_110","code":"SEINE12","source_doc":null,"date_visit":"2007-03-08"},"geometry":{"type":"LineString","coordinates":[[2.47428942624396,49.067632044994291],[2.474177311258073,49.06663393201768],[2.474169394262206,49.065630096681495]]}},
{"type":"Feature","properties":{"GCIdentifi":130140,"GCCalculat":311.56213588670653,"Nom":"AX_111","code":"SEINE12","source_doc":null,"date_visit":"2007-03-08"},"geometry":{"type":"LineString","coordinates":[[2.478339084404205,49.064456111431909],[2.477769695271652,49.063733684729279],[2.477379557601303,49.062950396584561],[2.477069815640742,49.06218384826893],[2.47690990208092,49.061828097656687]]}},
{"type":"Feature","properties":{"GCIdentifi":130141,"GCCalculat":316.85512662034563,"Nom":"AX_112","code":"SEINE12","source_doc":null,"date_visit":"2007-03-08"},"geometry":{"type":"LineString","coordinates":[[2.473254320617688,49.064086105308384],[2.473961506527765,49.063380102143029],[2.474649134730936,49.06301994570039],[2.475692398722547,49.062737991588257],[2.476132783679546,49.062558909873751],[2.47635293014432,49.062464323872192],[2.476496057939063,49.062320433249759]]}},
{"type":"Feature","properties":{"GCIdentifi":130142,"GCCalculat":354.31624613946531,"Nom":"AX_113","code":"SEINE12","source_doc":null,"date_visit":null},"geometry":{"type":"LineString","coordinates":[[2.480908787246973,49.060815936499147],[2.480003881057702,49.060457751114541],[2.479139480955845,49.059936669888494],[2.477976056564738,49.059399141291244],[2.477279224307356,49.058904804899242],[2.477144045312179,49.058835358214822]]}},
{"type":"Feature","properties":{"GCIdentifi":130143,"GCCalculat":353.17441576306828,"Nom":"AX_114","code":"SEINE12","source_doc":null,"date_visit":null},"geometry":{"type":"LineString","coordinates":[[2.481515461303942,49.057920395447475],[2.479490254958239,49.057734295316905],[2.478653782049383,49.057401832453081],[2.477351747557123,49.05676451593326],[2.477245540719676,49.056663580306328]]}},
{"type":"Feature","properties":{"GCIdentifi":130144,"GCCalculat":326.24344187507108,"Nom":"AX_115","code":"SEINE12","source_doc":null,"date_visit":null},"geometry":{"type":"LineString","coordinates":[[2.474840669994353,49.058781990627367],[2.475769600074739,49.057967918044383],[2.476469395108079,49.057101325960268],[2.47702564325606,49.056240533515009]]}},
{"type":"Feature","properties":{"GCIdentifi":130145,"GCCalculat":350.27232512510676,"Nom":"AX_116","code":"SEINE12","source_doc":null,"date_visit":null},"geometry":{"type":"LineString","coordinates":[[2.473850525659262,49.057236981617585],[2.475039149622495,49.056434957478608],[2.475692309677316,49.055391000643553],[2.476127293060954,49.054535975913566],[2.476127293060954,49.054535975913566]]}},
{"type":"Feature","properties":{"GCIdentifi":130146,"GCCalculat":801.84960939446819,"Nom":"AX_117","code":"SEINE12","source_doc":null,"date_visit":null},"geometry":{"type":"LineString","coordinates":[[2.470773358956324,49.05786044059483],[2.470279225134014,49.057098570025545],[2.470205718338547,49.056444034393728],[2.47035843139129,49.05541866921206],[2.470805675591182,49.054651216169219],[2.471950699568484,49.052895946852736],[2.472851520893415,49.051823660083585],[2.473574315386653,49.051256876815316],[2.473574315386653,49.051256876815316]]}},
{"type":"Feature","properties":{"GCIdentifi":130147,"GCCalculat":779.33807981546886,"Nom":"AX_118","code":"SEINE12","source_doc":null,"date_visit":"2010-11-25"},"geometry":{"type":"LineString","coordinates":[[2.482251135738021,49.050701146290223],[2.479060488644417,49.051601339722779],[2.47721285459064,49.051695684916751],[2.475093562244608,49.051443701782212],[2.473574315386653,49.051256876815316]]}},
{"type":"Feature","properties":{"GCIdentifi":130149,"GCCalculat":814.7586583494226,"Nom":"AX_119","code":"SEINE12","source_doc":null,"date_visit":null},"geometry":{"type":"LineString","coordinates":[[2.467261788567925,49.05445654607982],[2.467395194984076,49.053224609962157],[2.467651298663568,49.051865631704388],[2.46822471562392,49.050993630691906],[2.468768404318378,49.049877997087897],[2.469669472430307,49.048896684175268],[2.47026885758963,49.04818521769095],[2.47096462623451,49.04773524957767],[2.47096462623451,49.04773524957767],[2.47096462623451,49.04773524957767]]}},
{"type":"Feature","properties":{"GCIdentifi":130152,"GCCalculat":262.50510450006072,"Nom":"AX_121","code":"SEINE12","source_doc":null,"date_visit":null},"geometry":{"type":"LineString","coordinates":[[2.471172844931329,49.064039162071751],[2.469982511130088,49.063662130029698],[2.469432841348917,49.063239442355133],[2.468501375069208,49.062530854673859],[2.468501375069208,49.062530854673859]]}},
{"type":"Feature","properties":{"GCIdentifi":130153,"GCCalculat":1100.4975364105906,"Nom":"AX_122","code":"SEINE12","source_doc":null,"date_visit":"2007-03-08"},"geometry":{"type":"LineString","coordinates":[[2.461685957893216,49.064201444802706],[2.461770683459435,49.063240173222937],[2.462038182756435,49.062260728677202],[2.463038918165273,49.06002063358963],[2.462355755011326,49.059467798315836],[2.462398121614907,49.057303976384134],[2.462503205034632,49.055621785947153],[2.462432222341949,49.054578712690116],[2.462432222341949,49.054578712690116]]}},
{"type":"Feature","properties":{"GCIdentifi":130154,"GCCalculat":1492.7117722177684,"Nom":"AX_123","code":"SEINE12","source_doc":null,"date_visit":"2007-03-08"},"geometry":{"type":"LineString","coordinates":[[2.45616185220067,49.064406065526775],[2.456118074548802,49.063264139493548],[2.455829469477343,49.062625519806474],[2.454956221113226,49.06187859599671],[2.454535607242948,49.061050340710267],[2.45395415283922,49.06010772407538],[2.453444937116674,49.059372763479317],[2.451585703674143,49.057798102908635],[2.450177435208796,49.056884363771104],[2.449272617126174,49.055698379562394],[2.449202654908343,49.054987664699404],[2.449021113368152,49.05403452299462],[2.44901934150539,49.053252994597464],[2.448949190385522,49.052452476041559],[2.44895067753631,49.052353645134872],[2.44895067753631,49.052353645134872]]}},
{"type":"Feature","properties":{"GCIdentifi":130155,"GCCalculat":442.40442173904324,"Nom":"AX_124","code":"SEINE12","source_doc":null,"date_visit":"2007-03-08"},"geometry":{"type":"LineString","coordinates":[[2.452424614575293,49.062189950919148],[2.452397845325618,49.060971659684569],[2.45234557578654,49.059814043803371],[2.452201961129879,49.059040523474977],[2.452059948868975,49.058223201955684]]}},
{"type":"Feature","properties":{"GCIdentifi":130156,"GCCalculat":1081.8780267848667,"Nom":"AX_125","code":"SEINE12","source_doc":null,"date_visit":"2007-03-08"},"geometry":{"type":"LineString","coordinates":[[2.453070766582997,49.065930727406212],[2.451120148025394,49.064850233015704],[2.450618135801639,49.064276940240795],[2.450261071742946,49.063565395611512],[2.449753217954075,49.062667597328705],[2.449396347968082,49.062021158735874],[2.449310310099403,49.061005043112246],[2.449391233307659,49.059772046993096],[2.449703246467604,49.058728601691961],[2.450029042727395,49.057748015995557],[2.450287248537242,49.057091991140091],[2.450287248537242,49.057091991140091]]}},
{"type":"Feature","properties":{"GCIdentifi":130157,"GCCalculat":1435.9286458170436,"Nom":"AX_126","code":"SEINE12","source_doc":null,"date_visit":"2007-03-08"},"geometry":{"type":"LineString","coordinates":[[2.449883425824712,49.068047147980984],[2.448653766920647,49.067632896003921],[2.44743367584346,49.06692215716506],[2.446194574149004,49.066078942314626],[2.444912964477417,49.064524994716962],[2.444842363707421,49.063499876657787],[2.444400368292827,49.062195493883088],[2.442986485610454,49.060255369427118],[2.441617987826181,49.05951890718854],[2.44053505695942,49.058871976641093],[2.439164346773079,49.057858124408234],[2.439164346773079,49.057858124408234]]}},
{"type":"Feature","properties":{"GCIdentifi":130162,"GCCalculat":648.20912212260509,"Nom":"AX_127","code":"SEINE12","source_doc":null,"date_visit":"2010-10-28"},"geometry":{"type":"LineString","coordinates":[[2.441095192575338,49.074482207162411],[2.440742968973865,49.073840132679265],[2.440111680323465,49.072910257188958],[2.439895560720573,49.071544124076873],[2.440345277639565,49.070014862791574]]}},
{"type":"Feature","properties":{"GCIdentifi":130164,"GCCalculat":346.64008929598009,"Nom":"AX_128","code":"SEINE12","source_doc":null,"date_visit":null},"geometry":{"type":"LineString","coordinates":[[2.433653430933596,49.073230554030651],[2.434334767690967,49.072043091936685],[2.435345058562898,49.071304513657267],[2.436069987134286,49.070594224247742],[2.436069987134286,49.070594224247742]]}},
{"type":"Feature","properties":{"GCIdentifi":130166,"GCCalculat":301.94355613845181,"Nom":"AX_129","code":"SEINE12","source_doc":null,"date_visit":"2010-10-28"},"geometry":{"type":"LineString","coordinates":[[2.427344958800912,49.071309541298795],[2.428842169804989,49.070770828427655],[2.430278644949632,49.070429939801429],[2.430862120324945,49.070363882341205],[2.431997601351544,49.070388253659047]]}},
{"type":"Feature","properties":{"GCIdentifi":130168,"GCCalculat":583.9978696055781,"Nom":"AX_130","code":"SEINE12","source_doc":null,"date_visit":null},"geometry":{"type":"LineString","coordinates":[[2.434376564109707,49.06550456460193],[2.434908527415501,49.064038778083052],[2.435630884305641,49.062942218006683],[2.436176382906813,49.062302851737627],[2.437365445473183,49.061348478758788],[2.438159464075685,49.061087289051805],[2.438159464075685,49.061087289051805]]}},
{"type":"Feature","properties":{"GCIdentifi":130169,"GCCalculat":520.42387005757359,"Nom":"AX_131","code":"SEINE12","source_doc":null,"date_visit":null},"geometry":{"type":"LineString","coordinates":[[2.431658165357383,49.06126239052842],[2.433601093764877,49.060452301655701],[2.43533832779376,49.060190312710823],[2.438376395297518,49.060213507320775],[2.438376395297518,49.060213507320775]]}},
{"type":"Feature","properties":{"GCIdentifi":130171,"GCCalculat":643.4597712075215,"Nom":"AX_132","code":"SEINE12","source_doc":null,"date_visit":null},"geometry":{"type":"LineString","coordinates":[[2.431077742611327,49.057935793259851],[2.434278515360579,49.057367180029338],[2.436371140864898,49.057176750648154],[2.437862521883237,49.057075512906749],[2.439738424030206,49.057030063832762],[2.439738424030206,49.057030063832762]]}},
{"type":"Feature","properties":{"GCIdentifi":130173,"GCCalculat":921.14393699872687,"Nom":"AX_133","code":"SEINE12","source_doc":null,"date_visit":null},"geometry":{"type":"LineString","coordinates":[[2.434842432743124,49.051359322315285],[2.435895480154257,49.051717748543361],[2.436868028118675,49.051950460319077],[2.437990505180074,49.051976424806497],[2.440001385646234,49.052037518031163],[2.441779816663209,49.052037027867058],[2.44372248999765,49.052134059677549],[2.444695026930526,49.052348733156208],[2.44665183737539,49.052653430196287],[2.447007647137315,49.052867571404668],[2.447007647137315,49.052867571404668]]}},
{"type":"Feature","properties":{"GCIdentifi":130176,"GCCalculat":387.30717034035041,"Nom":"AX_134","code":"SEINE12","source_doc":null,"date_visit":null},"geometry":{"type":"LineString","coordinates":[[2.439599395041259,49.049313777685242],[2.440612394028685,49.050121360461731],[2.442353342640527,49.051802955419355],[2.442820309865745,49.05206302481259],[2.442820309865745,49.05206302481259]]}},
{"type":"Feature","properties":{"GCIdentifi":130177,"GCCalculat":1611.1102684650787,"Nom":"AX_135","code":"SEINE12","source_doc":null,"date_visit":null},"geometry":{"type":"LineString","coordinates":[[2.438827314271292,49.046859871975194],[2.440124915172182,49.046553289519508],[2.441672304140526,49.046435109502369],[2.444640260734349,49.046027015614058],[2.447526360009701,49.045691881424368],[2.448933716185024,49.045617545395743],[2.45056223168112,49.04589553402986],[2.4525741411318,49.046486410807397],[2.453451254098564,49.046819020394857],[2.455174371768093,49.046627481214401],[2.455856984076213,49.04634831269972],[2.458824114584669,49.045652378110219],[2.459863670164693,49.045363815294465],[2.459863670164693,49.045363815294465]]}},
{"type":"Feature","properties":{"GCIdentifi":130179,"GCCalculat":511.85564211346309,"Nom":"AX_136","code":"SEINE12","source_doc":null,"date_visit":null},"geometry":{"type":"LineString","coordinates":[[2.444863917201757,49.049111339844139],[2.445903453648445,49.047968395957589],[2.446762075517377,49.046896336827814],[2.447962990372303,49.046167570216099],[2.449289238487662,49.045708141202368],[2.449289238487662,49.045708141202368]]}},
{"type":"Feature","properties":{"GCIdentifi":130181,"GCCalculat":301.70090285986868,"Nom":"AX_137","code":"SEINE12","source_doc":null,"date_visit":null},"geometry":{"type":"LineString","coordinates":[[2.45096743116017,49.049006617259607],[2.451607429208099,49.048007753052289],[2.452507222163956,49.047080466001233],[2.453191564771419,49.046801302564916],[2.453191564771419,49.046801302564916]]}},
{"type":"Feature","properties":{"GCIdentifi":130182,"GCCalculat":368.53586434152498,"Nom":"AX_138","code":"SEINE12","source_doc":null,"date_visit":null},"geometry":{"type":"LineString","coordinates":[[2.45485363197442,49.043921692843504],[2.456510004210619,49.044424146445607],[2.457879020048399,49.044755073603511],[2.459575955126216,49.04505868686843],[2.459575955126216,49.04505868686843]]}},
{"type":"Feature","properties":{"GCIdentifi":130183,"GCCalculat":668.30158254076059,"Nom":"AX_139","code":"SEINE12","source_doc":null,"date_visit":null},"geometry":{"type":"LineString","coordinates":[[2.45508684474967,49.038588912322609],[2.455309492594963,49.039559959207494],[2.455556938851144,49.040890315913614],[2.455848873098299,49.042265534528781],[2.456180180803603,49.043659802728229],[2.45679702650034,49.044449659841604],[2.45679702650034,49.044449659841604]]}},
{"type":"Feature","properties":{"GCIdentifi":130185,"GCCalculat":507.00189481967323,"Nom":"AX_140","code":"SEINE12","source_doc":null,"date_visit":null},"geometry":{"type":"LineString","coordinates":[[2.459522433664825,49.04000470349682],[2.459702589470808,49.041020688524682],[2.459746156510001,49.04206379788112],[2.459708372758243,49.043349536246659],[2.459602023275667,49.044554487541816],[2.459602023275667,49.044554487541816]]}},
{"type":"Feature","properties":{"GCIdentifi":130186,"GCCalculat":321.89276551554514,"Nom":"AX_141","code":"SEINE12","source_doc":null,"date_visit":null},"geometry":{"type":"LineString","coordinates":[[2.462702364752036,49.042564768109571],[2.461267779574849,49.043320905855595],[2.460395661375031,49.044294270607949],[2.459862113502305,49.044726025895542],[2.459862113502305,49.044726025895542]]}},
{"type":"Feature","properties":{"GCIdentifi":130194,"GCCalculat":1110.2781121717212,"Nom":"AX_142","code":"SEINE12","source_doc":null,"date_visit":"2007-02-15"},"geometry":{"type":"LineString","coordinates":[[2.489033825241922,49.019183788804803],[2.488349791742391,49.018815250014001],[2.487406888381739,49.018646943118078],[2.486342977021111,49.018548410936162],[2.485416062459964,49.018588907196744],[2.484474074779762,49.018730492149132],[2.483259372955303,49.019021746820741],[2.482633573461695,49.019278553135166],[2.48233339390505,49.019373267251403],[2.482089194279518,49.019353357722352],[2.481282813049926,49.019164613189929],[2.47890988224221,49.018627474775855],[2.477553301927681,49.018270942628398],[2.475923493496928,49.017866461763717],[2.474789342769542,49.017672429215864]]}},
{"type":"Feature","properties":{"GCIdentifi":130195,"GCCalculat":274.62593348932825,"Nom":"AX_143","code":"SEINE12","source_doc":null,"date_visit":"2007-02-15"},"geometry":{"type":"LineString","coordinates":[[2.486713187589763,49.016772642213951],[2.486712849936311,49.017221794330133],[2.486430704805573,49.017637639395211],[2.485914743685134,49.018078478671896],[2.485140813790806,49.018459005875968],[2.484852651131594,49.018579522102286],[2.484701046050044,49.018689770436488]]}},
{"type":"Feature","properties":{"GCIdentifi":130196,"GCCalculat":396.75109338653505,"Nom":"AX_144","code":"SEINE12","source_doc":null,"date_visit":"2009-06-05"},"geometry":{"type":"LineString","coordinates":[[2.497680302029583,48.995788038329529],[2.497881159244648,48.996691672081532],[2.498222335171098,48.997176269458571],[2.498562956222218,48.997492456998046],[2.498962086610543,48.997948905577132],[2.499645148452921,48.998610435170797],[2.500298367632645,48.999010369766893],[2.501163620434264,48.999531273023806]]}},
{"type":"Feature","properties":{"GCIdentifi":130197,"GCCalculat":220.29796102800594,"Nom":"AX_145","code":"SEINE12","source_doc":null,"date_visit":"2009-06-05"},"geometry":{"type":"LineString","coordinates":[[2.495927493871639,48.99730075290875],[2.49693265301201,48.997308342970776],[2.497642726236337,48.997363508458086],[2.498038832873833,48.997419074364998],[2.498562956222218,48.997492456998046]]}},
{"type":"Feature","properties":{"GCIdentifi":130198,"GCCalculat":268.7731528191801,"Nom":"AX_146","code":"SEINE12","source_doc":null,"date_visit":null},"geometry":{"type":"LineString","coordinates":[[2.499888849491995,48.9953930260859],[2.500812014173437,48.995894770029544],[2.501451753729844,48.996360979075845],[2.501707148731299,48.996696343876103],[2.502034435315501,48.997096741365908],[2.503171503340103,48.997766572810171]]}},
{"type":"Feature","properties":{"GCIdentifi":130199,"GCCalculat":315.34078418555725,"Nom":"AX_147","code":"SEINE12","source_doc":null,"date_visit":"2009-06-05"},"geometry":{"type":"LineString","coordinates":[[2.500572844152547,48.996855179023598],[2.500723617158993,48.997546651851366],[2.501244456267499,48.998169100739354],[2.502157717745555,48.998759553680344],[2.502157717745555,48.998759553680344]]}},
{"type":"Feature","properties":{"GCIdentifi":130200,"GCCalculat":304.2232060715819,"Nom":"AX_148","code":"SEINE12","source_doc":null,"date_visit":"2009-06-05"},"geometry":{"type":"LineString","coordinates":[[2.503563728698253,48.996674562271821],[2.503748707662887,48.996870809317883],[2.50406149024744,48.997018576682059],[2.504401646648684,48.997186499914612],[2.504701222637463,48.997465659241918]]}},
{"type":"Feature","properties":{"GCIdentifi":130201,"GCCalculat":1509.1557220580166,"Nom":"AX_149","code":"SEINE12","source_doc":null,"date_visit":"2009-06-05"},"geometry":{"type":"LineString","coordinates":[[2.490544496574118,48.992469991126242],[2.488715511214101,48.992301591744265],[2.487312912892724,48.992215288019814],[2.486091788636981,48.992290383250634],[2.484747349818921,48.99248538811262],[2.482915708519978,48.992597987369244],[2.481264577731501,48.992952251184235],[2.478454149653994,48.993301450003763]]}},
{"type":"Feature","properties":{"GCIdentifi":130204,"GCCalculat":316.59653673302887,"Nom":"AX_150","code":"SEINE12","source_doc":null,"date_visit":"2009-03-03"},"geometry":{"type":"LineString","coordinates":[[2.48654855486242,48.99546456536445],[2.485302365190499,48.994443659669273],[2.483517834362132,48.993403653303204],[2.482238606930379,48.99275532788991]]}},
{"type":"Feature","properties":{"GCIdentifi":130206,"GCCalculat":2704.3692632382631,"Nom":"AX_151","code":"SEINE12","source_doc":null,"date_visit":"2009-06-05"},"geometry":{"type":"LineString","coordinates":[[2.495442625352275,48.988692311768091],[2.494936789723208,48.988432509178082],[2.493021352502442,48.987554793918491],[2.491475424537063,48.986962878938762],[2.490380753175322,48.986631974907077],[2.488683843489579,48.986301858729824],[2.486447198962982,48.985858030262079],[2.484981344747748,48.98566101937535],[2.482649149412667,48.985583290901971],[2.481215273923982,48.985602583464804],[2.480206743178484,48.985778604428759],[2.479277690573346,48.985902113954872],[2.478242701724259,48.986130590736089],[2.477499783292907,48.986341222211045]]}},
{"type":"Feature","properties":{"GCIdentifi":130209,"GCCalculat":680.60993431815405,"Nom":"AX_152","code":"SEINE12","source_doc":null,"date_visit":"2009-03-03"},"geometry":{"type":"LineString","coordinates":[[2.481680704385812,48.990408073402698],[2.479881252304215,48.989621193840506],[2.478867974917355,48.989101430140096],[2.478006120730632,48.988436631968845],[2.477213051427891,48.987943538406],[2.476527019701835,48.987278514537365],[2.474552913108467,48.986589480601388],[2.472666839182726,48.986329564081288]]}},
{"type":"Feature","properties":{"GCIdentifi":130210,"GCCalculat":812.30967133961485,"Nom":"AX_153","code":"SEINE12","source_doc":null,"date_visit":"2009-03-03"},"geometry":{"type":"LineString","coordinates":[[2.476923105476132,48.980700655380133],[2.474688571779097,48.979978820296154],[2.473339643534362,48.979929400525371],[2.470984090269038,48.980299566751029],[2.470116506582715,48.9805250884896],[2.469791183389009,48.98061731575185]]}},
{"type":"Feature","properties":{"GCIdentifi":130227,"GCCalculat":1121.7389787022014,"Nom":"AX_154","code":"SEINE12","source_doc":null,"date_visit":"2009-01-19"},"geometry":{"type":"LineString","coordinates":[[2.418392500564047,49.065868471748665],[2.41874642290907,49.064941854175331],[2.418813542676183,49.064205209563177],[2.418675203367196,49.0632070715561],[2.418127294390338,49.062541603822773],[2.417331386759325,49.061714590203003],[2.416687510500336,49.060860533191509],[2.416206232478994,49.06015121093936],[2.415124827486596,49.059179536307653],[2.414809388708753,49.058515019984142],[2.414591463561191,49.057917795357213],[2.414566135697637,49.057021758785019]]}},
{"type":"Feature","properties":{"GCIdentifi":130231,"GCCalculat":279.80803422003061,"Nom":"AX_155","code":"SEINE12","source_doc":null,"date_visit":null},"geometry":{"type":"LineString","coordinates":[[2.422648552134791,49.057547126449286],[2.420553611883928,49.057422917807884],[2.41882959950369,49.057379235276784],[2.41882959950369,49.057379235276784]]}},
{"type":"Feature","properties":{"GCIdentifi":130226,"GCCalculat":486.63826073838129,"Nom":"AX_156","code":"SEINE12","source_doc":null,"date_visit":"2010-10-28"},"geometry":{"type":"LineString","coordinates":[[2.406713938014712,49.063330610999863],[2.406583522027439,49.061636274813146],[2.407187787283573,49.06050869824346],[2.408484001405578,49.059985148461777],[2.410404896794867,49.059893450390256],[2.410404896794867,49.059893450390256]]}},
{"type":"Feature","properties":{"GCIdentifi":130225,"GCCalculat":2243.904634942015,"Nom":"AX_157","code":"SEINE12","source_doc":null,"date_visit":null},"geometry":{"type":"LineString","coordinates":[[2.424957554998939,49.071393785920364],[2.42375147602505,49.070703007479672],[2.422245350056454,49.070442508515491],[2.421260504814664,49.070182739608917],[2.42039663452675,49.069707269637583],[2.419095345067816,49.069257931392151],[2.417684363545887,49.068594189368383],[2.416959203929279,49.068244368017325],[2.416273145640855,49.067785582054498],[2.415342257139278,49.067003581736685],[2.413999364924019,49.066105073791206],[2.412808397688388,49.065062705661184],[2.412231494364234,49.064398356097243],[2.411574512550967,49.06387664243487],[2.410490241627963,49.062123417156556],[2.410488232574749,49.060765870252517],[2.4103354666763,49.059155749592499],[2.410525135214431,49.05801368300552],[2.411767419527916,49.055845730196332],[2.411767419527916,49.055845730196332]]}},
{"type":"Feature","properties":{"GCIdentifi":130230,"GCCalculat":3948.2870737398475,"Nom":"AX_158","code":"SEINE12","source_doc":null,"date_visit":"2010-10-28"},"geometry":{"type":"LineString","coordinates":[[2.423253335621286,49.067304448348978],[2.423579528412529,49.066216149443342],[2.423550738007747,49.065378498179705],[2.421919961719517,49.064077198773568],[2.421184941681296,49.063247942576552],[2.420984739354479,49.062271798985414],[2.421231049728594,49.060921303767699],[2.42118906055138,49.060354271290159],[2.421146441527352,49.059400994921617],[2.42054193674636,49.05860080930357],[2.41984374411413,49.057953423209533],[2.418911716774519,49.057460036854941],[2.417939066746228,49.05717326591359],[2.415791025897374,49.056945698033296],[2.414451562943758,49.056961207327703],[2.413294202449782,49.05653640045221],[2.412122917812079,49.055918478359047],[2.411753736442935,49.055827760551807],[2.410930547599161,49.054903066547382],[2.40983527300689,49.053661848834174],[2.409066960600284,49.052825798921987],[2.408437032384978,49.05196382699112]]}},
{"type":"Feature","properties":{"GCIdentifi":130235,"GCCalculat":5040.8571180165354,"Nom":"AX_159","code":"SEINE12","source_doc":null,"date_visit":null},"geometry":{"type":"LineString","coordinates":[[2.427243528900129,49.065128158539949],[2.427423930190458,49.063397872841136],[2.42754937851426,49.061773316687486],[2.428003234782876,49.060322135830482],[2.42815171379462,49.059305804834175],[2.428218989439773,49.058729727049716],[2.427356052965514,49.057742270107561],[2.42645121881392,49.057193889611185],[2.425901989482538,49.056762017541828],[2.425585987910902,49.055862831535578],[2.425187807826145,49.054848065949002],[2.424898491715564,49.053561484633029],[2.424417776376442,49.05223124602761],[2.423540111182025,49.051513267727941],[2.422061625099266,49.051091056803848],[2.421090178904991,49.050425893929898],[2.419281170559015,49.049473883464515],[2.417542237801544,49.048503832002801],[2.416571004498965,49.047937460903682],[2.415050989202157,49.047058164312766],[2.413285030719231,49.046159941471046],[2.412024980188497,49.045424170554483],[2.410860426820729,49.044570422019213],[2.410217274545637,49.04397683135744],[2.4094495504658,49.043429346337717],[2.40779262419588,49.042179496396543],[2.40724531007217,49.041676792328268],[2.405547622032145,49.040517894727898],[2.404287903720143,49.039825829806958],[2.402918727862812,49.039026014015732],[2.402466909290436,49.038324472452906],[2.401480295288029,49.037452546732325],[2.401083108141613,49.036689217456527],[2.400903880281671,49.03545641487073],[2.400942966956915,49.033983175022044],[2.401447366256309,49.033128384818063],[2.402458256644993,49.031778109170467],[2.403317616676834,49.03080633581304],[2.404437880462484,49.029573894316613],[2.405694543294508,49.028241414590632],[2.406376740284043,49.027648122716357],[2.406376740284043,49.027648122716357]]}},
{"type":"Feature","properties":{"GCIdentifi":130241,"GCCalculat":448.47086638474093,"Nom":"AX_160","code":"SEINE12","source_doc":null,"date_visit":null},"geometry":{"type":"LineString","coordinates":[[2.394831028589713,49.035576411412698],[2.396266711235044,49.035099572193865],[2.397210975347338,49.034964346312925],[2.398112640031209,49.034909962230159],[2.399302956494206,49.034909321896663],[2.400491746618645,49.035025449959193],[2.400739443319489,49.035080341338933],[2.400739443319489,49.035080341338933]]}},
{"type":"Feature","properties":{"GCIdentifi":130243,"GCCalculat":290.67735542859612,"Nom":"AX_161","code":"SEINE12","source_doc":null,"date_visit":null},"geometry":{"type":"LineString","coordinates":[[2.397671972423521,49.032078323245479],[2.398724678336459,49.032697581675926],[2.400025017062155,49.033308833057575],[2.400846880080992,49.033640757344692],[2.400846880080992,49.033640757344692]]}},
{"type":"Feature","properties":{"GCIdentifi":130244,"GCCalculat":176.86924061446325,"Nom":"AX_162","code":"SEINE12","source_doc":null,"date_visit":"2007-01-16"},"geometry":{"type":"LineString","coordinates":[[2.395116261386792,49.029804695062182],[2.397532459857448,49.029730464505612],[2.397532459857448,49.029730464505612]]}},
{"type":"Feature","properties":{"GCIdentifi":130245,"GCCalculat":1009.7160231204072,"Nom":"AX_163","code":"SEINE12","source_doc":null,"date_visit":null},"geometry":{"type":"LineString","coordinates":[[2.396085517465327,49.0320791406157],[2.396657815970569,49.030872879535828],[2.397601093959142,49.029992054128826],[2.399117527992661,49.028686447169299],[2.400441528792605,49.027832347630209],[2.40261642301427,49.027425759081261],[2.404311736212498,49.027236140749977],[2.406225860303183,49.02720804371058],[2.406225860303183,49.02720804371058]]}},
{"type":"Feature","properties":{"GCIdentifi":130249,"GCCalculat":677.65039884827695,"Nom":"AX_164","code":"SEINE12","source_doc":null,"date_visit":null},"geometry":{"type":"LineString","coordinates":[[2.416038105167646,49.039423067653559],[2.415884008351065,49.038118407201608],[2.415882991283246,49.037479479908953],[2.416320886010275,49.036841391310823],[2.417439979754654,49.036057961065289],[2.418450977167619,49.034988276988777],[2.419380876762651,49.034482311591816],[2.419749402459122,49.034275443167289],[2.419749402459122,49.034275443167289]]}},
{"type":"Feature","properties":{"GCIdentifi":130250,"GCCalculat":1417.9716691748295,"Nom":"AX_165","code":"SEINE12","source_doc":null,"date_visit":null},"geometry":{"type":"LineString","coordinates":[[2.41343661808658,49.03814700595121],[2.412640968661892,49.037195348489568],[2.412270639643407,49.036251234048805],[2.411695116627643,49.035135471990891],[2.411557043795193,49.034183373022678],[2.411335939332584,49.032518305006825],[2.411114019401252,49.031430363529402],[2.411725615738431,49.029317856409243],[2.412299713893907,49.028436014607877],[2.413296466977442,49.027014923892423],[2.41349345606372,49.026706038652186]]}},
{"type":"Feature","properties":{"GCIdentifi":130259,"GCCalculat":534.10034882647028,"Nom":"AX_166","code":"SEINE12","source_doc":null,"date_visit":null},"geometry":{"type":"LineString","coordinates":[[2.442751003671083,49.033240331575691],[2.442817886597613,49.032575542552799],[2.443281709325308,49.031460090999211],[2.443784213232159,49.030084093184868],[2.443780838670906,49.028518805735423],[2.443780838670906,49.028518805735423]]}},
{"type":"Feature","properties":{"GCIdentifi":130252,"GCCalculat":478.58891902451904,"Nom":"AX_167","code":"SEINE12","source_doc":null,"date_visit":null},"geometry":{"type":"LineString","coordinates":[[2.427575544100233,49.03579888647738],[2.427421805092814,49.03484569002859],[2.427640553658195,49.033992136898085],[2.427665867501993,49.032902925538451],[2.428142671408199,49.03216593071388],[2.428606236828601,49.031661403254084],[2.428606236828601,49.031661403254084]]}},
{"type":"Feature","properties":{"GCIdentifi":130264,"GCCalculat":324.70247237947507,"Nom":"AX_168","code":"SEINE12","source_doc":null,"date_visit":"2007-02-15"},"geometry":{"type":"LineString","coordinates":[[2.448309150029027,49.026914410026677],[2.447921364820372,49.026841806627957],[2.446142995844477,49.026466230199638],[2.444883401434832,49.025937419823272],[2.444336462618942,49.025677421441323],[2.444336462618942,49.025677421441323]]}},
{"type":"Feature","properties":{"GCIdentifi":130278,"GCCalculat":280.45761165512073,"Nom":"AX_169","code":"SEINE12","source_doc":null,"date_visit":"2009-03-03"},"geometry":{"type":"LineString","coordinates":[[2.414294597523289,49.019741393799663],[2.415287524553094,49.020597910836997],[2.415897605420182,49.021193800683221],[2.41676643751322,49.021540353016668]]}},
{"type":"Feature","properties":{"GCIdentifi":130268,"GCCalculat":335.76667205488462,"Nom":"AX_170","code":"SEINE12","source_doc":null,"date_visit":"2007-02-15"},"geometry":{"type":"LineString","coordinates":[[2.452798325088345,49.016020319818551],[2.45279492651313,49.014563943198233],[2.452506221303718,49.01301243083735]]}},
{"type":"Feature","properties":{"GCIdentifi":130272,"GCCalculat":320.76903908039003,"Nom":"AX_171","code":"SEINE12","source_doc":null,"date_visit":null},"geometry":{"type":"LineString","coordinates":[[2.389477695044453,49.01854837776056],[2.388577031745832,49.019285374789533],[2.388072651743048,49.020211978713419],[2.388155567289519,49.021165259401627],[2.388155567289519,49.021165259401627]]}},
{"type":"Feature","properties":{"GCIdentifi":130274,"GCCalculat":207.02553257342709,"Nom":"AX_172","code":"SEINE12","source_doc":null,"date_visit":"2007-01-16"},"geometry":{"type":"LineString","coordinates":[[2.391960003639757,49.017018977741195],[2.393013839483427,49.017440655629819],[2.393588045050429,49.017962502443147],[2.393943526325003,49.018294704309405],[2.393943526325003,49.018294704309405]]}},
{"type":"Feature","properties":{"GCIdentifi":130290,"GCCalculat":534.51389289051679,"Nom":"AX_173","code":"SEINE12","source_doc":null,"date_visit":null},"geometry":{"type":"LineString","coordinates":[[2.423986855817433,49.009290582625525],[2.423327277168197,49.007897583484869],[2.423229646338342,49.006728758365533],[2.423255204812483,49.005730494633191],[2.423184892816418,49.004552653236722],[2.423184892816418,49.004552653236722]]}},
{"type":"Feature","properties":{"GCIdentifi":130394,"GCCalculat":258.90807013934648,"Nom":"AX_174","code":"OISE12","source_doc":null,"date_visit":null},"geometry":{"type":"LineString","coordinates":[[2.465445804352169,49.071608260399209],[2.464404957911935,49.071609425954499],[2.462804127671554,49.071826792663657],[2.461942924979725,49.07189958463654],[2.461942924979725,49.07189958463654]]}},
{"type":"Feature","properties":{"GCIdentifi":130293,"GCCalculat":257.83713542970747,"Nom":"AX_175","code":"SEINE12","source_doc":null,"date_visit":"2009-03-03"},"geometry":{"type":"LineString","coordinates":[[2.4477687280552,49.005951929917572],[2.447649119830335,49.004924489193897],[2.447556696235614,49.004002947767141],[2.447532392871496,49.003244855745621]]}},
{"type":"Feature","properties":{"GCIdentifi":130300,"GCCalculat":771.9690624338283,"Nom":"AX_176","code":"SEINE12","source_doc":null,"date_visit":null},"geometry":{"type":"LineString","coordinates":[[2.454171388354764,49.001603041320458],[2.453579499475862,48.999700928551718],[2.45314684110572,48.998259452614192],[2.452783338827982,48.997382786465487],[2.451988712956315,48.995689001274663],[2.451829875412334,48.995376981280408],[2.451738987007008,48.995154097160267]]}},
{"type":"Feature","properties":{"GCIdentifi":130260,"GCCalculat":87.944335392359662,"Nom":"AX_177","code":"SEINE12","source_doc":null,"date_visit":null},"geometry":{"type":"LineString","coordinates":[[2.442742046705075,49.029059875497225],[2.443644243381662,49.028536912250253],[2.443644243381662,49.028536912250253]]}},
{"type":"Feature","properties":{"GCIdentifi":130271,"GCCalculat":416.88864018650065,"Nom":"AX_178","code":"SEINE12","source_doc":null,"date_visit":null},"geometry":{"type":"LineString","coordinates":[[2.388001396903575,49.017361029989679],[2.387757891967349,49.019619232105562],[2.388044531428005,49.021092325007537],[2.388044531428005,49.021092325007537]]}},
{"type":"Feature","properties":{"GCIdentifi":130283,"GCCalculat":3153.6823510902609,"Nom":"AX_179","code":"SEINE12","source_doc":null,"date_visit":"2009-03-03"},"geometry":{"type":"LineString","coordinates":[[2.404314169947075,49.01898076990085],[2.404599660467163,49.018009311084789],[2.405322495475692,49.017272275614566],[2.406074441034288,49.016605967631953],[2.407618370522108,49.015876268188862],[2.409353676673773,49.015282300525691],[2.411007560101061,49.015064535025523],[2.41267519102527,49.014919731288195],[2.413864812190189,49.01477519710879],[2.416353140571496,49.014369267411546],[2.419277954832264,49.013682253906921],[2.421038650105576,49.013106062363107],[2.423239356017269,49.012303819932576],[2.4246467511454,49.011799702678907],[2.427488453993194,49.010610624372191],[2.428867548042562,49.009619135498895],[2.430217805593916,49.008755685708941],[2.431295601638867,49.00735120056796],[2.431293932688407,49.006479867179522],[2.431004890370175,49.005265134530134],[2.430579458215909,49.004132499088961],[2.429703014550626,49.003657127361322],[2.428594390216691,49.002721689382959]]}},
{"type":"Feature","properties":{"GCIdentifi":130292,"GCCalculat":720.15711488573743,"Nom":"AX_180","code":"SEINE12","source_doc":null,"date_visit":"2009-03-03"},"geometry":{"type":"LineString","coordinates":[[2.451444526783374,49.004712649144707],[2.449376947330209,49.003879765614244],[2.447532392871496,49.003244855745621],[2.444411683434037,49.001969452907069],[2.443257778624065,49.001454201243746],[2.441611900920576,49.000783377420696],[2.441611900920576,49.000783377420696]]}},
{"type":"Feature","properties":{"GCIdentifi":130291,"GCCalculat":1675.8769842805334,"Nom":"AX_181","code":"SEINE12","source_doc":null,"date_visit":"2009-03-03"},"geometry":{"type":"LineString","coordinates":[[2.433873989897836,48.99371834162536],[2.434528348647514,48.99342054461448],[2.435940444820509,48.992212024230021],[2.436841656409753,48.991501584028711],[2.437276982113721,48.990763477390814]]}},
{"type":"Feature","properties":{"GCIdentifi":130295,"GCCalculat":1533.2961483185995,"Nom":"AX_182","code":"SEINE12","source_doc":null,"date_visit":null},"geometry":{"type":"LineString","coordinates":[[2.438999744696573,49.006911032849821],[2.440146040358724,49.005768037513278],[2.440869685264955,49.004939830324886],[2.441481085123055,49.003490759279174],[2.441806506747521,49.002420364906527],[2.441872639637979,49.001422067729415],[2.441611900920576,49.000783377420696],[2.440926422858002,48.999435432115035],[2.440349448391648,48.998554505443622],[2.4397743466333,48.997728580603393],[2.43911684753086,48.996657956128765],[2.438690657698238,48.996038490703761],[2.438690657698238,48.996038490703761]]}},
{"type":"Feature","properties":{"GCIdentifi":130296,"GCCalculat":1631.138248126568,"Nom":"AX_183","code":"SEINE12","source_doc":null,"date_visit":"2009-03-03"},"geometry":{"type":"LineString","coordinates":[[2.435515537550517,49.004786907770196],[2.435129277848342,49.003702113390808],[2.434765360703971,49.002483482585546],[2.434650666501839,49.00160655049114],[2.435121844481634,48.999956156997669],[2.436316073478437,48.998379441219662],[2.438682406411405,48.996019253590887]]}},
{"type":"Feature","properties":{"GCIdentifi":130299,"GCCalculat":1411.5753939826172,"Nom":"AX_184","code":"SEINE12","source_doc":null,"date_visit":"2009-03-03"},"geometry":{"type":"LineString","coordinates":[[2.449280993752864,48.997074111368704],[2.449586124991215,48.996791967276252],[2.450318255499667,48.996225788989108],[2.451556191329015,48.995168872427293]]}},
{"type":"Feature","properties":{"GCIdentifi":130301,"GCCalculat":566.13834024314372,"Nom":"AX_185","code":"SEINE12","source_doc":null,"date_visit":"2009-03-03"},"geometry":{"type":"LineString","coordinates":[[2.459973568387698,48.999887487483669],[2.459339832285636,48.999427343093444],[2.458140910321964,48.998789421697111],[2.455291860110929,48.997751866080321],[2.453980188817966,48.997173458145099],[2.453233846439262,48.996817473403802],[2.452577582889953,48.996342450558124],[2.451965156679978,48.995272794232328]]}},
{"type":"Feature","properties":{"GCIdentifi":130269,"GCCalculat":376.01098970518734,"Nom":"AX_186","code":"SEINE12","source_doc":null,"date_visit":"2007-02-15"},"geometry":{"type":"LineString","coordinates":[[2.461183160232884,49.017781183893298],[2.460384119035748,49.017067895095103],[2.45996096565138,49.016470986008883],[2.459628349293847,49.015903158404591],[2.459449701921987,49.015450834042362],[2.459382326591165,49.015130888512452],[2.45938125254449,49.014692968314527]]}},
{"type":"Feature","properties":{"GCIdentifi":130246,"GCCalculat":1664.7461832639567,"Nom":"AX_187","code":"SEINE12","source_doc":null,"date_visit":null},"geometry":{"type":"LineString","coordinates":[[2.43285329470901,49.049292673981789],[2.432769250510213,49.048249593321792],[2.432057165532684,49.047485510074388],[2.431042888915277,49.04680250921065],[2.429591041964456,49.04596826519785],[2.42883685671198,49.045500638470557],[2.426811208262797,49.04469378838283],[2.424785712406831,49.043930658430995],[2.423992258377603,49.043410263384743],[2.422622907817563,49.0427443045849],[2.421718557402361,49.042295826302386],[2.420855229019169,49.041847322943404],[2.420197631451247,49.040831589734765],[2.420346635749377,49.040048825473377],[2.420741229001378,49.03906939586259],[2.421383925964694,49.038385096940189],[2.421383925964694,49.038385096940189]]}},
{"type":"Feature","properties":{"GCIdentifi":130248,"GCCalculat":2322.2448643651851,"Nom":"AX_188","code":"SEINE12","source_doc":null,"date_visit":null},"geometry":{"type":"LineString","coordinates":[[2.428764077647998,49.043100001570274],[2.427860991036265,49.042435977440171],[2.4270931774721,49.041941405158056],[2.426408680592135,49.041232265183609],[2.424998455192335,49.040611285111325],[2.42442274071711,49.04054098931811],[2.423410797304331,49.040091485527228],[2.422328755181521,49.039571274025285],[2.42146639428516,49.038671374643016],[2.420918337818434,49.037764486647788],[2.420285440180263,49.036172718685087],[2.420037065521862,49.03472551383333],[2.418912258261847,49.032020199695943],[2.417965283908979,49.030401685283316],[2.416745119144489,49.028792327643352],[2.414373957246498,49.027604486123593],[2.413645556992492,49.026925854502522],[2.413264398184011,49.026376278515457],[2.413076320708104,49.025878593885011]]}},
{"type":"Feature","properties":{"GCIdentifi":130251,"GCCalculat":2225.3521925719756,"Nom":"AX_189","code":"SEINE12","source_doc":null,"date_visit":"2010-11-25"},"geometry":{"type":"LineString","coordinates":[[2.431578064841666,49.040813774005606],[2.430426847915817,49.039915307021737],[2.429414767000399,49.039395104694094],[2.428400776582055,49.038757009295566],[2.426990424857177,49.038047344950961],[2.426347339925691,49.037544809171273],[2.425512041835087,49.036502292452397],[2.424237956166599,49.035531984367445],[2.42323753148645,49.0347500989688],[2.422976611498557,49.033985607650386],[2.422729178301338,49.033113330254643],[2.422509143713606,49.032278059464403],[2.422508012186649,49.031621198474404],[2.422436710783191,49.030883521248143],[2.422683257391412,49.030262379673225],[2.423036820421048,49.029336859538198],[2.423336371464724,49.028769589812917],[2.424289672713037,49.027096900930147],[2.424180860313117,49.026386206711798],[2.423714163941078,49.025100866865962],[2.423451849347198,49.024489110582024],[2.423382427925595,49.023850233643309],[2.423261141142035,49.022283611718215]]}},
{"type":"Feature","properties":{"GCIdentifi":130253,"GCCalculat":1027.4496765811043,"Nom":"AX_190","code":"SEINE12","source_doc":null,"date_visit":null},"geometry":{"type":"LineString","coordinates":[[2.431141555236442,49.034034237032401],[2.429867718916343,49.033206582422778],[2.429073679568819,49.032326883956458],[2.428758328326722,49.03171517954118],[2.428565100997067,49.030646353840218],[2.427877988766323,49.029387034938416],[2.427165953397314,49.028461222195986],[2.426111589392242,49.028039839441611],[2.424700986200314,49.02696971984907],[2.424303631980206,49.026305273648717],[2.424303631980206,49.026305273648717]]}},
{"type":"Feature","properties":{"GCIdentifi":130254,"GCCalculat":2606.7448679856443,"Nom":"AX_191","code":"SEINE12","source_doc":null,"date_visit":"2007-02-15"},"geometry":{"type":"LineString","coordinates":[[2.438355410197119,49.043316501445403],[2.439145776648527,49.042245701036222],[2.439717944561562,49.041417620010442],[2.440113193562351,49.040113606146193],[2.439960380628408,49.038899930519847],[2.439999283051477,49.03790165859764],[2.439489840765424,49.036840995490174],[2.439022951064731,49.03569944750469],[2.43847492031806,49.034963323612985],[2.437855303566383,49.033442376283169],[2.437744027584605,49.032472314776768],[2.437344668081206,49.030907360188777],[2.437547209233928,49.029738280659096],[2.43787253672612,49.028497208935654],[2.43866315928437,49.026841396294969],[2.439167083680111,49.026103222328764],[2.440285861365771,49.024654827539614],[2.441293034479511,49.022919073033009],[2.442480069193125,49.021514394265175],[2.442822354981041,49.021093014700632]]}},
{"type":"Feature","properties":{"GCIdentifi":130258,"GCCalculat":647.53270426199992,"Nom":"AX_192","code":"SEINE12","source_doc":null,"date_visit":null},"geometry":{"type":"LineString","coordinates":[[2.432876546658771,49.033105300580146],[2.43371037708503,49.032457812274039],[2.433995922922665,49.03177375419714],[2.434321570692888,49.030631499518151],[2.434716841091294,49.030182025992168],[2.435400574643041,49.029659301079747],[2.436260264105866,49.029181324183106],[2.437203635638596,49.028731365647253],[2.437777200988692,49.028641030276837],[2.437777200988692,49.028641030276837]]}},
{"type":"Feature","properties":{"GCIdentifi":130261,"GCCalculat":334.07396083213467,"Nom":"AX_193","code":"SEINE12","source_doc":null,"date_visit":"2007-02-15"},"geometry":{"type":"LineString","coordinates":[[2.447385992711077,49.030258109168244],[2.44664281141644,49.030093748294021],[2.445441200164827,49.029573881491608],[2.444546780434443,49.02896724819162],[2.443890137607693,49.028536666530307],[2.443972195560714,49.02858151195818],[2.443999544308835,49.028581503715003],[2.443999544308835,49.028581503715003]]}},
{"type":"Feature","properties":{"GCIdentifi":130263,"GCCalculat":760.2821080716185,"Nom":"AX_194","code":"SEINE12","source_doc":null,"date_visit":null},"geometry":{"type":"LineString","coordinates":[[2.443835321103468,49.028455880317452],[2.444162306162854,49.02726869654532],[2.444294949453185,49.026224294777698],[2.444403405615338,49.025064268359571],[2.444087345277051,49.024184230079918],[2.443318160945398,49.022998060126056],[2.442126094143432,49.022054818163397],[2.442126094143432,49.022054818163397],[2.442126094143432,49.022054818163397]]}},
{"type":"Feature","properties":{"GCIdentifi":130265,"GCCalculat":314.82013409948667,"Nom":"AX_195","code":"SEINE12","source_doc":null,"date_visit":null},"geometry":{"type":"LineString","coordinates":[[2.448570742308223,49.025558833731793],[2.447372696197337,49.025827249556698],[2.446730563588855,49.025773973093685],[2.445499463337411,49.025775136990383],[2.444351778034124,49.025659436337513],[2.444351778034124,49.025659436337513]]}},
{"type":"Feature","properties":{"GCIdentifi":130266,"GCCalculat":1008.2631581146391,"Nom":"AX_196","code":"SEINE12","source_doc":null,"date_visit":"2007-02-15"},"geometry":{"type":"LineString","coordinates":[[2.456954979628581,49.018732269527312],[2.456819548075213,49.017785834407277],[2.457347638849722,49.016619746281314],[2.458034360133142,49.015399564069838],[2.458518178224061,49.014985844746647],[2.45942560221045,49.014678322071262],[2.459558298955096,49.014489545826017],[2.459690466850989,49.014095261394132],[2.459841393213904,49.013002535622228],[2.460172936037701,49.012477808192841],[2.460637657850658,49.011951807737304],[2.461120423539703,49.01046570615587]]}},
{"type":"Feature","properties":{"GCIdentifi":130270,"GCCalculat":1025.0434180960738,"Nom":"AX_197","code":"SEINE12","source_doc":null,"date_visit":"2007-01-16"},"geometry":{"type":"LineString","coordinates":[[2.386369038819236,49.020496813020273],[2.38717017292656,49.020905190414098],[2.387976389590017,49.021237209193465],[2.389304475950854,49.02265816850305],[2.391767459467934,49.023510388211996],[2.39366849547259,49.024120305783796],[2.395405229417185,49.024336151128587],[2.397567043991299,49.024505709479939],[2.398238097656976,49.024535664127725],[2.398238097656976,49.024535664127725]]}},
{"type":"Feature","properties":{"GCIdentifi":130273,"GCCalculat":1525.998152833072,"Nom":"AX_198","code":"SEINE12","source_doc":null,"date_visit":"2007-01-16"},"geometry":{"type":"LineString","coordinates":[[2.393638248606376,49.015586493024728],[2.393530450758216,49.016873344898663],[2.393640917705044,49.017916442048993],[2.394900522502124,49.01910269906481],[2.39562747086745,49.020262243088837],[2.396160719064939,49.020739205939989],[2.397284472843821,49.022401592385094],[2.397681762282896,49.02339062024673],[2.397969465532221,49.024083302128574],[2.39847745282716,49.024792669865775],[2.399379928675137,49.02552991500518],[2.400570989680398,49.026266993163489],[2.401158980046296,49.026733764051421],[2.402664023102612,49.027264049212462],[2.402664023102612,49.027264049212462]]}},
{"type":"Feature","properties":{"GCIdentifi":130275,"GCCalculat":630.91431379470612,"Nom":"AX_199","code":"SEINE12","source_doc":null,"date_visit":null},"geometry":{"type":"LineString","coordinates":[[2.402798914348329,49.020870324408442],[2.404058357075903,49.02169713799055],[2.404893952120027,49.022217671221824],[2.406506744239474,49.02297126865016],[2.407888791045767,49.023492555793929],[2.409188887716422,49.024022874070262],[2.409694583154003,49.024229157503029],[2.409694583154003,49.024229157503029]]}},
{"type":"Feature","properties":{"GCIdentifi":130277,"GCCalculat":284.93821023453432,"Nom":"AX_200","code":"SEINE12","source_doc":null,"date_visit":"2009-03-03"},"geometry":{"type":"LineString","coordinates":[[2.410457830694667,49.021309071600889],[2.410996900785636,49.021830497754173],[2.411337355818912,49.022147061156346],[2.411785416197937,49.022590669208682],[2.412159136782728,49.023059125181554]]}},
{"type":"Feature","properties":{"GCIdentifi":130280,"GCCalculat":1285.1800292552721,"Nom":"AX_201","code":"SEINE12","source_doc":null,"date_visit":"2010-11-25"},"geometry":{"type":"LineString","coordinates":[[2.430106240173526,49.028387010307632],[2.430500158807089,49.027199820169926],[2.431536250456791,49.026101903036313],[2.432259938538115,49.02505816894476],[2.432545607446139,49.024445956580628],[2.432980343857315,49.023231755189485],[2.43333280508994,49.021855952924135],[2.433482222746314,49.020552160665233],[2.433479898381838,49.01936528514301],[2.433369058927992,49.018554664852687],[2.432885639473013,49.017490622457942]]}},
{"type":"Feature","properties":{"GCIdentifi":130282,"GCCalculat":361.82504638155365,"Nom":"AX_202","code":"SEINE12","source_doc":null,"date_visit":null},"geometry":{"type":"LineString","coordinates":[[2.399513215793576,49.01751813088319],[2.400990232167898,49.017723930007307],[2.402426296863479,49.017965646366605],[2.404381085121054,49.017981358401173],[2.404381085121054,49.017981358401173]]}},
{"type":"Feature","properties":{"GCIdentifi":130284,"GCCalculat":413.70884521017422,"Nom":"AX_203","code":"SEINE12","source_doc":null,"date_visit":"2009-03-03"},"geometry":{"type":"LineString","coordinates":[[2.400930637836029,49.015063128996424],[2.402303755617369,49.014866553142312],[2.403550972431753,49.015341094443436],[2.40460004363023,49.016132251167726],[2.406374625499961,49.016408141784957],[2.406374625499961,49.016408141784957]]}},
{"type":"Feature","properties":{"GCIdentifi":130285,"GCCalculat":333.5305123192328,"Nom":"AX_204","code":"SEINE12","source_doc":null,"date_visit":null},"geometry":{"type":"LineString","coordinates":[[2.402416320283444,49.014056264179459],[2.402501781731124,49.014428811905141],[2.403182219315943,49.01520141213787]]}},
{"type":"Feature","properties":{"GCIdentifi":130342,"GCCalculat":197.7050432496726,"Nom":"AX_205","code":"OISE12","source_doc":null,"date_visit":null},"geometry":{"type":"LineString","coordinates":[[2.504588988134718,49.10750997224455],[2.504545165988841,49.106701566678204],[2.504681354506723,49.106008549742342],[2.504789937085497,49.105747890169283],[2.504789937085497,49.105747890169283]]}},
{"type":"Feature","properties":{"GCIdentifi":130346,"GCCalculat":347.09225090293677,"Nom":"AX_206","code":"OISE12","source_doc":null,"date_visit":"2007-03-08"},"geometry":{"type":"LineString","coordinates":[[2.479915715499132,49.105044937592659],[2.479700556534147,49.103966128848832],[2.480025152405918,49.102675543149914],[2.480532909006598,49.102031503871387]]}},
{"type":"Feature","properties":{"GCIdentifi":130377,"GCCalculat":375.04964503720828,"Nom":"AX_207","code":"OISE12","source_doc":null,"date_visit":"2012-02-10"},"geometry":{"type":"LineString","coordinates":[[2.485661041587227,49.087084030037495],[2.487030601728755,49.087850693407105],[2.488028197543244,49.088111534789228],[2.489338609547243,49.088342928188318],[2.489963933598498,49.088651507499847]]}},
{"type":"Feature","properties":{"GCIdentifi":130357,"GCCalculat":323.79310628024973,"Nom":"AX_208","code":"OISE12","source_doc":null,"date_visit":null},"geometry":{"type":"LineString","coordinates":[[2.473188636651874,49.128970228987725],[2.472584973735108,49.129093342917763],[2.471459890060353,49.129382118184829],[2.470354299589212,49.129287957056455],[2.469897041135388,49.129142517411886],[2.469018834271219,49.128975097014184],[2.469059813685539,49.128946982855105]]}},
{"type":"Feature","properties":{"GCIdentifi":130361,"GCCalculat":279.44214382051302,"Nom":"AX_209","code":"OISE12","source_doc":null,"date_visit":"2008-02-19"},"geometry":{"type":"LineString","coordinates":[[2.466832865092508,49.12210226516126],[2.464914044387544,49.122384016808418],[2.463064274744754,49.122241213617023],[2.463064274744754,49.122241213617023]]}},
{"type":"Feature","properties":{"GCIdentifi":130356,"GCCalculat":294.63179798405969,"Nom":"AX_210","code":"OISE12","source_doc":null,"date_visit":null},"geometry":{"type":"LineString","coordinates":[[2.464626973556902,49.131123613292864],[2.465184890100324,49.130498669299328],[2.465809823126866,49.129991569504938],[2.466246610955785,49.129511603110409],[2.466619577030031,49.128840839564461]]}},
{"type":"Feature","properties":{"GCIdentifi":130358,"GCCalculat":357.95358465709967,"Nom":"AX_211","code":"OISE12","source_doc":null,"date_visit":null},"geometry":{"type":"LineString","coordinates":[[2.47267856099433,49.125783010126426],[2.471698744166901,49.125989652551254],[2.468408747470587,49.127334160304606]]}},
{"type":"Feature","properties":{"GCIdentifi":130359,"GCCalculat":102.95366621309749,"Nom":"AX_212","code":"OISE12","source_doc":null,"date_visit":null},"geometry":{"type":"LineString","coordinates":[[2.470926605546738,49.125173101911756],[2.469694247395274,49.125623679575611],[2.469694247395274,49.125623679575611]]}},
{"type":"Feature","properties":{"GCIdentifi":130306,"GCCalculat":446.37607474473572,"Nom":"AX_213","code":"OISE12","source_doc":null,"date_visit":null},"geometry":{"type":"LineString","coordinates":[[2.537213888347769,49.096693840039457],[2.535586124633463,49.097145825631749],[2.533888227520099,49.097166706537948],[2.532149406363203,49.09722357639744],[2.531246353733454,49.097172324409421]]}},
{"type":"Feature","properties":{"GCIdentifi":130312,"GCCalculat":2251.6132103886921,"Nom":"AX_214","code":"OISE12","source_doc":null,"date_visit":"2010-07-19"},"geometry":{"type":"LineString","coordinates":[[2.547011241880436,49.089467602391004],[2.544626874874624,49.087858718782783],[2.543810976573823,49.087215625838567],[2.542828994752141,49.086199272842862],[2.541513618097866,49.084929726560205],[2.540108694217595,49.084367798988453],[2.539202922866399,49.084243242683101],[2.537876847975157,49.084363511060189],[2.535382301726682,49.083846831995686],[2.532628331839476,49.083429365103335],[2.530506148193372,49.083243190541879],[2.529124930877319,49.083694653146637],[2.528217428654665,49.084434166714622],[2.527097743624163,49.085546262125973],[2.526604367304952,49.085954401888188],[2.526302258714672,49.086345373366946],[2.526014631166371,49.087043188650192]]}},
{"type":"Feature","properties":{"GCIdentifi":130321,"GCCalculat":591.62039111410832,"Nom":"AX_215","code":"OISE12","source_doc":null,"date_visit":"2010-07-19"},"geometry":{"type":"LineString","coordinates":[[2.525393380868873,49.080809667245134],[2.525347425853834,49.081173622842641],[2.525061004978017,49.082180885616729],[2.525071264061219,49.083126459928465],[2.524966879352641,49.083146871711435],[2.525744754197187,49.084354420803677],[2.526442997239664,49.084945394035053],[2.527077033228066,49.08556411858013]]}},
{"type":"Feature","properties":{"GCIdentifi":130325,"GCCalculat":597.98058727810167,"Nom":"AX_216","code":"OISE12","source_doc":null,"date_visit":"2007-12-18"},"geometry":{"type":"LineString","coordinates":[[2.518085094114185,49.086977937039521],[2.517020877173574,49.087218781816198],[2.515592935496391,49.087580336724066],[2.514196424291163,49.08812259447464],[2.512066916842164,49.088325745711437],[2.510549091970721,49.088907453379768]]}},
{"type":"Feature","properties":{"GCIdentifi":130331,"GCCalculat":875.26051257946574,"Nom":"AX_217","code":"OISE12","source_doc":null,"date_visit":"2007-12-18"},"geometry":{"type":"LineString","coordinates":[[2.514869145610118,49.080749877553366],[2.514593258911848,49.081992205448834],[2.514556497960961,49.083179156597922],[2.514485188809381,49.08426619759706],[2.514345476862926,49.085355604586596],[2.513995188915975,49.086830476432958],[2.513766863656826,49.087523656092436],[2.513435131513749,49.087983412539586],[2.5127059561589,49.088224828270071]]}},
{"type":"Feature","properties":{"GCIdentifi":130333,"GCCalculat":378.46408210296886,"Nom":"AX_218","code":"OISE12","source_doc":null,"date_visit":"2007-12-18"},"geometry":{"type":"LineString","coordinates":[[2.511188962150133,49.080794842893397],[2.512804683108483,49.081851248455649],[2.513567309473354,49.082390175207067],[2.514391578502747,49.0834275631994]]}},
{"type":"Feature","properties":{"GCIdentifi":130335,"GCCalculat":395.25702455854264,"Nom":"AX_219","code":"OISE12","source_doc":null,"date_visit":"2007-12-18"},"geometry":{"type":"LineString","coordinates":[[2.510255419409805,49.082681556988611],[2.511736291056275,49.083300260106292],[2.513258681291605,49.084052491965608],[2.514385008844983,49.084933345793957],[2.514385008844983,49.084933345793957]]}},
{"type":"Feature","properties":{"GCIdentifi":130336,"GCCalculat":485.98506623313511,"Nom":"AX_220","code":"OISE12","source_doc":null,"date_visit":"2007-12-18"},"geometry":{"type":"LineString","coordinates":[[2.509741589667083,49.08435316191035],[2.51013856520612,49.084952190847808],[2.510324309845305,49.085751397748645],[2.510237125971233,49.086729536803723],[2.509478789914767,49.087430232020914],[2.508872121558689,49.087990331300283],[2.508811904390195,49.088369973245563]]}},
{"type":"Feature","properties":{"GCIdentifi":130337,"GCCalculat":1161.8074273873731,"Nom":"AX_221","code":"OISE12","source_doc":null,"date_visit":"2007-12-18"},"geometry":{"type":"LineString","coordinates":[[2.502883563268061,49.079927917323772],[2.504289843409663,49.082303020098884],[2.505605191123021,49.084538979183989],[2.507043873012833,49.086815175510225],[2.507927784466408,49.087812098957542],[2.509026031964094,49.088489786514756],[2.510214045525862,49.088927056898036]]}},
{"type":"Feature","properties":{"GCIdentifi":130341,"GCCalculat":1792.0774572368798,"Nom":"AX_222","code":"OISE12","source_doc":null,"date_visit":"2007-03-08"},"geometry":{"type":"LineString","coordinates":[[2.509996955563922,49.106521688542415],[2.507504597164377,49.106381683236428],[2.506379974636008,49.106104870827622],[2.50489913794584,49.10567475513438],[2.504499176777539,49.105237417379527],[2.503968162793778,49.104481371839171],[2.503547169552498,49.103886847661904],[2.502852180602766,49.102678539705131],[2.50271449992719,49.1024204593636],[2.501180129583125,49.101276217660207],[2.499237943088821,49.099338668995898],[2.4975000670947,49.098131775932423],[2.495953591645717,49.097404043843284],[2.495437556509193,49.096987054167016],[2.495110163044187,49.096204869630874],[2.494876299727876,49.095261977992735]]}},
{"type":"Feature","properties":{"GCIdentifi":130343,"GCCalculat":383.13214046369148,"Nom":"AX_223","code":"OISE12","source_doc":null,"date_visit":null},"geometry":{"type":"LineString","coordinates":[[2.501146487523043,49.106598683753774],[2.502157987498923,49.105788768824915],[2.502991103026897,49.104834238208831],[2.503342534514565,49.103557029109204],[2.503342534514565,49.103557029109204]]}},
{"type":"Feature","properties":{"GCIdentifi":130345,"GCCalculat":738.54930557824093,"Nom":"AX_224","code":"OISE12","source_doc":null,"date_visit":"2007-03-08"},"geometry":{"type":"LineString","coordinates":[[2.482609493291543,49.103943387982952],[2.481645835389227,49.103077744304969],[2.481078213890931,49.102539485446513],[2.479982369637922,49.101485346655473],[2.47935368016616,49.100513728593889],[2.479372836561115,49.100036487934368],[2.478958197905595,49.099160031266621],[2.478771576940798,49.098489914689672],[2.47870003413391,49.097985836380303]]}},
{"type":"Feature","properties":{"GCIdentifi":130344,"GCCalculat":1859.809708044141,"Nom":"AX_225","code":"OISE12","source_doc":null,"date_visit":"2007-03-08"},"geometry":{"type":"LineString","coordinates":[[2.493289322724163,49.111960114306278],[2.492191283734538,49.110891523340626],[2.491873369811426,49.109874628246423],[2.491251866089125,49.108571811050517],[2.490988812912499,49.107591899541909],[2.490957035084498,49.106172617462576],[2.491199470229223,49.104939399848952],[2.491236660696187,49.103707560021633],[2.491560253648197,49.10218675308716],[2.491555954931981,49.100811232804944],[2.49132198223673,49.099815567670937],[2.491063239858384,49.099092782594099],[2.490749400729254,49.098801258110051],[2.490043172046105,49.09825087157013],[2.489977330900671,49.096872063648227],[2.490526660623299,49.095912396514962]]}},
{"type":"Feature","properties":{"GCIdentifi":130347,"GCCalculat":609.17128917767059,"Nom":"AX_226","code":"OISE12","source_doc":null,"date_visit":"2008-02-19"},"geometry":{"type":"LineString","coordinates":[[2.484579355806148,49.114154495769334],[2.482772394493998,49.113943456925611],[2.482367145563426,49.113988881636701],[2.481345207076736,49.114324788314462],[2.479688516862705,49.114605343641237],[2.478880077091251,49.114833143082308],[2.478367928581331,49.115188611826824],[2.477273661136135,49.115972597735251],[2.477273661136135,49.115972597735251],[2.477273661136135,49.115972597735251]]}},
{"type":"Feature","properties":{"GCIdentifi":130350,"GCCalculat":549.5087966584515,"Nom":"AX_227","code":"OISE12","source_doc":null,"date_visit":"2008-02-19"},"geometry":{"type":"LineString","coordinates":[[2.484667236031362,49.109795416037329],[2.484929916048145,49.110694479805993],[2.48478204109217,49.111574997615527],[2.484133257051595,49.113124275026721],[2.483807593132415,49.113475019347291],[2.483009518763945,49.1137287049294],[2.482295310891772,49.113997968313775],[2.482295310891772,49.113997968313775]]}},
{"type":"Feature","properties":{"GCIdentifi":130351,"GCCalculat":636.40438461776648,"Nom":"AX_228","code":"OISE12","source_doc":null,"date_visit":"2008-02-19"},"geometry":{"type":"LineString","coordinates":[[2.480409304065863,49.111297599317879],[2.480316905138491,49.111875975618723],[2.480161786410188,49.112649837703543],[2.479849030269027,49.113330668519367],[2.479315130737655,49.113847871778255],[2.478389163255236,49.114240885495761],[2.476144457750937,49.115295754109468],[2.475721376368464,49.115698263771002]]}},
{"type":"Feature","properties":{"GCIdentifi":130352,"GCCalculat":637.64709179309261,"Nom":"AX_229","code":"OISE12","source_doc":null,"date_visit":"2008-02-19"},"geometry":{"type":"LineString","coordinates":[[2.48588850957718,49.119460605874735],[2.484435070240699,49.119112154592756],[2.482829146522074,49.118683017580807],[2.482024768104633,49.118563894218852],[2.480969044679335,49.118482118576544],[2.479911038596678,49.118204972263797],[2.478544263229351,49.117627269565794],[2.477877972362211,49.11733390091824]]}},
{"type":"Feature","properties":{"GCIdentifi":130353,"GCCalculat":442.87639862374192,"Nom":"AX_230","code":"OISE12","source_doc":null,"date_visit":"2008-02-19"},"geometry":{"type":"LineString","coordinates":[[2.485488310131626,49.121776501831519],[2.484060730086401,49.120361266542226],[2.483485681042035,49.119715229066919],[2.482658177298076,49.119294078208526],[2.482208939281905,49.118947684421677],[2.481990612110789,49.118579652547787]]}},
{"type":"Feature","properties":{"GCIdentifi":130354,"GCCalculat":351.55101658798731,"Nom":"AX_231","code":"OISE12","source_doc":null,"date_visit":null},"geometry":{"type":"LineString","coordinates":[[2.474424004003368,49.130802404833965],[2.473881773087111,49.130871541264995],[2.473339247816082,49.13084412774699],[2.472546520671144,49.130667649041925],[2.471315793758557,49.130505137631509],[2.469730663224536,49.130259961634032]]}},
{"type":"Feature","properties":{"GCIdentifi":130360,"GCCalculat":394.86268126813115,"Nom":"AX_232","code":"OISE12","source_doc":null,"date_visit":null},"geometry":{"type":"LineString","coordinates":[[2.469651666055282,49.124417753695397],[2.468442676460041,49.124651591561609],[2.467819040287575,49.12496783122031],[2.46733914687413,49.125296239681433],[2.466132194950084,49.125667034201086],[2.464797775383165,49.125710080319813]]}},
{"type":"Feature","properties":{"GCIdentifi":130362,"GCCalculat":404.13538922831049,"Nom":"AX_233","code":"OISE12","source_doc":null,"date_visit":null},"geometry":{"type":"LineString","coordinates":[[2.463498565717848,49.131485306733964],[2.462745850328885,49.130213908085075],[2.461345682322744,49.129339593504675],[2.460894963055603,49.128382287696247],[2.460894963055603,49.128382287696247]]}},
{"type":"Feature","properties":{"GCIdentifi":130363,"GCCalculat":267.86232684537555,"Nom":"AX_234","code":"OISE12","source_doc":null,"date_visit":null},"geometry":{"type":"LineString","coordinates":[[2.458539429733832,49.130693411304065],[2.459330344743941,49.129460781672542],[2.459355058201982,49.128389539215704],[2.459355058201982,49.128389539215704]]}},
{"type":"Feature","properties":{"GCIdentifi":130364,"GCCalculat":272.30155781659494,"Nom":"AX_235","code":"OISE12","source_doc":null,"date_visit":null},"geometry":{"type":"LineString","coordinates":[[2.456755994454764,49.12979924603966],[2.457191626339108,49.128800555818295],[2.457942973865555,49.128187800011027],[2.45862803575456,49.127755903069279],[2.45862803575456,49.127755903069279]]}},
{"type":"Feature","properties":{"GCIdentifi":130365,"GCCalculat":489.66733816549129,"Nom":"AX_236","code":"OISE12","source_doc":null,"date_visit":null},"geometry":{"type":"LineString","coordinates":[[2.454755333930153,49.128903017146214],[2.453751183449562,49.128279729988563],[2.453624945679907,49.127718416551303],[2.453999016549332,49.126732169532076],[2.453934928933339,49.126404349670665],[2.454413025183,49.125992881368639],[2.455331196630368,49.125732558114038],[2.455809627085388,49.125471561341577]]}},
{"type":"Feature","properties":{"GCIdentifi":130366,"GCCalculat":283.36444268953704,"Nom":"AX_237","code":"OISE12","source_doc":null,"date_visit":null},"geometry":{"type":"LineString","coordinates":[[2.450167434897185,49.12118902368028],[2.450365804351353,49.120412929701082],[2.450834695134574,49.11973650568185],[2.451113825527322,49.119111893221067],[2.450989827896898,49.118753828148641]]}},
{"type":"Feature","properties":{"GCIdentifi":130367,"GCCalculat":499.98793908747876,"Nom":"AX_238","code":"OISE12","source_doc":null,"date_visit":"2008-02-19"},"geometry":{"type":"LineString","coordinates":[[2.447411257052791,49.12114677834942],[2.447451156489804,49.120626875273786],[2.44736821328174,49.120254142007553],[2.447309593229591,49.119288550606399],[2.447225666181677,49.118468931164081],[2.446099793287007,49.117587423594934],[2.445598997138611,49.117014120059679]]}},
{"type":"Feature","properties":{"GCIdentifi":130368,"GCCalculat":428.71846948740165,"Nom":"AX_239","code":"OISE12","source_doc":null,"date_visit":"2008-02-19"},"geometry":{"type":"LineString","coordinates":[[2.443272771345931,49.121096804134538],[2.44409218948709,49.12028194520353],[2.444371034265953,49.119500180786744],[2.444309992060224,49.118961262643509],[2.444538628566433,49.118691548285469],[2.444587484451985,49.118336683914478],[2.444848508009984,49.118008549566476],[2.445146848952195,49.11754789426913]]}},
{"type":"Feature","properties":{"GCIdentifi":130369,"GCCalculat":326.75536815709688,"Nom":"AX_240","code":"OISE12","source_doc":null,"date_visit":null},"geometry":{"type":"LineString","coordinates":[[2.440818643028675,49.119863886951805],[2.44010807970897,49.119575956404098],[2.439907226613648,49.119247130056024],[2.440243984401509,49.118294621828319],[2.440192151039337,49.117236940934852]]}},
{"type":"Feature","properties":{"GCIdentifi":130373,"GCCalculat":811.074089964824,"Nom":"AX_241","code":"OISE12","source_doc":null,"date_visit":"2012-02-10"},"geometry":{"type":"LineString","coordinates":[[2.487050221501702,49.082708509288025],[2.487134545646946,49.083663432666683],[2.487190537907245,49.084320553334315],[2.487205777947898,49.085143922912572],[2.488132458500953,49.085463877452021],[2.489112750084741,49.085888857066386],[2.489611136984899,49.086259138474276],[2.490196984031911,49.086868547714083],[2.490300469066353,49.087330490852466],[2.490125733644464,49.088346907389585]]}},
{"type":"Feature","properties":{"GCIdentifi":130374,"GCCalculat":259.44336042987868,"Nom":"AX_242","code":"OISE12","source_doc":null,"date_visit":"2007-12-18"},"geometry":{"type":"LineString","coordinates":[[2.491492060338226,49.08419952089276],[2.491310569356508,49.084659017725976],[2.490765150405899,49.085179643591907],[2.490240254697616,49.085647322124757],[2.489611136984899,49.086259138474276]]}},
{"type":"Feature","properties":{"GCIdentifi":130395,"GCCalculat":381.12753566325716,"Nom":"AX_243","code":"OISE12","source_doc":null,"date_visit":null},"geometry":{"type":"LineString","coordinates":[[2.464607279072965,49.073845962553939],[2.463395818158561,49.073300479859327],[2.462054780622329,49.072870755944273],[2.461081944005677,49.07272807984554],[2.45983063438216,49.072635099976132]]}},
{"type":"Feature","properties":{"GCIdentifi":130390,"GCCalculat":382.9602881603891,"Nom":"AX_244","code":"OISE12","source_doc":null,"date_visit":"2008-03-13"},"geometry":{"type":"LineString","coordinates":[[2.457045572815401,49.084916690110859],[2.457268529757223,49.085914673699151],[2.457624927425825,49.086247798298565],[2.458282201156466,49.086579481512004],[2.459622055929694,49.087773914966014]]}},
{"type":"Feature","properties":{"GCIdentifi":130389,"GCCalculat":655.41562144604427,"Nom":"AX_245","code":"OISE12","source_doc":null,"date_visit":"2008-03-13"},"geometry":{"type":"LineString","coordinates":[[2.457469254401515,49.084107767330053],[2.458373060889641,49.084582916662519],[2.459210586248564,49.08522093839936],[2.45958226490913,49.086200811904611],[2.459789583100665,49.087073063139989],[2.459642941378993,49.087909762061678],[2.45993226193317,49.088760593788336],[2.459769807776826,49.089436722984466]]}},
{"type":"Feature","properties":{"GCIdentifi":130474,"GCCalculat":216.92018758095969,"Nom":"AX_246","code":"OISE12","source_doc":null,"date_visit":"2009-01-19"},"geometry":{"type":"LineString","coordinates":[[2.357015178189695,49.108127923564311],[2.357015348852312,49.108561353844721],[2.357316612145837,49.109098031680169],[2.357482617776186,49.109375358277454]]}},
{"type":"Feature","properties":{"GCIdentifi":130399,"GCCalculat":295.63238817741444,"Nom":"AX_247","code":"OISE12","source_doc":null,"date_visit":null},"geometry":{"type":"LineString","coordinates":[[2.454073485722637,49.072268322694981],[2.455510765614121,49.072949572990574],[2.456525468533403,49.073442580474968],[2.457032771070236,49.074018078618217],[2.457032771070236,49.074018078618217]]}},
{"type":"Feature","properties":{"GCIdentifi":130411,"GCCalculat":295.34101783524966,"Nom":"AX_248","code":"OISE12","source_doc":null,"date_visit":"2010-10-25"},"geometry":{"type":"LineString","coordinates":[[2.433533225570457,49.078660128821568],[2.4327870659666,49.078858857481613],[2.431835000670524,49.079165990835811],[2.431114745891578,49.079289122525445],[2.43021371782647,49.079571362093574],[2.429367585959445,49.079970188351787]]}},
{"type":"Feature","properties":{"GCIdentifi":130415,"GCCalculat":328.93228999374037,"Nom":"AX_249","code":"OISE12","source_doc":null,"date_visit":null},"geometry":{"type":"LineString","coordinates":[[2.438653408706358,49.081921774210173],[2.436997339759357,49.082095028967629],[2.435149770300787,49.082258306759698],[2.434245913512477,49.082474672598956],[2.434245913512477,49.082474672598956]]}},
{"type":"Feature","properties":{"GCIdentifi":130414,"GCCalculat":638.18335323979886,"Nom":"AX_250","code":"OISE12","source_doc":null,"date_visit":null},"geometry":{"type":"LineString","coordinates":[[2.435075513118435,49.079299593392385],[2.435733695223954,49.080198451139246],[2.435584735014319,49.080936317973645],[2.435256275894529,49.081665338471396],[2.434327646309656,49.082312903838272],[2.433205923768697,49.083023517222067],[2.432085823733884,49.083709400754323],[2.431730668736652,49.083925272399775],[2.431730668736652,49.083925272399775]]}},
{"type":"Feature","properties":{"GCIdentifi":130437,"GCCalculat":454.27170562218458,"Nom":"AX_251","code":"OISE12","source_doc":null,"date_visit":"2010-10-28"},"geometry":{"type":"LineString","coordinates":[[2.393944580613193,49.099223539645173],[2.394862921336447,49.099273607218528],[2.396535646661989,49.099546729735614],[2.397440544908471,49.09978093526464],[2.398372702094889,49.099924160268806],[2.399321759805673,49.099906812839087],[2.400351154423717,49.099721368449671]]}},
{"type":"Feature","properties":{"GCIdentifi":130446,"GCCalculat":543.04602539803659,"Nom":"AX_252","code":"OISE12","source_doc":null,"date_visit":"2008-03-13"},"geometry":{"type":"LineString","coordinates":[[2.383629497203693,49.102574325607954],[2.384905786449124,49.103139729866477],[2.386381769963422,49.103259266929662],[2.388457833091554,49.10318872168429],[2.389825978759189,49.103198215769574],[2.390655754251267,49.103520088902215]]}},
{"type":"Feature","properties":{"GCIdentifi":130445,"GCCalculat":180.17857708966631,"Nom":"AX_253","code":"OISE12","source_doc":null,"date_visit":"2008-02-19"},"geometry":{"type":"LineString","coordinates":[[2.392230937101834,49.102106772120038],[2.391545600927232,49.10249560129629],[2.391007497099491,49.103015754175694],[2.390677794407463,49.103348276193906],[2.390677794407463,49.103348276193906]]}},
{"type":"Feature","properties":{"GCIdentifi":130456,"GCCalculat":184.90323524990782,"Nom":"AX_254","code":"OISE12","source_doc":null,"date_visit":"2007-12-18"},"geometry":{"type":"LineString","coordinates":[[2.383471451394783,49.112706049872791],[2.384249276258495,49.112248725751094],[2.385056204712982,49.111828436656417],[2.385343325415406,49.111593639267184]]}},
{"type":"Feature","properties":{"GCIdentifi":130454,"GCCalculat":212.37795630519906,"Nom":"AX_255","code":"OISE12","source_doc":null,"date_visit":"2007-12-18"},"geometry":{"type":"LineString","coordinates":[[2.376017506891414,49.110996447822643],[2.377850624603039,49.110448966355762],[2.378727969938364,49.110331875502396],[2.378727969938364,49.110331875502396]]}},
{"type":"Feature","properties":{"GCIdentifi":130476,"GCCalculat":201.87865480509018,"Nom":"AX_256","code":"OISE12","source_doc":null,"date_visit":"2009-01-19"},"geometry":{"type":"LineString","coordinates":[[2.354994681026058,49.111111715972704],[2.355535152063734,49.11103863614678],[2.356486070660728,49.110895882681007],[2.358263120406282,49.110687831359776]]}},
{"type":"Feature","properties":{"GCIdentifi":130496,"GCCalculat":125.83854671305667,"Nom":"AX_257","code":"OISE12","source_doc":null,"date_visit":"2009-01-19"},"geometry":{"type":"LineString","coordinates":[[2.341539379300854,49.118383605356904],[2.341599230609634,49.117995094958431],[2.341907080607784,49.117417936987074],[2.342110641991705,49.117230412708608]]}},
{"type":"Feature","properties":{"GCIdentifi":130465,"GCCalculat":150.01315135095766,"Nom":"AX_258","code":"OISE12","source_doc":null,"date_visit":"2007-12-18"},"geometry":{"type":"LineString","coordinates":[[2.37346843557629,49.112600755315256],[2.37314078133875,49.113615912623878],[2.372963065573622,49.113904560635447],[2.372963065573622,49.113904560635447]]}},
{"type":"Feature","properties":{"GCIdentifi":130472,"GCCalculat":163.14353612097133,"Nom":"AX_259","code":"OISE12","source_doc":null,"date_visit":"2007-12-18"},"geometry":{"type":"LineString","coordinates":[[2.369921835661341,49.108897468262285],[2.3688360387917,49.109299758127086],[2.368001571222113,49.10964696523785]]}},
{"type":"Feature","properties":{"GCIdentifi":130490,"GCCalculat":414.66386165367908,"Nom":"AX_260","code":"OISE12","source_doc":null,"date_visit":"2009-01-19"},"geometry":{"type":"LineString","coordinates":[[2.351935921231849,49.115085981768971],[2.351072351258519,49.116013582085699],[2.350552496170875,49.116692992388828],[2.350195187128395,49.117434122377354],[2.350279234267818,49.118216756549387],[2.350286123733722,49.118463766672853],[2.35022462866969,49.118799520076685]]}},
{"type":"Feature","properties":{"GCIdentifi":130486,"GCCalculat":121.47706871439586,"Nom":"AX_261","code":"OISE12","source_doc":null,"date_visit":"2009-01-19"},"geometry":{"type":"LineString","coordinates":[[2.344174466856966,49.111060127911763],[2.344378139871922,49.111797846660643],[2.344624510759857,49.112321092625848],[2.345031651268641,49.112642197634074]]}},
{"type":"Feature","properties":{"GCIdentifi":130491,"GCCalculat":284.44064964752545,"Nom":"AX_262","code":"OISE12","source_doc":null,"date_visit":null},"geometry":{"type":"LineString","coordinates":[[2.338697785904449,49.113769826284276],[2.339147669620381,49.114426706809148],[2.3394744110741,49.115111636341311],[2.339719047565218,49.11548667721258],[2.340066336225483,49.11588864321525]]}},
{"type":"Feature","properties":{"GCIdentifi":130495,"GCCalculat":123.48797633957724,"Nom":"AX_263","code":"OISE12","source_doc":null,"date_visit":"2009-01-19"},"geometry":{"type":"LineString","coordinates":[[2.338800572819075,49.118424122114874],[2.339289828714407,49.118102970389437],[2.339556668868356,49.117873889534991],[2.340045895173783,49.117512327493614]]}},
{"type":"Feature","properties":{"GCIdentifi":130499,"GCCalculat":341.70705818708922,"Nom":"AX_264","code":"OISE12","source_doc":null,"date_visit":null},"geometry":{"type":"LineString","coordinates":[[2.343909246046818,49.122313525856171],[2.344829759791121,49.122850195802577],[2.345053882829505,49.122971449455648],[2.34525920973268,49.1230646375652],[2.345462812789747,49.123185904621778]]}},
{"type":"Feature","properties":{"GCIdentifi":130503,"GCCalculat":261.10872839842813,"Nom":"AX_265","code":"OISE12","source_doc":null,"date_visit":"2006-12-05"},"geometry":{"type":"LineString","coordinates":[[2.400721672761601,49.124596797467312],[2.402211364523282,49.124228790122665],[2.402847797476388,49.124207090036016],[2.404184151006438,49.124326465093304]]}},
{"type":"Feature","properties":{"GCIdentifi":130508,"GCCalculat":967.66649684102549,"Nom":"AX_266","code":"OISE12","source_doc":null,"date_visit":"2010-03-11"},"geometry":{"type":"LineString","coordinates":[[2.416091311271312,49.120873465725523],[2.41672095367822,49.122322378317385],[2.417086395370958,49.122890747899028],[2.417296519021091,49.123165691547136],[2.417451943648216,49.123321164679581],[2.418048356215666,49.123856967876826],[2.418526715560926,49.124093815873685],[2.418855076867504,49.124325019264312],[2.420709068832058,49.124984840758025],[2.422189946978853,49.125531710883806],[2.424397693094237,49.125890512212102],[2.425328582140746,49.125980746793296],[2.425328582140746,49.125980746793296]]}},
{"type":"Feature","properties":{"GCIdentifi":130504,"GCCalculat":355.54606244089769,"Nom":"AX_267","code":"OISE12","source_doc":null,"date_visit":"2006-12-05"},"geometry":{"type":"LineString","coordinates":[[2.403403146961503,49.121168280833444],[2.402975294057202,49.122323966472173],[2.402729583236502,49.122808056485511],[2.402736922863963,49.123188708715425],[2.403826201293361,49.124047088708181]]}},
{"type":"Feature","properties":{"GCIdentifi":130509,"GCCalculat":456.02446864021658,"Nom":"AX_268","code":"OISE12","source_doc":null,"date_visit":"2008-02-19"},"geometry":{"type":"LineString","coordinates":[[2.434714875841786,49.11216859088244],[2.435262384872086,49.113096751257132],[2.436129648146886,49.113966220067255],[2.436845382751666,49.114323792697483],[2.437235816420873,49.114546912737531],[2.437355861124005,49.114691649043074],[2.43749680341173,49.115026153343479],[2.437737513531438,49.115630033884209]]}},
{"type":"Feature","properties":{"GCIdentifi":130515,"GCCalculat":923.2789113068045,"Nom":"AX_269","code":"OISE12","source_doc":null,"date_visit":"2010-10-25"},"geometry":{"type":"LineString","coordinates":[[2.425090663877671,49.141310881990393],[2.424486391411811,49.139201780882587],[2.423622737818421,49.137844503381679],[2.422595517041101,49.136686457276411],[2.421691473408075,49.135740795721745],[2.421178702074526,49.135091170350307],[2.419699485909991,49.134272141873581],[2.418887642833739,49.133664804677814],[2.418887642833739,49.133664804677814]]}},
{"type":"Feature","properties":{"GCIdentifi":130514,"GCCalculat":600.73610419380623,"Nom":"AX_270","code":"OISE12","source_doc":null,"date_visit":null},"geometry":{"type":"LineString","coordinates":[[2.417306627123595,49.139007389339788],[2.41708551257396,49.137748811107663],[2.417042022140676,49.136255444309832],[2.417258914078602,49.134924690587113],[2.417504068033855,49.13414188122831],[2.417503241370838,49.13363770139609],[2.417503241370838,49.13363770139609]]}},
{"type":"Feature","properties":{"GCIdentifi":130421,"GCCalculat":1162.1215032751797,"Nom":"AX_271","code":"OISE12","source_doc":null,"date_visit":null},"geometry":{"type":"LineString","coordinates":[[2.415687344600164,49.088309478038745],[2.416457357129004,49.088801150712833],[2.416883607451365,49.089134348679522],[2.41789837876855,49.089708544478746],[2.418611523711519,49.09086795813792],[2.419187227601695,49.091614263585292],[2.419751181308601,49.092477344010994],[2.42008069482856,49.093213706801272],[2.420724799225716,49.093924025368167],[2.421712397630694,49.094517305400117],[2.4231925825247,49.095180934124976],[2.4231925825247,49.095180934124976]]}},
{"type":"Feature","properties":{"GCIdentifi":130423,"GCCalculat":479.3969833968788,"Nom":"AX_272","code":"OISE12","source_doc":null,"date_visit":null},"geometry":{"type":"LineString","coordinates":[[2.422416543416594,49.089390861689523],[2.422458784393082,49.090083642646839],[2.422391674083323,49.090838271675331],[2.422131041962571,49.091387540115441],[2.422022148372394,49.091693050304038],[2.421776753651419,49.092170441120565],[2.421271288195896,49.09253014029612],[2.420545320202677,49.092934891956091],[2.420107950453157,49.093141825690012],[2.420107950453157,49.093141825690012]]}},
{"type":"Feature","properties":{"GCIdentifi":130424,"GCCalculat":324.86303066402911,"Nom":"AX_273","code":"OISE12","source_doc":null,"date_visit":null},"geometry":{"type":"LineString","coordinates":[[2.413172624116987,49.088497946920256],[2.413173540944666,49.08909081493114],[2.413284385912815,49.090018234998851],[2.413600181898788,49.090799544271768],[2.413929307068214,49.091348406474502],[2.413929307068214,49.091348406474502]]}},
{"type":"Feature","properties":{"GCIdentifi":130425,"GCCalculat":308.06940610348391,"Nom":"AX_274","code":"OISE12","source_doc":null,"date_visit":null},"geometry":{"type":"LineString","coordinates":[[2.405725256060935,49.089644601552862],[2.406888296282533,49.089950453978503],[2.407861699930537,49.090354078738649],[2.408725652461374,49.090730830091502],[2.40940989751752,49.090972944099775],[2.40940989751752,49.090972944099775]]}},
{"type":"Feature","properties":{"GCIdentifi":130426,"GCCalculat":1478.8418319998909,"Nom":"AX_275","code":"OISE12","source_doc":null,"date_visit":null},"geometry":{"type":"LineString","coordinates":[[2.402884175357663,49.095077597598888],[2.403459507148264,49.094412523047517],[2.404293072173851,49.093800084312804],[2.405085518143673,49.093133739033462],[2.405879870594141,49.09263022420712],[2.407178092170637,49.091774943192434],[2.408396483365593,49.091307057556861],[2.409917745012157,49.091018659731809],[2.411259663457325,49.090872958579126],[2.412340297262212,49.090917160521769],[2.413792309087467,49.091203659154012],[2.41469529489475,49.091365858883066],[2.416395634437926,49.091885703243371],[2.418203450337752,49.092243774281712],[2.419065893840817,49.092675452575918],[2.419820391263934,49.092954513101532],[2.419820391263934,49.092954513101532]]}},
{"type":"Feature","properties":{"GCIdentifi":130468,"GCCalculat":483.07832068559532,"Nom":"AX_276","code":"OISE12","source_doc":null,"date_visit":"2007-12-18"},"geometry":{"type":"LineString","coordinates":[[2.359905354363091,49.107513170285259],[2.361137124853274,49.108250646781414],[2.362351894996923,49.109100402906641],[2.362574697339251,49.109923412428266],[2.362436479562442,49.110580316602295],[2.362464141141796,49.111165323602926]]}},
{"type":"Feature","properties":{"GCIdentifi":130493,"GCCalculat":374.48990677888639,"Nom":"AX_277","code":"OISE12","source_doc":null,"date_visit":null},"geometry":{"type":"LineString","coordinates":[[2.335059381527791,49.116425410617353],[2.336368019793284,49.116143584167801],[2.33841218683231,49.115714637869182],[2.339229856754469,49.115714618608898],[2.339907237176961,49.115816783728278],[2.339907237176961,49.115816783728278]]}},
{"type":"Feature","properties":{"GCIdentifi":130431,"GCCalculat":273.62628244979504,"Nom":"AX_278","code":"OISE12","source_doc":null,"date_visit":null},"geometry":{"type":"LineString","coordinates":[[2.427212600113663,49.092417821049821],[2.426748462574718,49.09292123446987],[2.426243426095971,49.093515633007193],[2.425230373089192,49.094011600093275],[2.424724524772224,49.094154599539763],[2.424724524772224,49.094154599539763]]}},
{"type":"Feature","properties":{"GCIdentifi":130513,"GCCalculat":534.91304582720466,"Nom":"AX_279","code":"OISE12","source_doc":null,"date_visit":"2010-10-25"},"geometry":{"type":"LineString","coordinates":[[2.41070509202762,49.13992345060052],[2.410348960545918,49.139698143758991],[2.409983364364812,49.13873150362496],[2.40969273160111,49.13748281956272],[2.409395018681082,49.13680958160915],[2.409395018681082,49.13680958160915]]}},
{"type":"Feature","properties":{"GCIdentifi":130483,"GCCalculat":174.97510642720098,"Nom":"AX_280","code":"OISE12","source_doc":null,"date_visit":"2009-01-19"},"geometry":{"type":"LineString","coordinates":[[2.355302622910327,49.115931022463229],[2.355058136087614,49.116210654396603],[2.354741812505301,49.116668827463528],[2.35452643154704,49.117037178613202]]}},
{"type":"Feature","properties":{"GCIdentifi":130480,"GCCalculat":406.01470206350939,"Nom":"AX_281","code":"OISE12","source_doc":null,"date_visit":"2007-12-18"},"geometry":{"type":"LineString","coordinates":[[2.361129639962984,49.117351483139402],[2.362005663462559,49.117702764747321],[2.362580571236795,49.117944063638149],[2.363266647586168,49.118151637426799],[2.365307790659175,49.118691246250926]]}},
{"type":"Feature","properties":{"GCIdentifi":130485,"GCCalculat":343.1305900877004,"Nom":"AX_282","code":"OISE12","source_doc":null,"date_visit":"2009-01-19"},"geometry":{"type":"LineString","coordinates":[[2.342765175206112,49.11183723757042],[2.343971095876014,49.1121863826733],[2.345421670306445,49.112817323331171],[2.347057059594769,49.113527986475191],[2.347240096287714,49.113688522268539],[2.347424914118128,49.11402426362482]]}},
{"type":"Feature","properties":{"GCIdentifi":130447,"GCCalculat":112.23687603427109,"Nom":"AX_283","code":"OISE12","source_doc":null,"date_visit":"2008-03-13"},"geometry":{"type":"LineString","coordinates":[[2.387136480726054,49.103764214775325],[2.387827029169534,49.103410225190053],[2.388427105294324,49.103228046637113]]}},
{"type":"Feature","properties":{"GCIdentifi":130443,"GCCalculat":329.67619851470761,"Nom":"AX_284","code":"OISE12","source_doc":null,"date_visit":"2008-02-19"},"geometry":{"type":"LineString","coordinates":[[2.397248061854165,49.105989379434398],[2.397669199622704,49.106331623544833],[2.398177434151415,49.106564922057366],[2.399123585728954,49.106861970838487],[2.399987442802126,49.106987244344182],[2.400993132591651,49.107008028299639],[2.401278728367497,49.107003390223738]]}},
{"type":"Feature","properties":{"GCIdentifi":130505,"GCCalculat":267.14438329211589,"Nom":"AX_285","code":"OISE12","source_doc":null,"date_visit":"2007-12-18"},"geometry":{"type":"LineString","coordinates":[[2.404577059591303,49.121397798255536],[2.404331436291203,49.12192006003027],[2.404291518875934,49.122757753418128],[2.404443056703487,49.123467307331708],[2.404580297176427,49.123754689034151],[2.404580297176427,49.123754689034151]]}},
{"type":"Feature","properties":{"GCIdentifi":130417,"GCCalculat":630.82625858924848,"Nom":"AX_286","code":"OISE12","source_doc":null,"date_visit":null},"geometry":{"type":"LineString","coordinates":[[2.425713612655453,49.087930873801042],[2.427630151919252,49.087957457095058],[2.429396204174609,49.087954909528534],[2.431285368614216,49.087972474963991],[2.433230855604032,49.087924818193287],[2.43431171334624,49.088112552990133],[2.43431171334624,49.088112552990133]]}},
{"type":"Feature","properties":{"GCIdentifi":130419,"GCCalculat":429.736229550715,"Nom":"AX_287","code":"OISE12","source_doc":null,"date_visit":null},"geometry":{"type":"LineString","coordinates":[[2.420724765786507,49.084824261268601],[2.421092492873985,49.08392456864977],[2.421692929925909,49.083168428952369],[2.422484522835451,49.082241483704657],[2.423292331318052,49.081808570390734],[2.42360639331271,49.081547829081622],[2.42360639331271,49.081547829081622]]}},
{"type":"Feature","properties":{"GCIdentifi":130430,"GCCalculat":395.66105313677406,"Nom":"AX_288","code":"OISE12","source_doc":null,"date_visit":"2010-10-28"},"geometry":{"type":"LineString","coordinates":[[2.433135215956073,49.092718115496687],[2.432699080699657,49.0940209506972],[2.432125580463265,49.095037404487272],[2.431726569701479,49.095974628795474],[2.43153936037799,49.096647533820132],[2.431647545856736,49.097219413562321],[2.432094376563581,49.098209068820417],[2.433941801481013,49.099432732876444],[2.435763537869683,49.100523434508226],[2.436972072871061,49.101229185345687],[2.439808329904426,49.102485918681573]]}},
{"type":"Feature","properties":{"GCIdentifi":130376,"GCCalculat":265.44218039071899,"Nom":"AX_289","code":"OISE12","source_doc":null,"date_visit":"2012-02-10"},"geometry":{"type":"LineString","coordinates":[[2.485953778823811,49.084551333513637],[2.487205777947898,49.085143922912572]]}},
{"type":"Feature","properties":{"GCIdentifi":130355,"GCCalculat":199.13706381058108,"Nom":"AX_292","code":"OISE12","source_doc":null,"date_visit":null},"geometry":{"type":"LineString","coordinates":[[2.468901089522704,49.131656637084895],[2.469105791658407,49.130780559408464],[2.469147234936956,49.130288705042162],[2.469187232655043,49.129877700945727]]}},
{"type":"Feature","properties":{"GCIdentifi":130400,"GCCalculat":466.02770278976527,"Nom":"AX_293","code":"OISE12","source_doc":null,"date_visit":null},"geometry":{"type":"LineString","coordinates":[[2.452953012909801,49.073284539542172],[2.452913625766497,49.073977405806318],[2.453025709493546,49.07513720187282],[2.453205931115039,49.076180182222245],[2.453508079108144,49.076746928631977],[2.453755785174522,49.077412549567541],[2.453755785174522,49.077412549567541]]}},
{"type":"Feature","properties":{"GCIdentifi":130406,"GCCalculat":677.63726572458575,"Nom":"AX_294","code":"OISE12","source_doc":null,"date_visit":"2010-10-28"},"geometry":{"type":"LineString","coordinates":[[2.44043272588207,49.081822486360167],[2.442145527974753,49.082444479149054],[2.443693330031236,49.082961471718605],[2.445172481033279,49.08316669678559],[2.447267056250634,49.083380291621346],[2.44840823358444,49.083457600370302],[2.449862610817186,49.084131462280411]]}},
{"type":"Feature","properties":{"GCIdentifi":130370,"GCCalculat":1476.9327784821637,"Nom":"AX_295","code":"OISE12","source_doc":null,"date_visit":"2012-02-10"},"geometry":{"type":"LineString","coordinates":[[2.494757879629708,49.078514459973768],[2.494431444257947,49.078901035705798],[2.494433983744286,49.080245637770503],[2.494753071196504,49.08117074878097],[2.495167970721497,49.081890966668446],[2.495922091566966,49.082825811676486],[2.496821542278272,49.083786471495443],[2.496842423717816,49.084854017615342],[2.496882323970099,49.085572656648104],[2.49639587661506,49.086611498007478],[2.495966009703804,49.086913014169511],[2.49440415133647,49.087134119340107],[2.492143960064053,49.087523417487844],[2.490125733644464,49.088346907389585],[2.489963933598498,49.088651507499847],[2.489435156064769,49.089646835965389],[2.489682267111544,49.091342786603128]]}},
{"type":"Feature","properties":{"GCIdentifi":130378,"GCCalculat":1540.6937825246353,"Nom":"AX_296","code":"OISE12","source_doc":null,"date_visit":"2010-10-28"},"geometry":{"type":"LineString","coordinates":[[2.480791412256375,49.080194407673396],[2.479886165270669,49.081222108909969],[2.477912601978663,49.08353426965472],[2.476938363165543,49.084570772563886],[2.476418678994908,49.085172144515369],[2.476481680194209,49.086043818901757],[2.476470287723363,49.086709965312686],[2.476472426956589,49.087266977903269],[2.47676168377656,49.088309852612902],[2.477038143938804,49.089083340108516],[2.477021216005513,49.089678625922694],[2.476845844675905,49.090533335271402],[2.476806294907874,49.091055538362092],[2.476548395906591,49.091765502753461],[2.476202156151784,49.09267320716382]]}},
{"type":"Feature","properties":{"GCIdentifi":130382,"GCCalculat":354.27373731071441,"Nom":"AX_297","code":"OISE12","source_doc":null,"date_visit":"2010-10-28"},"geometry":{"type":"LineString","coordinates":[[2.473279770239581,49.083244566491508],[2.474220914972691,49.083580292999116],[2.47489561279552,49.084001688233933],[2.475915196514839,49.084863961473296],[2.476418678994908,49.085172144515369]]}},
{"type":"Feature","properties":{"GCIdentifi":130385,"GCCalculat":455.15816576579385,"Nom":"AX_299","code":"OISE12","source_doc":null,"date_visit":"2008-03-13"},"geometry":{"type":"LineString","coordinates":[[2.473613605444089,49.087134935046073],[2.472629190253032,49.087865969604202],[2.471745277970524,49.088489072330908],[2.470944628802733,49.08892231155815],[2.470142161264655,49.089315138733994],[2.469424523235868,49.090113201624817]]}},
{"type":"Feature","properties":{"GCIdentifi":130386,"GCCalculat":389.46172266038093,"Nom":"AX_300","code":"OISE12","source_doc":null,"date_visit":"2008-03-13"},"geometry":{"type":"LineString","coordinates":[[2.467503778694995,49.080128572769645],[2.466291618415322,49.080698097304023],[2.465160698954939,49.08096886783494],[2.463730298569098,49.081101836627624],[2.462630202018012,49.08140508134543]]}},
{"type":"Feature","properties":{"GCIdentifi":130388,"GCCalculat":2328.8710890908251,"Nom":"AX_301","code":"OISE12","source_doc":null,"date_visit":"2008-03-13"},"geometry":{"type":"LineString","coordinates":[[2.463153296550089,49.076714272985051],[2.463669920988387,49.077551373859229],[2.463709378556055,49.078274470867314],[2.463645596046813,49.079407498722212],[2.46349679012133,49.080027493570242],[2.4633684039544,49.08063285990287],[2.462855133936508,49.081116271816775],[2.461869392433858,49.082026867363602],[2.461274302085861,49.082622641310067],[2.461460924035417,49.083419675841171],[2.461936537004401,49.084243359312957],[2.462145051573468,49.084905626026341],[2.462250821398258,49.085487156365879],[2.462143464157615,49.086296871881721],[2.462240968235957,49.086998544521727],[2.461926549563152,49.087735499445081],[2.461093817406544,49.088348359418148],[2.460589001382418,49.088851964205197],[2.459467726616567,49.089653776667092],[2.458826003745929,49.090103609474305],[2.457854823315103,49.090771614597777],[2.456650833568677,49.091346658139344],[2.456009276685358,49.091888566435095],[2.454996800539805,49.092482469180403],[2.454380444874778,49.092843548011942],[2.453806622119123,49.093131599616896],[2.452330055774845,49.093438494965028],[2.451357444598151,49.093556245325878],[2.451357444598151,49.093556245325878]]}},
{"type":"Feature","properties":{"GCIdentifi":130391,"GCCalculat":251.7638936258202,"Nom":"AX_302","code":"OISE12","source_doc":null,"date_visit":"2008-03-13"},"geometry":{"type":"LineString","coordinates":[[2.455642078845629,49.089207515363185],[2.455945074090669,49.09007517785664],[2.456224467048232,49.090367962708626],[2.45640666065592,49.090774247010195],[2.456666249313907,49.091354514394318]]}},
{"type":"Feature","properties":{"GCIdentifi":130494,"GCCalculat":554.66755427181749,"Nom":"AX_303","code":"OISE12","source_doc":null,"date_visit":"2009-01-19"},"geometry":{"type":"LineString","coordinates":[[2.335468190608605,49.117807657622116],[2.337166893805076,49.117623518581411],[2.338677385292027,49.117593187418365],[2.341181781437644,49.117407861780521],[2.342374064789258,49.117120342824926],[2.342374064789258,49.117120342824926]]}},
{"type":"Feature","properties":{"GCIdentifi":130393,"GCCalculat":2454.4776048224517,"Nom":"AX_304","code":"OISE12","source_doc":null,"date_visit":"2010-10-28"},"geometry":{"type":"LineString","coordinates":[[2.461894551123491,49.068985795229061],[2.461801776213053,49.070145812365297],[2.461761631587958,49.071162072158266],[2.461723751040828,49.071729147341649],[2.461476728837326,49.072043826011054],[2.460971583152403,49.072349802725242],[2.460137910376665,49.072494413291921],[2.45984938555708,49.072620500963311],[2.458879831401591,49.07311671103367],[2.458154363764134,49.073476802035678],[2.45732138609208,49.073927946613559],[2.456501018996959,49.074638450760354],[2.45538063535921,49.075709725784726],[2.454985347016834,49.076232259876797],[2.45441274572118,49.076942504986334],[2.453755987848508,49.077493384666141],[2.452238810588186,49.078509998698067],[2.451420043998307,49.07924853557936],[2.450544915430491,49.080005097644438],[2.45004067141922,49.080770291804541],[2.44946753198066,49.081291847914805],[2.449117366155225,49.081911180989302],[2.449862610817186,49.084131462280411],[2.449961961791949,49.084843019260859],[2.449938710149259,49.085646555231946],[2.449766384599185,49.086604331731849],[2.449554272659845,49.087279376628508],[2.449027348498422,49.088179167968633],[2.448530368023532,49.08916449461195],[2.448534231290702,49.090598452601611],[2.448537205897821,49.091631916592327],[2.44832216017964,49.092106982059995],[2.447551632809813,49.092471364858014],[2.446538165806162,49.092412854170618]]}},
{"type":"Feature","properties":{"GCIdentifi":130402,"GCCalculat":709.41823772741088,"Nom":"AX_305","code":"OISE12","source_doc":null,"date_visit":null},"geometry":{"type":"LineString","coordinates":[[2.450256394819841,49.07344893825352],[2.449394362479854,49.073927004989663],[2.449507404813005,49.074781400756699],[2.449795787299609,49.07532907723327],[2.449865180675262,49.075779288860133],[2.449976086212816,49.076443905586871],[2.450059761408683,49.077154604870572],[2.450745594203724,49.078080293585217],[2.45096656170154,49.079024427679713],[2.451064871280669,49.079401613747379],[2.451064871280669,49.079401613747379]]}},
{"type":"Feature","properties":{"GCIdentifi":130407,"GCCalculat":496.97210483731686,"Nom":"AX_306","code":"OISE12","source_doc":null,"date_visit":"2010-10-28"},"geometry":{"type":"LineString","coordinates":[[2.444448168339414,49.080256882477101],[2.445641177867389,49.080973270872022],[2.446906204708737,49.081786160599897],[2.447404432606465,49.082129276000259],[2.448037882258698,49.082550867788434],[2.448597870323499,49.083005099975402],[2.449862610817186,49.084131462280411]]}},
{"type":"Feature","properties":{"GCIdentifi":130408,"GCCalculat":430.23703486969714,"Nom":"AX_307","code":"OISE12","source_doc":null,"date_visit":"2010-10-28"},"geometry":{"type":"LineString","coordinates":[[2.443390670932077,49.085710520881207],[2.444495719555129,49.086395587290966],[2.445823660643274,49.087234930521909],[2.446839484170844,49.087912621325742],[2.447872252981658,49.088667671499657],[2.448530368023532,49.08916449461195]]}},
{"type":"Feature","properties":{"GCIdentifi":130409,"GCCalculat":1017.9539958758152,"Nom":"AX_308","code":"OISE12","source_doc":null,"date_visit":null},"geometry":{"type":"LineString","coordinates":[[2.428081629033068,49.073190187257602],[2.4286301226604,49.074044266477593],[2.42898912355177,49.075913556455241],[2.429362151211582,49.07705634334571],[2.429542337437526,49.078359863261774],[2.429393876780131,49.07940313416492],[2.429367585959445,49.079970188351787],[2.428999429263238,49.080546525520006],[2.428561665639518,49.081373313803098],[2.428357900732035,49.082111189535198],[2.428357900732035,49.082111189535198]]}},
{"type":"Feature","properties":{"GCIdentifi":130412,"GCCalculat":914.83535307547209,"Nom":"AX_309","code":"OISE12","source_doc":null,"date_visit":null},"geometry":{"type":"LineString","coordinates":[[2.424647625726807,49.073948569371908],[2.424950931859474,49.075350797461589],[2.425131304987675,49.076817120431919],[2.425461201011157,49.077770187875302],[2.42606648486314,49.078838707793558],[2.426655673368037,49.079477160880657],[2.426505166435426,49.079433490157989],[2.427628161889468,49.080357861781124],[2.4287525467855,49.081067725993599],[2.428644609688213,49.080924103407604],[2.428644609688213,49.080924103407604]]}},
{"type":"Feature","properties":{"GCIdentifi":130413,"GCCalculat":2164.6616261531071,"Nom":"AX_310","code":"OISE12","source_doc":null,"date_visit":"2010-10-28"},"geometry":{"type":"LineString","coordinates":[[2.419568991699355,49.078304248842876],[2.421356970394132,49.078635658415394],[2.422590475562451,49.079255679024634],[2.423029078355485,49.079849367666519],[2.423235827859802,49.080775582997951],[2.423852443259825,49.081484763987646],[2.424688880991133,49.081789546543959],[2.426167920834822,49.082005130151217],[2.426892852800376,49.082076429777103],[2.427906715925988,49.082174429626619],[2.429253682171685,49.08247240131255]]}},
{"type":"Feature","properties":{"GCIdentifi":130429,"GCCalculat":600.23266400214209,"Nom":"AX_311","code":"OISE12","source_doc":null,"date_visit":"2010-10-28"},"geometry":{"type":"LineString","coordinates":[[2.427199935329855,49.089806269806353],[2.427516901319559,49.090625689081094],[2.428287223280715,49.091512316679015],[2.429266483056647,49.091732368646703],[2.431005595001642,49.091874692188313],[2.432088777203937,49.092342037174674],[2.432376845454165,49.092772982047286],[2.432665390434785,49.093438604962692],[2.432665390434785,49.093438604962692]]}},
{"type":"Feature","properties":{"GCIdentifi":130432,"GCCalculat":402.83719150785447,"Nom":"AX_312","code":"OISE12","source_doc":null,"date_visit":null},"geometry":{"type":"LineString","coordinates":[[2.426163538114322,49.094720545611999],[2.42664337529509,49.095314165315912],[2.427042893238402,49.095933681947692],[2.4277550859263,49.096410328025236],[2.428521722985994,49.096715150633123],[2.429604363853589,49.096858003723511],[2.430041971138619,49.096785782719614],[2.430041971138619,49.096785782719614]]}},
{"type":"Feature","properties":{"GCIdentifi":130433,"GCCalculat":217.46141171332386,"Nom":"AX_313","code":"OISE12","source_doc":null,"date_visit":"2010-10-28"},"geometry":{"type":"LineString","coordinates":[[2.397727211320105,49.09710265594714],[2.398267583496348,49.097539270124827],[2.399130736704397,49.098177248625284],[2.400174763217362,49.099084238005446]]}},
{"type":"Feature","properties":{"GCIdentifi":130438,"GCCalculat":262.08786094156426,"Nom":"AX_314","code":"OISE12","source_doc":null,"date_visit":"2010-10-28"},"geometry":{"type":"LineString","coordinates":[[2.404314337812381,49.099351531179927],[2.403603581161672,49.099825802891246],[2.402809853450983,49.100213637426698],[2.402253613725449,49.100540723550239],[2.401989681510969,49.101127763822163]]}},
{"type":"Feature","properties":{"GCIdentifi":130439,"GCCalculat":423.95868917816352,"Nom":"AX_315","code":"OISE12","source_doc":null,"date_visit":"2008-02-19"},"geometry":{"type":"LineString","coordinates":[[2.397531274604778,49.101254083976926],[2.397969405882329,49.101541314637558],[2.398804740733397,49.102187623291833],[2.399448424939809,49.10270717018728],[2.400486322517848,49.102598814555726],[2.401498664907261,49.102535360664987],[2.40196381591786,49.102526120807894],[2.402305797374254,49.102507950013553]]}},
{"type":"Feature","properties":{"GCIdentifi":130440,"GCCalculat":498.37731285013274,"Nom":"AX_316","code":"OISE12","source_doc":null,"date_visit":null},"geometry":{"type":"LineString","coordinates":[[2.403635520625594,49.1032157266783],[2.404867713830658,49.103835950877631],[2.406101107475564,49.10409573081251],[2.406896776817578,49.104400670580119],[2.407758851529287,49.104498950745224],[2.409019862314124,49.104903516441368],[2.409786189179626,49.104992868530786],[2.409786189179626,49.104992868530786]]}},
{"type":"Feature","properties":{"GCIdentifi":130441,"GCCalculat":625.23201092578392,"Nom":"AX_317","code":"OISE12","source_doc":null,"date_visit":null},"geometry":{"type":"LineString","coordinates":[[2.406784546481619,49.102432345212527],[2.407688338504924,49.103024674664212],[2.408552759671477,49.103573204085052],[2.409456916018714,49.104381107186278],[2.410006731949217,49.104947807017332],[2.410472962295338,49.105658288615871],[2.411310822180756,49.106681804942433],[2.41166530500544,49.106988121281091],[2.41166530500544,49.106988121281091]]}},
{"type":"Feature","properties":{"GCIdentifi":130444,"GCCalculat":1356.7628769202763,"Nom":"AX_318","code":"OISE12","source_doc":null,"date_visit":"2008-02-19"},"geometry":{"type":"LineString","coordinates":[[2.389086186481257,49.100623817076915],[2.389752425027971,49.101581314581217],[2.39018260259348,49.10247267466935],[2.390979541683797,49.104040954710094],[2.391378548714936,49.104507883111943],[2.392837399993427,49.106069074247571],[2.394364774903733,49.107631363190819],[2.395207322915747,49.108557314836169],[2.395552071486166,49.10938019082392],[2.3958032205755,49.110586030000796],[2.396422053165987,49.111701848564891]]}},
{"type":"Feature","properties":{"GCIdentifi":130448,"GCCalculat":343.37334756996586,"Nom":"AX_319","code":"OISE12","source_doc":null,"date_visit":"2008-03-13"},"geometry":{"type":"LineString","coordinates":[[2.3860314772404,49.106992947842556],[2.387231667469038,49.106560128392516],[2.388218420271594,49.106484454397766],[2.389927508292675,49.106973256905071],[2.390391065787606,49.107044903859048]]}},
{"type":"Feature","properties":{"GCIdentifi":130451,"GCCalculat":280.97851500949639,"Nom":"AX_320","code":"OISE12","source_doc":null,"date_visit":null},"geometry":{"type":"LineString","coordinates":[[2.396172260033178,49.105965226906775],[2.396201664857286,49.106217851995922],[2.396173245819539,49.106788291956335],[2.395917273344665,49.107246554658666],[2.395421760352893,49.107645429719881],[2.394763798592852,49.108071331444805],[2.394847493177,49.107996054443149]]}},
{"type":"Feature","properties":{"GCIdentifi":130452,"GCCalculat":2473.669255218299,"Nom":"AX_321","code":"OISE12","source_doc":null,"date_visit":"2007-12-18"},"geometry":{"type":"LineString","coordinates":[[2.375109369995365,49.108912717885737],[2.375727325078418,49.109577249937225],[2.37681037835505,49.110045102685596],[2.377891397379351,49.110098631810907],[2.381249383370563,49.11064759343158],[2.383933497959137,49.111139458608534],[2.385007949158112,49.111450059831256],[2.38726115487793,49.111979063904982],[2.390976642275847,49.112323239859286],[2.391518861963411,49.112322971981541],[2.393680374920419,49.111863785514302],[2.395816448804459,49.111617931182302],[2.400784453356989,49.112281130449723],[2.402944291399957,49.110649518369115],[2.406121139180601,49.109841434800074]]}},
{"type":"Feature","properties":{"GCIdentifi":130453,"GCCalculat":202.04963255736868,"Nom":"AX_322","code":"OISE12","source_doc":null,"date_visit":"2007-12-18"},"geometry":{"type":"LineString","coordinates":[[2.378994009914722,49.109424503229995],[2.379945469203243,49.109999067736354],[2.38111077810633,49.110592626594155]]}},
{"type":"Feature","properties":{"GCIdentifi":130455,"GCCalculat":671.4444021780381,"Nom":"AX_323","code":"OISE12","source_doc":null,"date_visit":"2008-03-13"},"geometry":{"type":"LineString","coordinates":[[2.376726802838064,49.108215981296667],[2.377544524366412,49.108461598165555],[2.379836973695205,49.109135608862175],[2.381380132881136,49.109579690176062],[2.382454539732042,49.10990153589352],[2.383484402030752,49.110116695076897],[2.383460792221572,49.110485021043615],[2.383671477383687,49.110791482478831],[2.384138793420571,49.111189899324124]]}},
{"type":"Feature","properties":{"GCIdentifi":130457,"GCCalculat":354.79099550933336,"Nom":"AX_324","code":"OISE12","source_doc":null,"date_visit":"2007-12-18"},"geometry":{"type":"LineString","coordinates":[[2.386827637387736,49.114626979497345],[2.387579408100962,49.113772149348364],[2.388565466970894,49.112891396299943],[2.389683515240271,49.112306992750753],[2.389565317564283,49.112153216921129]]}},
{"type":"Feature","properties":{"GCIdentifi":130461,"GCCalculat":325.09815464820338,"Nom":"AX_325","code":"OISE12","source_doc":null,"date_visit":"2006-12-05"},"geometry":{"type":"LineString","coordinates":[[2.383731613501264,49.114682188669605],[2.384856251044189,49.115518255219008],[2.3851852573253,49.116112121366371],[2.385651267654544,49.116840665031354],[2.385692699869893,49.117225793111082]]}},
{"type":"Feature","properties":{"GCIdentifi":130462,"GCCalculat":466.06138048239484,"Nom":"AX_326","code":"OISE12","source_doc":null,"date_visit":"2007-12-18"},"geometry":{"type":"LineString","coordinates":[[2.37925142462813,49.114423426819279],[2.379648733753124,49.114945416489007],[2.379909302360444,49.115610047907921],[2.379978225014517,49.116177061270413],[2.379980597258394,49.116941746268765],[2.380008651036874,49.117696304011844],[2.37983656438872,49.118521669792898]]}},
{"type":"Feature","properties":{"GCIdentifi":130463,"GCCalculat":366.2728178989255,"Nom":"AX_327","code":"OISE12","source_doc":null,"date_visit":"2007-12-18"},"geometry":{"type":"LineString","coordinates":[[2.374950206531377,49.115450096516781],[2.375814577365927,49.11613364344457],[2.376212090073784,49.116941963255037],[2.376404242858851,49.117680757066921],[2.37644084234726,49.118486969553814]]}},
{"type":"Feature","properties":{"GCIdentifi":130464,"GCCalculat":599.45343777909159,"Nom":"AX_328","code":"OISE12","source_doc":null,"date_visit":"2007-12-18"},"geometry":{"type":"LineString","coordinates":[[2.375167410641377,49.113193066834974],[2.374045574185528,49.11352580210896],[2.372058539368489,49.114336010604475],[2.371443100798733,49.114902134886187],[2.370141942120804,49.115730072396829],[2.368981007424841,49.116607355957093]]}},
{"type":"Feature","properties":{"GCIdentifi":130466,"GCCalculat":284.48441041460524,"Nom":"AX_329","code":"OISE12","source_doc":null,"date_visit":"2007-12-18"},"geometry":{"type":"LineString","coordinates":[[2.369086483352334,49.113096119592527],[2.36764307628158,49.113465932777778],[2.366391147194672,49.113777304760994],[2.365472768678616,49.114051509269053]]}},
{"type":"Feature","properties":{"GCIdentifi":130467,"GCCalculat":253.65455425828915,"Nom":"AX_330","code":"OISE12","source_doc":null,"date_visit":"2007-12-18"},"geometry":{"type":"LineString","coordinates":[[2.366165189556287,49.110561460044735],[2.365193821839943,49.110830060863996],[2.364508117055972,49.111145767574776],[2.364079023661065,49.111584911772084],[2.36453720693239,49.111163715141977]]}},
{"type":"Feature","properties":{"GCIdentifi":130469,"GCCalculat":974.86924726075722,"Nom":"AX_331","code":"OISE12","source_doc":null,"date_visit":"2007-12-18"},"geometry":{"type":"LineString","coordinates":[[2.35109437991653,49.10934375029872],[2.352972442665569,49.109625344710871],[2.354836916072009,49.110001228073905],[2.356858778120774,49.110471371143085],[2.357719182895258,49.110593620728281],[2.359043116427924,49.11076068444109],[2.360495302108032,49.110885023216063],[2.36146855899634,49.110948817602548],[2.362948302057297,49.111334759330063],[2.363940522110819,49.111639952727991]]}},
{"type":"Feature","properties":{"GCIdentifi":130470,"GCCalculat":561.21019188569483,"Nom":"AX_332","code":"OISE12","source_doc":null,"date_visit":"2009-01-19"},"geometry":{"type":"LineString","coordinates":[[2.353474605480439,49.107516518615384],[2.353890268112401,49.107733187942813],[2.35506886848423,49.108270850570491],[2.356509238211397,49.108962305837906],[2.357302962418864,49.10921031490642],[2.357905181476412,49.109624553818485],[2.358687278986475,49.110669791223479],[2.358687278986475,49.110669791223479]]}},
{"type":"Feature","properties":{"GCIdentifi":130471,"GCCalculat":208.30411252534992,"Nom":"AX_333","code":"OISE12","source_doc":null,"date_visit":"2007-12-18"},"geometry":{"type":"LineString","coordinates":[[2.368946198927386,49.107783870508058],[2.368640516820693,49.108459909738727],[2.368167177299449,49.109136002248846],[2.367890333130535,49.109518982135604]]}},
{"type":"Feature","properties":{"GCIdentifi":130473,"GCCalculat":148.4359282697807,"Nom":"AX_334","code":"OISE12","source_doc":null,"date_visit":"2007-12-18"},"geometry":{"type":"LineString","coordinates":[[2.370088302766939,49.109720491955528],[2.368058108666744,49.109794046186948]]}},
{"type":"Feature","properties":{"GCIdentifi":130478,"GCCalculat":187.15030156927361,"Nom":"AX_335","code":"OISE12","source_doc":null,"date_visit":"2007-12-18"},"geometry":{"type":"LineString","coordinates":[[2.358934306371992,49.112261965384157],[2.359371987758613,49.1117857870222],[2.360563756772271,49.110974851113419],[2.360563756772271,49.110974851113419]]}},
{"type":"Feature","properties":{"GCIdentifi":130479,"GCCalculat":421.09489467483229,"Nom":"AX_336","code":"OISE12","source_doc":null,"date_visit":"2007-12-18"},"geometry":{"type":"LineString","coordinates":[[2.359578922879964,49.115472128984777],[2.361132374825467,49.115988326594206],[2.363108049839888,49.115859887631096],[2.365056183602408,49.115457440646047]]}},
{"type":"Feature","properties":{"GCIdentifi":130481,"GCCalculat":407.6873263366225,"Nom":"AX_337","code":"OISE12","source_doc":null,"date_visit":"2007-12-18"},"geometry":{"type":"LineString","coordinates":[[2.360197856663264,49.118466701815628],[2.360410410101071,49.119350344355226],[2.360855548138505,49.120117175256311],[2.361245776105516,49.120483151473024],[2.361997022228429,49.120902947968204],[2.363083612269416,49.121377662723155]]}},
{"type":"Feature","properties":{"GCIdentifi":130482,"GCCalculat":990.85138812604293,"Nom":"AX_338","code":"OISE12","source_doc":null,"date_visit":"2009-01-19"},"geometry":{"type":"LineString","coordinates":[[2.35171447076427,49.112533749060155],[2.352503232435327,49.11323094243194],[2.353059331870508,49.113779933560693],[2.353798657969629,49.114879123369946],[2.354106691386619,49.115310266204439],[2.354511028524036,49.117064114827997],[2.354908250895873,49.118063407625051],[2.355059047803981,49.11870117722659],[2.355389670585763,49.119959849666792],[2.355417269091204,49.120553844224595],[2.355417497700421,49.121147853622979],[2.355417460304059,49.121074862321187],[2.355417460304059,49.121074862321187]]}},
{"type":"Feature","properties":{"GCIdentifi":130487,"GCCalculat":655.67082056941376,"Nom":"AX_339","code":"OISE12","source_doc":null,"date_visit":"2009-01-19"},"geometry":{"type":"LineString","coordinates":[[2.342048604238812,49.113138675909681],[2.342436939649296,49.113354254096585],[2.343519772545767,49.114024539184463],[2.343990215167175,49.114372597975887],[2.344604454456091,49.115218083508324],[2.345073255617428,49.116009679582532],[2.345237527321863,49.116331932617598],[2.345461716572375,49.116841692541186],[2.34560548181493,49.117337994872663],[2.345954470657284,49.117352552626912]]}},
{"type":"Feature","properties":{"GCIdentifi":130492,"GCCalculat":1171.1068507975672,"Nom":"AX_340","code":"OISE12","source_doc":null,"date_visit":"2009-01-19"},"geometry":{"type":"LineString","coordinates":[[2.336306453240649,49.114668135065365],[2.337062525042511,49.114990408986664],[2.337880179700806,49.115258763284395],[2.339106660700536,49.115567535977277],[2.339811447378301,49.115771876843965],[2.341140615940205,49.116292847804758],[2.342262849229642,49.11695866435609],[2.343058320005371,49.117075411642162],[2.344469597102735,49.117217935350673],[2.345935659629411,49.11736154056112],[2.346826949344224,49.117543377298723],[2.347911564330429,49.117763353613114],[2.349220277385446,49.11809111546615]]}},
{"type":"Feature","properties":{"GCIdentifi":130497,"GCCalculat":596.01506500888627,"Nom":"AX_341","code":"OISE12","source_doc":null,"date_visit":"2009-01-19"},"geometry":{"type":"LineString","coordinates":[[2.34262230298206,49.118719311006295],[2.343256976859323,49.118705802025502],[2.345054935137244,49.118906669356917],[2.346139561540458,49.119247944841405],[2.347650215478394,49.119684617133309],[2.348714319417461,49.119711467348672],[2.350838999429241,49.119630377114071],[2.351454935900666,49.119813327117512],[2.351454935900666,49.119813327117512]]}},
{"type":"Feature","properties":{"GCIdentifi":130498,"GCCalculat":1014.0324474154776,"Nom":"AX_342","code":"OISE12","source_doc":null,"date_visit":"2009-01-19"},"geometry":{"type":"LineString","coordinates":[[2.339606554520872,49.122776330692631],[2.340468861256861,49.12310979963533],[2.34172976721955,49.123441002156824],[2.342785387260749,49.123601521915454],[2.343337989556951,49.123535243762184],[2.344379851226431,49.123172500153771],[2.345462814935499,49.12321285143166],[2.346975333550162,49.123749450826928],[2.349293569719312,49.123846916006563],[2.350087312254944,49.123441484214446],[2.350634591533965,49.122783420455171],[2.351963406770439,49.121092198995008],[2.353270192001625,49.120327348475527]]}},
{"type":"Feature","properties":{"GCIdentifi":130500,"GCCalculat":1413.0100387639677,"Nom":"AX_343","code":"OISE12","source_doc":null,"date_visit":"2007-12-18"},"geometry":{"type":"LineString","coordinates":[[2.391777384495148,49.126404746432463],[2.3907568121854,49.127213689645096],[2.389784195638776,49.12807313659318],[2.388614654477582,49.128840584036539],[2.387698413827208,49.129682011500158],[2.386279574176167,49.131052542818118],[2.385028049364826,49.132075998951834],[2.38369264906629,49.133154505008648],[2.3828292795895,49.133994760767031],[2.382802729933537,49.134908788056613],[2.383220364075143,49.134981590549238],[2.384139105594527,49.134762273307523],[2.385920050487675,49.134304510834411]]}},
{"type":"Feature","properties":{"GCIdentifi":130501,"GCCalculat":610.07377447842407,"Nom":"AX_344","code":"OISE12","source_doc":null,"date_visit":"2007-12-18"},"geometry":{"type":"LineString","coordinates":[[2.404067229116345,49.128925788658634],[2.403917951488173,49.129879199007689],[2.403919410112398,49.130967251122783],[2.404317865070186,49.132037109918031],[2.404688516316432,49.132792580087845],[2.405444569913537,49.133817313007434],[2.405800976500884,49.134149469661004],[2.405800976500884,49.134149469661004]]}},
{"type":"Feature","properties":{"GCIdentifi":130502,"GCCalculat":1336.4998347370206,"Nom":"AX_345","code":"OISE12","source_doc":null,"date_visit":"2007-12-18"},"geometry":{"type":"LineString","coordinates":[[2.403835567521778,49.123372237653719],[2.405484424154542,49.124312217675957],[2.407076967244774,49.125309502937327],[2.4086017462024,49.126728972858018],[2.409910916602289,49.128080092006769],[2.410525036418441,49.129139688403328],[2.410721978538403,49.130399421749765],[2.411615958999372,49.132043850040709],[2.412118661014082,49.132920477256732],[2.412675761449335,49.133541048650336]]}},
{"type":"Feature","properties":{"GCIdentifi":130506,"GCCalculat":805.2892271182825,"Nom":"AX_346","code":"OISE12","source_doc":null,"date_visit":"2007-12-18"},"geometry":{"type":"LineString","coordinates":[[2.408849155642387,49.119211232751312],[2.408918918109971,49.120137546519047],[2.408741915434173,49.120757484820892],[2.407947782928437,49.121711287851788],[2.407578829212274,49.122106757293061],[2.407223302978351,49.123537520811354],[2.407225666872484,49.124014731230545],[2.407733523092856,49.125003664812006],[2.408241564441939,49.126117249759062],[2.408241564441939,49.126117249759062]]}},
{"type":"Feature","properties":{"GCIdentifi":130507,"GCCalculat":780.23742710059082,"Nom":"AX_347","code":"OISE12","source_doc":null,"date_visit":"2010-03-11"},"geometry":{"type":"LineString","coordinates":[[2.413474206002228,49.12428023267104],[2.414488797066196,49.12537659611619],[2.415025058077906,49.125843356026934],[2.416655467193882,49.126840453204672],[2.417452193467606,49.127532712414677],[2.418908367642914,49.128915219687542],[2.41921788600136,49.129346481553021],[2.419474648001063,49.129811869985126],[2.419680523133074,49.130139483910412]]}},
{"type":"Feature","properties":{"GCIdentifi":130510,"GCCalculat":1573.6419994346202,"Nom":"AX_348","code":"OISE12","source_doc":null,"date_visit":"2010-10-28"},"geometry":{"type":"LineString","coordinates":[[2.479460892994234,49.109818815770936],[2.477186373415197,49.109327558040555],[2.475553597730568,49.108331319526194],[2.473673962117757,49.10710175950971],[2.472909910085098,49.106644550923313],[2.471407515084326,49.105739042874248],[2.469942053821154,49.104542646944005],[2.469137395624668,49.103579031478276],[2.467571955555798,49.102693738991839],[2.466612724544095,49.102109825779024],[2.465646591183662,49.101477590287821],[2.464892243107515,49.100753066786922],[2.462688526080571,49.098751896169496]]}},
{"type":"Feature","properties":{"GCIdentifi":130511,"GCCalculat":1337.4985531204275,"Nom":"AX_349","code":"OISE12","source_doc":null,"date_visit":"2010-10-28"},"geometry":{"type":"LineString","coordinates":[[2.469339199894215,49.109974658135329],[2.467215362026572,49.109500986649408],[2.465433894735559,49.109125707456187],[2.463209889321798,49.108257943702405],[2.461826599272802,49.107728351872154],[2.461133786895123,49.106995848709403],[2.459793978093002,49.106041731943726],[2.458836984635103,49.105656494616014],[2.457325813348935,49.104529591470694],[2.456680810242237,49.103720678444688],[2.456336562986977,49.102715536522652],[2.456105432161658,49.100405628898329],[2.456116984132437,49.099887886406933],[2.456007663813705,49.099144749640168]]}},
{"type":"Feature","properties":{"GCIdentifi":130517,"GCCalculat":717.24803251444155,"Nom":"AX_350","code":"OISE12","source_doc":null,"date_visit":"2007-12-18"},"geometry":{"type":"LineString","coordinates":[[2.395686416296426,49.128837180120208],[2.395744183244485,49.129934193566335],[2.395955493669286,49.130657207822921],[2.396643665245263,49.132310848918834],[2.397250600819859,49.133294157078673],[2.397725934121746,49.134371865530028],[2.398209309447263,49.135017255917319],[2.398209309447263,49.135017255917319]]}},
{"type":"Feature","properties":{"GCIdentifi":130521,"GCCalculat":808.98867100021664,"Nom":"AX_351","code":"OISE11","source_doc":null,"date_visit":null},"geometry":{"type":"LineString","coordinates":[[2.405039972890793,49.149410811571414],[2.405038536613862,49.148367662552452],[2.405586639677519,49.147387089522219],[2.406557206328797,49.146199619048616],[2.407707733981467,49.145209685568616],[2.409049916801531,49.144228584592319],[2.410899528178907,49.143831042160315],[2.410899528178907,49.143831042160315],[2.410899528178907,49.143831042160315]]}},
{"type":"Feature","properties":{"GCIdentifi":130522,"GCCalculat":495.00184836884227,"Nom":"AX_352","code":"OISE11","source_doc":null,"date_visit":null},"geometry":{"type":"LineString","coordinates":[[2.43998393778655,49.143643186253264],[2.439243279126576,49.142253217719706],[2.438730249871627,49.141133207661973],[2.43827904070818,49.140223548949251],[2.437749960716847,49.138544511518454]]}},
{"type":"Feature","properties":{"GCIdentifi":130557,"GCCalculat":526.66246716238379,"Nom":"AX_353","code":"SEINE13","source_doc":null,"date_visit":"2009-01-19"},"geometry":{"type":"LineString","coordinates":[[2.39284360730797,49.051142683597618],[2.392277528102623,49.050571419562921],[2.391045216575181,49.050039749183668],[2.389305729326668,49.04963633809087],[2.387540564200245,49.049159909506656],[2.387540564200245,49.049159909506656]]}},
{"type":"Feature","properties":{"GCIdentifi":130562,"GCCalculat":413.14307036555738,"Nom":"AX_354","code":"SEINE13","source_doc":null,"date_visit":"2009-06-22"},"geometry":{"type":"LineString","coordinates":[[2.367978691561673,49.046081229718801],[2.369441979438732,49.045132000534899],[2.369957659558189,49.04486012026851],[2.37047333521065,49.044602822619353],[2.371257188130131,49.044337602161853],[2.371257188130131,49.044337602161853]]}},
{"type":"Feature","properties":{"GCIdentifi":130573,"GCCalculat":211.25707363741594,"Nom":"AX_355","code":"SEINE13","source_doc":null,"date_visit":"2008-03-19"},"geometry":{"type":"LineString","coordinates":[[2.358747635763215,49.065368700729621],[2.358247071393041,49.065655131300531],[2.357633715355932,49.065942683270158],[2.356857996032178,49.066186490559204],[2.356247908511189,49.066232642470958]]}},
{"type":"Feature","properties":{"GCIdentifi":130607,"GCCalculat":302.45839079211271,"Nom":"AX_356","code":"SEINE13","source_doc":null,"date_visit":null},"geometry":{"type":"LineString","coordinates":[[2.398285043956009,48.9797261589095],[2.397962858660355,48.979908249174578],[2.397720833858468,48.980082405040072],[2.397606847518094,48.980331750808915],[2.397665180773949,48.980611322101304],[2.397779922885191,48.980981811297362],[2.397923605972808,48.981287151406804],[2.398413743953575,48.981723684219354],[2.399069445666352,48.982199441942221]]}},
{"type":"Feature","properties":{"GCIdentifi":130582,"GCCalculat":325.65047549653781,"Nom":"AX_357","code":"SEINE13","source_doc":null,"date_visit":"2009-06-22"},"geometry":{"type":"LineString","coordinates":[[2.361706664313587,49.040168584522782],[2.361117031791232,49.039366980376357],[2.360527307444922,49.038371118308092],[2.360192163644987,49.03752567804009],[2.360192163644987,49.03752567804009]]}},
{"type":"Feature","properties":{"GCIdentifi":130584,"GCCalculat":377.35715333966152,"Nom":"AX_358","code":"SEINE13","source_doc":null,"date_visit":null},"geometry":{"type":"LineString","coordinates":[[2.38737226694527,49.031543223037602],[2.386428963335889,49.030904721121736],[2.384595762905812,49.029980239278103],[2.383186662639713,49.029648441892824],[2.383186662639713,49.029648441892824]]}},
{"type":"Feature","properties":{"GCIdentifi":130588,"GCCalculat":0.0,"Nom":"AX_359","code":"SEINE13","source_doc":null,"date_visit":null},"geometry":{"type":"LineString","coordinates":[[2.380308804504614,49.023218880296056],[2.380308804504614,49.023218880296056]]}},
{"type":"Feature","properties":{"GCIdentifi":130616,"GCCalculat":258.36494484345172,"Nom":"AX_360","code":"SEINE13","source_doc":null,"date_visit":null},"geometry":{"type":"LineString","coordinates":[[2.344260771660752,49.001868722963565],[2.34551692718045,49.002202126670923],[2.346283240675223,49.002362625521371],[2.34728008731798,49.002983502409734],[2.34728008731798,49.002983502409734]]}},
{"type":"Feature","properties":{"GCIdentifi":130593,"GCCalculat":476.88909098271051,"Nom":"AX_361","code":"SEINE13","source_doc":null,"date_visit":"2007-05-10"},"geometry":{"type":"LineString","coordinates":[[2.379765273915452,49.012715724276561],[2.379765757128774,49.011268325327904],[2.379430874251061,49.010919252725472],[2.378937320975078,49.010647698282675],[2.378522466751141,49.010560260008376],[2.377094279163251,49.00912124257389]]}},
{"type":"Feature","properties":{"GCIdentifi":130623,"GCCalculat":347.30862921179425,"Nom":"AX_362","code":"SEINE13","source_doc":null,"date_visit":null},"geometry":{"type":"LineString","coordinates":[[2.318272561668516,49.013261261444484],[2.318807245948655,49.012281084860248],[2.319353878068916,49.011220060522696],[2.320325369671222,49.010501544627438],[2.320325369671222,49.010501544627438]]}},
{"type":"Feature","properties":{"GCIdentifi":130624,"GCCalculat":341.76283076428956,"Nom":"AX_363","code":"SEINE13","source_doc":null,"date_visit":null},"geometry":{"type":"LineString","coordinates":[[2.317413969983033,49.008774118150015],[2.318812132946516,49.00917959169675],[2.320186742352831,49.00963588346518],[2.32093106738372,49.010066168338078],[2.32093106738372,49.010066168338078]]}},
{"type":"Feature","properties":{"GCIdentifi":130666,"GCCalculat":941.30776245016409,"Nom":"AX_364","code":"SEINE13","source_doc":null,"date_visit":"2009-06-22"},"geometry":{"type":"LineString","coordinates":[[2.308015245059656,49.05957985962047],[2.306199961327049,49.057911930570519],[2.305358298868721,49.056853966180057],[2.305326556900792,49.055704125463087],[2.305750974356385,49.054615070913975],[2.30595276492571,49.054300720112209],[2.30643124921034,49.0540953568578],[2.306947382531431,49.053852946431554]]}},
{"type":"Feature","properties":{"GCIdentifi":130677,"GCCalculat":366.47909115118568,"Nom":"AX_365","code":"SEINE13","source_doc":null,"date_visit":null},"geometry":{"type":"LineString","coordinates":[[2.337428079283122,49.070538229709122],[2.336361643445781,49.070205855779783],[2.335276414698313,49.069746593773495],[2.334688563027524,49.069185151603108],[2.333705939699167,49.068433923208964]]}},
{"type":"Feature","properties":{"GCIdentifi":130614,"GCCalculat":712.28774971502912,"Nom":"AX_366","code":"SEINE13","source_doc":null,"date_visit":"2009-05-14"},"geometry":{"type":"LineString","coordinates":[[2.33626513428249,48.99572683410122],[2.33857398916524,48.996410656100281],[2.340952819785643,48.996724988529557],[2.343043327249232,48.997058404834874],[2.344451210028716,48.997318807253826],[2.345756731660743,48.99764547510911],[2.346123668010201,48.997755491120323]]}},
{"type":"Feature","properties":{"GCIdentifi":130628,"GCCalculat":480.19154392502116,"Nom":"AX_367","code":"SEINE13","source_doc":null,"date_visit":"2009-05-14"},"geometry":{"type":"LineString","coordinates":[[2.329222912232236,49.004856688163159],[2.329154615475774,49.005073398559979],[2.329200659353835,49.005301331919263],[2.329855960746377,49.005996428104098],[2.33061028263591,49.00669042685837],[2.331151261889059,49.00733384603879],[2.331386754433102,49.007815588439357],[2.331620551397866,49.008305152958471],[2.331774166839149,49.008441036183399]]}},
{"type":"Feature","properties":{"GCIdentifi":130641,"GCCalculat":481.39981859587272,"Nom":"AX_368","code":"SEINE13","source_doc":null,"date_visit":"2009-05-14"},"geometry":{"type":"LineString","coordinates":[[2.328083820998333,49.018322093407576],[2.329106344589161,49.019061025616836],[2.329956452929853,49.019646083370077],[2.330388357015188,49.020005428391521],[2.330693920791259,49.020231136215102],[2.332319205827636,49.021023969987731],[2.332792116393527,49.021176705158027]]}},
{"type":"Feature","properties":{"GCIdentifi":130632,"GCCalculat":431.32306000309717,"Nom":"AX_369","code":"SEINE13","source_doc":null,"date_visit":"2009-05-14"},"geometry":{"type":"LineString","coordinates":[[2.328508104050033,49.013072693228807],[2.329040784449999,49.012521390529635],[2.329136460818087,49.012044194644716],[2.329218615123838,49.010533938359558],[2.329194774608984,49.010165626257951],[2.329155620236108,49.009489648158947],[2.329171061295375,49.009091035471627]]}},
{"type":"Feature","properties":{"GCIdentifi":130621,"GCCalculat":136.059935844954,"Nom":"AX_370","code":"SEINE13","source_doc":null,"date_visit":null},"geometry":{"type":"LineString","coordinates":[[2.315702128717502,49.012380484788316],[2.31592284139795,49.011165585221143],[2.31592284139795,49.011165585221143]]}},
{"type":"Feature","properties":{"GCIdentifi":130587,"GCCalculat":0.0,"Nom":"AX_371","code":"SEINE13","source_doc":null,"date_visit":null},"geometry":{"type":"LineString","coordinates":[[2.380308727972642,49.023129048849199],[2.380308727972642,49.023129048849199]]}},
{"type":"Feature","properties":{"GCIdentifi":130661,"GCCalculat":542.53883399244967,"Nom":"AX_372","code":"SEINE13","source_doc":null,"date_visit":"2009-06-22"},"geometry":{"type":"LineString","coordinates":[[2.285884463036406,49.043293916563549],[2.287992703983379,49.044561419862525]]}},
{"type":"Feature","properties":{"GCIdentifi":130566,"GCCalculat":608.04291185625152,"Nom":"AX_373","code":"SEINE13","source_doc":null,"date_visit":"2007-01-16"},"geometry":{"type":"LineString","coordinates":[[2.368120835911134,49.038572553729814],[2.368270339670661,49.037295795475195],[2.368993772678576,49.036225496338652],[2.370101494198882,49.035226950116801],[2.370314877630336,49.035091004030583],[2.371021409275653,49.034338487757537],[2.371687059708701,49.033791436353042]]}},
{"type":"Feature","properties":{"GCIdentifi":130559,"GCCalculat":609.50212574755835,"Nom":"AX_374","code":"SEINE13","source_doc":null,"date_visit":null},"geometry":{"type":"LineString","coordinates":[[2.387318809051669,49.046147335047657],[2.385334607829667,49.045123001759215],[2.384074599076449,49.043963595742682],[2.383019779658607,49.042992755701313],[2.382513610725547,49.042354029679245],[2.382376530723922,49.041877993341096],[2.382376530723922,49.041877993341096]]}},
{"type":"Feature","properties":{"GCIdentifi":130540,"GCCalculat":154.79803838596479,"Nom":"AX_375","code":"SEINE13","source_doc":null,"date_visit":"2008-03-19"},"geometry":{"type":"LineString","coordinates":[[2.365204944721182,49.064600355148599],[2.365450958839598,49.064511593112869],[2.36672389868293,49.064254139600216],[2.367135594036317,49.064060881757499]]}},
{"type":"Feature","properties":{"GCIdentifi":130527,"GCCalculat":946.30661133445756,"Nom":"AX_376","code":"SEINE13","source_doc":null,"date_visit":"2010-10-28"},"geometry":{"type":"LineString","coordinates":[[2.409942895903798,49.077040528386057],[2.408429292667648,49.076162880289374],[2.407170552470648,49.075641512653057],[2.405732485681384,49.075175271741948],[2.40406183874044,49.074628284371506],[2.402623646835171,49.074035114921848],[2.402623646835171,49.074035114921848]]}},
{"type":"Feature","properties":{"GCIdentifi":130542,"GCCalculat":439.26123771438483,"Nom":"AX_377","code":"SEINE13","source_doc":null,"date_visit":"2008-03-19"},"geometry":{"type":"LineString","coordinates":[[2.364332032338162,49.062042672779469],[2.364806126995644,49.060396419609475],[2.365396814143347,49.059509209384466],[2.366032154373144,49.059035215724734],[2.366320726711226,49.058722969075028],[2.366465767169807,49.058428748800125]]}},
{"type":"Feature","properties":{"GCIdentifi":130544,"GCCalculat":154.80386663103738,"Nom":"AX_378","code":"SEINE13","source_doc":null,"date_visit":"2008-03-19"},"geometry":{"type":"LineString","coordinates":[[2.356747190301071,49.054138090895329],[2.356649606139593,49.053669866075197],[2.356340277808594,49.053352154392215],[2.356051438063801,49.053136618239918],[2.355877099093421,49.052908693062619]]}},
{"type":"Feature","properties":{"GCIdentifi":130545,"GCCalculat":264.42042575130966,"Nom":"AX_379","code":"SEINE13","source_doc":null,"date_visit":"2008-03-19"},"geometry":{"type":"LineString","coordinates":[[2.354278299714048,49.053689352962841],[2.354660908847902,49.053456847182929],[2.355508187653547,49.053169258944628],[2.355863443569773,49.05291767465279],[2.356349938881328,49.051901404650025]]}},
{"type":"Feature","properties":{"GCIdentifi":130552,"GCCalculat":659.75625779735844,"Nom":"AX_380","code":"SEINE13","source_doc":null,"date_visit":"2009-06-22"},"geometry":{"type":"LineString","coordinates":[[2.370108328235605,49.053007629883126],[2.371324529415637,49.052750134597161],[2.37313856482589,49.052329632486021],[2.373819994274375,49.052030718273613],[2.375140099430487,49.051393622087843],[2.376437615322524,49.050362388387974]]}},
{"type":"Feature","properties":{"GCIdentifi":130554,"GCCalculat":833.76161791425125,"Nom":"AX_381","code":"SEINE13","source_doc":null,"date_visit":"2009-01-19"},"geometry":{"type":"LineString","coordinates":[[2.384305249610962,49.052946493453902],[2.384043775693762,49.052845559532535],[2.383804484993506,49.052717646397582],[2.382478203785844,49.05211855265771],[2.380630373862647,49.050933526240556],[2.379064649666264,49.049905568382258],[2.378717073780942,49.048977077909257],[2.37942652507595,49.047588945571349],[2.37942652507595,49.047588945571349]]}},
{"type":"Feature","properties":{"GCIdentifi":130556,"GCCalculat":2580.6405758905248,"Nom":"AX_382","code":"SEINE13","source_doc":null,"date_visit":"2012-02-10"},"geometry":{"type":"LineString","coordinates":[[2.390370722712436,49.055029008818288],[2.390325680421098,49.054457485206207],[2.389674113184248,49.053886235493849],[2.38893258937698,49.052201155365722],[2.388323043453243,49.050887671675198],[2.387800587152178,49.049501145423207],[2.387007493680463,49.049070311083931],[2.385228640584616,49.048530969972433],[2.383572724838893,49.047911827574211],[2.381917005982906,49.047418441316104],[2.380177540065307,49.046896967653005],[2.379238411702112,49.045345511205596],[2.3787829771172,49.044084684475102],[2.37834976706002,49.042837331411775],[2.377894770314036,49.042051481518264],[2.377342709817246,49.04160141575764],[2.375714069334121,49.040460012219775],[2.37445476730192,49.039793459408706],[2.373763257242271,49.038562956050853],[2.374197117692292,49.038521219798781]]}},
{"type":"Feature","properties":{"GCIdentifi":130558,"GCCalculat":1073.3835550551805,"Nom":"AX_383","code":"SEINE13","source_doc":null,"date_visit":null},"geometry":{"type":"LineString","coordinates":[[2.39165465242473,49.045003384111538],[2.390421993560965,49.043987775573186],[2.389271611991432,49.043223625876557],[2.387602107664158,49.042558517424418],[2.3863018982419,49.042163834560604],[2.384468842037137,49.041850194683157],[2.382663365142515,49.041761107108172],[2.381076559015781,49.041707837234362],[2.379599187365674,49.041807201334386],[2.377894770314036,49.042051481518264],[2.378724817326683,49.04196921246556]]}},
{"type":"Feature","properties":{"GCIdentifi":130561,"GCCalculat":1060.3936496952319,"Nom":"AX_384","code":"SEINE13","source_doc":null,"date_visit":null},"geometry":{"type":"LineString","coordinates":[[2.372000993609798,49.047828393186663],[2.371402462458802,49.046920147268494],[2.371112637269647,49.045239310442028],[2.371256960734216,49.044013082408206],[2.371915133462157,49.042365633963833],[2.372203205432199,49.04155147186524],[2.372738912654394,49.040696789439927],[2.373295251162199,49.040059951967343],[2.3738806474809,49.039480344068231],[2.374213636378392,49.039374697504208],[2.374211927083258,49.03937693658898]]}},
{"type":"Feature","properties":{"GCIdentifi":130564,"GCCalculat":349.99338680551364,"Nom":"AX_385","code":"SEINE13","source_doc":null,"date_visit":"2007-01-16"},"geometry":{"type":"LineString","coordinates":[[2.379788522644222,49.039541174375337],[2.377767470416525,49.038890636959209],[2.376559447977533,49.038262271974375],[2.375956395366437,49.038056982509481],[2.37566428371477,49.037975112059918]]}},
{"type":"Feature","properties":{"GCIdentifi":130565,"GCCalculat":553.24384698010249,"Nom":"AX_386","code":"SEINE13","source_doc":null,"date_visit":null},"geometry":{"type":"LineString","coordinates":[[2.383903754677527,49.036742465393182],[2.381730597802571,49.037768521813305],[2.380608547331648,49.037831843597502],[2.378885650581511,49.038263669207318],[2.376986602910246,49.038457492200635],[2.376986602910246,49.038457492200635]]}},
{"type":"Feature","properties":{"GCIdentifi":130567,"GCCalculat":875.68155953974792,"Nom":"AX_387","code":"SEINE13","source_doc":null,"date_visit":"2012-02-10"},"geometry":{"type":"LineString","coordinates":[[2.382520282237916,49.034782507448675],[2.380823775114195,49.034027463483085],[2.379619378708267,49.033551828971937],[2.377608565744672,49.032581265964865],[2.375871244176948,49.031826180944705],[2.374461889487235,49.031178758988837],[2.373769051553567,49.030693696251831]]}},
{"type":"Feature","properties":{"GCIdentifi":130572,"GCCalculat":1147.1312259141853,"Nom":"AX_388","code":"SEINE13","source_doc":null,"date_visit":"2008-03-19"},"geometry":{"type":"LineString","coordinates":[[2.345310611062624,49.073405751450217],[2.346529052966375,49.072552254669226],[2.347231362318941,49.071973930395949],[2.347728545880554,49.071222684031369],[2.348374362583157,49.070373718883843],[2.349368899655957,49.069834631657365],[2.350436837062594,49.069213559582785],[2.351778211379806,49.06860929290675],[2.352386424572091,49.06801971115933],[2.352921104427138,49.067352652946802],[2.353517162824916,49.066372299060767],[2.353915175821146,49.065800702979985],[2.354089338654167,49.065424507067156],[2.354198625680361,49.065194303013882]]}},
{"type":"Feature","properties":{"GCIdentifi":130575,"GCCalculat":857.74002982128013,"Nom":"AX_389","code":"SEINE13","source_doc":null,"date_visit":"2008-03-19"},"geometry":{"type":"LineString","coordinates":[[2.344726959337117,49.068213629908051],[2.344349030732566,49.066463096027434],[2.344024155894819,49.065245933543295],[2.343521580046988,49.063804181414909],[2.343557337741096,49.063035012773824],[2.344365489233269,49.062302844595791],[2.344671270762301,49.061841327357875],[2.345337523454756,49.060883475011238]]}},
{"type":"Feature","properties":{"GCIdentifi":130576,"GCCalculat":294.24058586989287,"Nom":"AX_390","code":"SEINE13","source_doc":null,"date_visit":"2008-03-19"},"geometry":{"type":"LineString","coordinates":[[2.341635834137836,49.053997118355937],[2.34283682327643,49.053680400197599],[2.344087392276546,49.053601739696077],[2.345553257337218,49.053712807642505]]}},
{"type":"Feature","properties":{"GCIdentifi":130577,"GCCalculat":1417.106381958102,"Nom":"AX_391","code":"SEINE13","source_doc":null,"date_visit":"2008-03-19"},"geometry":{"type":"LineString","coordinates":[[2.360075268249771,49.061400211525346],[2.35828430114168,49.060854848194865],[2.356749665275415,49.060308276561628],[2.354541824018817,49.059686558486689],[2.353610490356773,49.059366685632362],[2.352663830145208,49.059093965810135],[2.351301933437236,49.058641633652321],[2.350655823586829,49.057765873825048],[2.349223676993496,49.056325384410378],[2.348649441440529,49.055647227968471],[2.348104244943594,49.054808505440604],[2.347545437625154,49.05432795944882],[2.34669962426543,49.053677891177763],[2.346140882808585,49.053329842537906]]}},
{"type":"Feature","properties":{"GCIdentifi":130579,"GCCalculat":979.81332350164166,"Nom":"AX_392","code":"SEINE13","source_doc":null,"date_visit":"2009-06-22"},"geometry":{"type":"LineString","coordinates":[[2.363561089202297,49.048795202208943],[2.35838567979915,49.046501144048747],[2.356535241754521,49.045285401944099],[2.355861845856552,49.044317614662845],[2.355314855992454,49.04326667817125],[2.355104486136936,49.042520008253192],[2.354682353301117,49.041856454504241],[2.353631632275202,49.040971786144631],[2.352748468361615,49.040612593553853],[2.352242737617958,49.040060214638032],[2.352242737617958,49.040060214638032]]}},
{"type":"Feature","properties":{"GCIdentifi":130581,"GCCalculat":1119.0046390965599,"Nom":"AX_393","code":"SEINE13","source_doc":null,"date_visit":"2009-06-22"},"geometry":{"type":"LineString","coordinates":[[2.365493629276588,49.043735075124474],[2.364652456928798,49.04235191240538],[2.363731177641794,49.041155134311801],[2.362869781470505,49.040085236178896],[2.362042605754671,49.039090550408908],[2.361020802430276,49.038161039478247],[2.359981911677014,49.037145050665188],[2.359366763796096,49.036435530271355],[2.358531208258697,49.035509317572917],[2.358066388693028,49.034861512993928],[2.358066388693028,49.034861512993928]]}},
{"type":"Feature","properties":{"GCIdentifi":130583,"GCCalculat":887.98436784369858,"Nom":"AX_394","code":"SEINE13","source_doc":null,"date_visit":"2007-01-16"},"geometry":{"type":"LineString","coordinates":[[2.383873209999686,49.033351410490958],[2.384309530670818,49.032443953580284],[2.384089814409754,49.03125715718928],[2.383624327256858,49.030196236086475],[2.383075642500578,49.029620427862298],[2.381599873566631,49.02919881625035],[2.381032810090464,49.029024982754422],[2.380761121014796,49.028853290582056],[2.380585141711517,49.028737716327903],[2.380427909517451,49.028559222239942],[2.380354117675948,49.028149406328765],[2.380261442086612,49.027622802798611],[2.379677567689868,49.027746539920649],[2.379366815576374,49.027787088912099],[2.379064608315105,49.027822007298809],[2.378752086152543,49.027773838887676]]}},
{"type":"Feature","properties":{"GCIdentifi":130585,"GCCalculat":737.69733355554945,"Nom":"AX_395","code":"SEINE13","source_doc":null,"date_visit":"2007-01-16"},"geometry":{"type":"LineString","coordinates":[[2.388980922048364,49.026695043816083],[2.387641797007786,49.026291420176484],[2.385657356822107,49.025958782789516],[2.384385468868631,49.026149086860592],[2.382553524100357,49.026365426282347],[2.381134611895589,49.026418754953319],[2.380062432733081,49.02655615297774],[2.379231047848509,49.026760833309012]]}},
{"type":"Feature","properties":{"GCIdentifi":130586,"GCCalculat":0.0,"Nom":"AX_396","code":"SEINE13","source_doc":null,"date_visit":null},"geometry":{"type":"LineString","coordinates":[[2.375539603830243,49.02704173944867],[2.375539603830243,49.02704173944867]]}},
{"type":"Feature","properties":{"GCIdentifi":130590,"GCCalculat":487.59708369443109,"Nom":"AX_397","code":"SEINE13","source_doc":null,"date_visit":"2012-02-10"},"geometry":{"type":"LineString","coordinates":[[2.375827881326599,49.018846702415523],[2.375250028029729,49.018759080676439],[2.37470485391167,49.018629309335772],[2.373884547347329,49.018646201486007],[2.373383370435886,49.018865683546714],[2.372688227491957,49.019168775149673],[2.370688075732944,49.019676560142877],[2.369659305918701,49.019639420857217],[2.368936244290384,49.019593323298999],[2.368486911277163,49.01951692829104],[2.367796365996357,49.01943925262978]]}},
{"type":"Feature","properties":{"GCIdentifi":130591,"GCCalculat":786.38318371899584,"Nom":"AX_398","code":"SEINE13","source_doc":null,"date_visit":"2012-02-10"},"geometry":{"type":"LineString","coordinates":[[2.377154190610744,49.016865202499631],[2.376688031105588,49.016852208263678],[2.376128053721156,49.016616600455485],[2.373887326623468,49.014147194995871],[2.373094848698801,49.01359835749404],[2.371986668245444,49.013194471816888],[2.370646250678386,49.012628955507395],[2.36985406401163,49.012439416370384],[2.368800644077419,49.012153370071857],[2.368800644077419,49.012153370071857]]}},
{"type":"Feature","properties":{"GCIdentifi":130592,"GCCalculat":929.80406527381695,"Nom":"AX_399","code":"SEINE13","source_doc":null,"date_visit":"2007-05-10"},"geometry":{"type":"LineString","coordinates":[[2.381968856751402,49.014350906381452],[2.380491849285516,49.013929266356833],[2.379192424037158,49.013534513790702],[2.378045035771197,49.013219414188903],[2.377271200087628,49.012587495781354],[2.37636211913523,49.011394196720126],[2.375562839098198,49.010867846146567],[2.375074352670788,49.010514302095714],[2.374360070032639,49.009463536658707],[2.373228137343005,49.009139378597027],[2.372999296773383,49.008990126446314]]}},
{"type":"Feature","properties":{"GCIdentifi":130595,"GCCalculat":491.36126942175338,"Nom":"AX_400","code":"SEINE13","source_doc":null,"date_visit":"2009-03-03"},"geometry":{"type":"LineString","coordinates":[[2.407990224845461,49.010093976375423],[2.408386614140506,49.00878932053682],[2.408949083108519,49.007187082397763],[2.409372521376943,49.006236666687158],[2.409824181861991,49.005211734031754]]}},
{"type":"Feature","properties":{"GCIdentifi":130598,"GCCalculat":583.21352310255429,"Nom":"AX_401","code":"SEINE13","source_doc":null,"date_visit":null},"geometry":{"type":"LineString","coordinates":[[2.405023912984339,49.007487704054121],[2.405486915428257,49.006561066675665],[2.40605881633357,49.005418747658098],[2.407219703854901,49.004419820972409],[2.408038514332906,49.004113899995723],[2.408694530212097,49.003375759742916],[2.408735024149063,49.003042230126745],[2.408735024149063,49.003042230126745]]}},
{"type":"Feature","properties":{"GCIdentifi":130603,"GCCalculat":744.28322095153214,"Nom":"AX_404","code":"SEINE13","source_doc":null,"date_visit":"2009-03-03"},"geometry":{"type":"LineString","coordinates":[[2.40933287780181,48.994407279065889],[2.408256457692769,48.99427512098471],[2.407000324039541,48.994105205684697],[2.40600883730795,48.993984525590442],[2.405124035898803,48.993874914212334],[2.404358746666207,48.99373376899981]]}},
{"type":"Feature","properties":{"GCIdentifi":130625,"GCCalculat":324.95560198892713,"Nom":"AX_405","code":"SEINE13","source_doc":null,"date_visit":"2009-05-14"},"geometry":{"type":"LineString","coordinates":[[2.323117271011609,49.012989083281035],[2.323093730891394,49.011650616928101],[2.32310920245474,49.011335103150415],[2.32305661146294,49.010160561665906],[2.323020951446806,49.00950368241373]]}},
{"type":"Feature","properties":{"GCIdentifi":130626,"GCCalculat":697.35229689776259,"Nom":"AX_406","code":"SEINE13","source_doc":null,"date_visit":null},"geometry":{"type":"LineString","coordinates":[[2.319929145377349,49.006166091124378],[2.321885071504769,49.006374098115067],[2.323141163235801,49.006805426669189],[2.325301835407224,49.007543395333641],[2.326284852615525,49.008227312576054],[2.327255900421666,49.008990942490357],[2.327651847588278,49.009414313821317],[2.327651847588278,49.009414313821317]]}},
{"type":"Feature","properties":{"GCIdentifi":130627,"GCCalculat":332.44437486422055,"Nom":"AX_407","code":"SEINE13","source_doc":null,"date_visit":"2009-05-14"},"geometry":{"type":"LineString","coordinates":[[2.32337049571571,49.004563068940058],[2.323269646082051,49.005081833072246],[2.323247337791535,49.005579269404613],[2.323503216366738,49.006119386579712],[2.323692547889255,49.006529270255243],[2.323880225415604,49.006813368987181],[2.324044009340557,49.007084006206121],[2.324044009340557,49.007084006206121]]}},
{"type":"Feature","properties":{"GCIdentifi":130631,"GCCalculat":471.83378099816298,"Nom":"AX_408","code":"SEINE13","source_doc":null,"date_visit":null},"geometry":{"type":"LineString","coordinates":[[2.325015601285688,49.012579448491358],[2.325223920913581,49.012363870747926],[2.326108339136132,49.011410643548388],[2.326641077071856,49.010744843551208],[2.327761072902386,49.009459230477866],[2.327761072902386,49.009459230477866]]}},
{"type":"Feature","properties":{"GCIdentifi":130637,"GCCalculat":709.90450221203787,"Nom":"AX_409","code":"SEINE13","source_doc":null,"date_visit":null},"geometry":{"type":"LineString","coordinates":[[2.35268476975321,49.017694761029404],[2.354270562462064,49.017128602560426],[2.355747215648293,49.016894808608193],[2.357333018853545,49.016535213856919],[2.359574494844167,49.016461811788794],[2.360969207281559,49.016389672389892],[2.362022478799867,49.016299597763897],[2.362022478799867,49.016299597763897]]}},
{"type":"Feature","properties":{"GCIdentifi":130639,"GCCalculat":315.59720603397312,"Nom":"AX_410","code":"SEINE13","source_doc":null,"date_visit":"2009-05-14"},"geometry":{"type":"LineString","coordinates":[[2.334730102322561,49.016906464918861],[2.335148373356343,49.016631363930536],[2.335694688443297,49.016439356567055],[2.3370279998486,49.016288914245685],[2.339161934675607,49.016279890167631],[2.3401657391063,49.016213618051751],[2.340638624404185,49.016191155070921],[2.340638624404185,49.016191155070921]]}},
{"type":"Feature","properties":{"GCIdentifi":130640,"GCCalculat":494.04646508752887,"Nom":"AX_411","code":"SEINE13","source_doc":null,"date_visit":"2009-05-14"},"geometry":{"type":"LineString","coordinates":[[2.333601558918216,49.018402107809678],[2.333132069191596,49.018710891026238],[2.332800829681293,49.019053343126629],[2.332599308707679,49.019837113864284],[2.332573637540133,49.02061862424803],[2.332636780073436,49.020856674075063],[2.332792116393527,49.021176705158027]]}},
{"type":"Feature","properties":{"GCIdentifi":130642,"GCCalculat":417.27558207172927,"Nom":"AX_412","code":"SEINE13","source_doc":null,"date_visit":"2009-05-14"},"geometry":{"type":"LineString","coordinates":[[2.327023553010839,49.018752068780742],[2.327503190365503,49.019211361539874],[2.328573470914175,49.020180494952506],[2.329638754353149,49.020765570473273],[2.331125751742207,49.021349551264962],[2.333469901973601,49.021761740824594]]}},
{"type":"Feature","properties":{"GCIdentifi":130645,"GCCalculat":300.06521941234445,"Nom":"AX_413","code":"SEINE13","source_doc":null,"date_visit":null},"geometry":{"type":"LineString","coordinates":[[2.344714280607529,49.020564531272662],[2.344454887693048,49.021392110419249],[2.34445500911676,49.0221298354342],[2.344414113070965,49.02265084135373],[2.344414188712612,49.023244853029858],[2.344414188712612,49.023244853029858]]}},
{"type":"Feature","properties":{"GCIdentifi":130646,"GCCalculat":744.25541648112142,"Nom":"AX_414","code":"SEINE13","source_doc":null,"date_visit":"2009-05-14"},"geometry":{"type":"LineString","coordinates":[[2.353451952850139,49.01958894848341],[2.353161884664785,49.02017960901383],[2.353437048711212,49.020991418273503],[2.354976041433912,49.022927024819964],[2.356106731912214,49.02395762879906],[2.356528551925108,49.024148445788036],[2.357080178500886,49.02446274361921],[2.358600057339087,49.025011567622229]]}},
{"type":"Feature","properties":{"GCIdentifi":130647,"GCCalculat":348.52240322419976,"Nom":"AX_415","code":"SEINE13","source_doc":null,"date_visit":"2009-05-14"},"geometry":{"type":"LineString","coordinates":[[2.35134935788784,49.02216509602588],[2.35204426503589,49.022250353029243],[2.353246317063117,49.022470271473729],[2.353801254463951,49.022584716947691],[2.354163250532365,49.022718291462901],[2.354656772582818,49.022946152911004],[2.356106731912214,49.02395762879906]]}},
{"type":"Feature","properties":{"GCIdentifi":130651,"GCCalculat":924.57541459397248,"Nom":"AX_416","code":"SEINE13","source_doc":null,"date_visit":null},"geometry":{"type":"LineString","coordinates":[[2.311160507330659,49.033911771110695],[2.311638605239523,49.034111753576632],[2.312321495566056,49.034512764593984],[2.313002698494867,49.034941835071471],[2.313815253968067,49.035705562953339],[2.314409353102792,49.036240170304261],[2.315061335632707,49.037174512943679],[2.316280328928993,49.038169611356096],[2.316512544708282,49.038356051985147],[2.316983794843834,49.038670540377829]]}},
{"type":"Feature","properties":{"GCIdentifi":130652,"GCCalculat":1993.6958295453073,"Nom":"AX_417","code":"SEINE13","source_doc":null,"date_visit":"2009-05-14"},"geometry":{"type":"LineString","coordinates":[[2.316983793655722,49.038699737471127],[2.317912523405728,49.039644222874145],[2.318450438754526,49.039964325932274],[2.319095890477891,49.040346208766564],[2.320002682862134,49.040856130266349],[2.320735190373039,49.04153894625378],[2.3208426996446,49.041810689807157],[2.321887743789707,49.042655241215506],[2.32216270829502,49.042836048456223],[2.322663062901671,49.043193173127555],[2.322837255034354,49.043336938924675],[2.322613459649602,49.043451448727993],[2.323200988809559,49.0436895591587],[2.32330171758702,49.043864741817607],[2.324941345459441,49.044446558513023],[2.327190798932246,49.045219305921997],[2.329684555394705,49.046221094874213],[2.331021973953764,49.047154289010912]]}},
{"type":"Feature","properties":{"GCIdentifi":130654,"GCCalculat":799.0652943203645,"Nom":"AX_418","code":"SEINE13","source_doc":null,"date_visit":"2009-06-22"},"geometry":{"type":"LineString","coordinates":[[2.304430885327819,49.037575507439797],[2.30510302559129,49.037869535632382],[2.305841450484817,49.038120745312575],[2.306712551459534,49.038302227728941],[2.307967704441739,49.038541739862296],[2.308985328188951,49.039104538552181],[2.309786011391371,49.03971445874695],[2.310113710144267,49.040156941481051]]}},
{"type":"Feature","properties":{"GCIdentifi":130657,"GCCalculat":273.80294158992064,"Nom":"AX_419","code":"SEINE13","source_doc":null,"date_visit":"2009-06-22"},"geometry":{"type":"LineString","coordinates":[[2.299221112766276,49.036710048237175],[2.299675216331454,49.036961696170891],[2.299710847063511,49.037272750260136],[2.299657699383971,49.037523129757282],[2.299693310569868,49.03787012478405],[2.299928598006445,49.038443984064365],[2.300037576035054,49.038875185128731],[2.300291763973642,49.039245825365867],[2.300638397691119,49.039364956579497],[2.301455450165268,49.040836167185837],[2.301964153665472,49.041266389472959],[2.301944700292723,49.042187148379988],[2.302253603375098,49.042557795365035],[2.302308128516638,49.042761043640375]]}},
{"type":"Feature","properties":{"GCIdentifi":130658,"GCCalculat":424.27670427141459,"Nom":"AX_420","code":"SEINE13","source_doc":null,"date_visit":"2009-06-22"},"geometry":{"type":"LineString","coordinates":[[2.295982628215891,49.039244373388968],[2.297235742603473,49.03987811553295],[2.298126953212926,49.040356757327636],[2.298818277894229,49.040847686485215],[2.300453934349741,49.041697096723226]]}},
{"type":"Feature","properties":{"GCIdentifi":130659,"GCCalculat":680.68769026043447,"Nom":"AX_421","code":"SEINE13","source_doc":null,"date_visit":"2009-06-22"},"geometry":{"type":"LineString","coordinates":[[2.29175654619901,49.041773740582009],[2.292330898484939,49.043195526485412]]}},
{"type":"Feature","properties":{"GCIdentifi":130660,"GCCalculat":359.5467379843659,"Nom":"AX_422","code":"SEINE13","source_doc":null,"date_visit":"2009-06-22"},"geometry":{"type":"LineString","coordinates":[[2.289668173644851,49.042972138367894],[2.289775238075711,49.043570659308116],[2.289683935122284,49.044371244126793]]}},
{"type":"Feature","properties":{"GCIdentifi":130668,"GCCalculat":381.57652440800814,"Nom":"AX_423","code":"SEINE13","source_doc":null,"date_visit":null},"geometry":{"type":"LineString","coordinates":[[2.313945307424692,49.057289426276157],[2.313289760893826,49.056192242734156],[2.312893803130777,49.055292742129346],[2.31268916367145,49.054510059675316],[2.312689402424047,49.053987919788071],[2.312689402424047,49.053987919788071]]}},
{"type":"Feature","properties":{"GCIdentifi":130669,"GCCalculat":335.44328220821319,"Nom":"AX_424","code":"SEINE13","source_doc":null,"date_visit":null},"geometry":{"type":"LineString","coordinates":[[2.319871304307946,49.055338900856889],[2.319762271911197,49.054484378634122],[2.320090657737645,49.053342487251541],[2.320994679752528,49.052541989145887],[2.320994679752528,49.052541989145887]]}},
{"type":"Feature","properties":{"GCIdentifi":130679,"GCCalculat":366.20261691189376,"Nom":"AX_425","code":"SEINE13","source_doc":null,"date_visit":"2009-06-22"},"geometry":{"type":"LineString","coordinates":[[2.321222895883876,49.060204501801188],[2.323251403640044,49.059049316396838],[2.325551620306176,49.057301260118145],[2.326686311410784,49.05645472880186],[2.326686311410784,49.05645472880186]]}},
{"type":"Feature","properties":{"GCIdentifi":130682,"GCCalculat":851.93279553236118,"Nom":"AX_426","code":"SEINE21","source_doc":null,"date_visit":"2010-10-25"},"geometry":{"type":"LineString","coordinates":[[2.286754265713599,49.164789022254446],[2.287062297429051,49.163520578167052],[2.287496457949198,49.161528781512814]]}},
{"type":"Feature","properties":{"GCIdentifi":132336,"GCCalculat":309.71997675951138,"Nom":"AX_427","code":"SEINE21","source_doc":null,"date_visit":null},"geometry":{"type":"LineString","coordinates":[[1.877233329578168,49.106253474643033],[1.875248180101143,49.10620056623155],[1.87300211499415,49.106065735720236],[1.87300211499415,49.106065735720236]]}},
{"type":"Feature","properties":{"GCIdentifi":130691,"GCCalculat":110.03014759027801,"Nom":"AX_428","code":"OISE14","source_doc":null,"date_visit":"2009-01-19"},"geometry":{"type":"LineString","coordinates":[[2.313030135849009,49.119843181182695],[2.312963620653491,49.11943668137333],[2.312879955609631,49.119095315468584],[2.312746745665166,49.118688811891403]]}},
{"type":"Feature","properties":{"GCIdentifi":130688,"GCCalculat":609.96752374900041,"Nom":"AX_429","code":"OISE14","source_doc":null,"date_visit":"2010-10-25"},"geometry":{"type":"LineString","coordinates":[[2.305799738432639,49.119236209898325],[2.304422712258351,49.118583307135033],[2.302134678713479,49.117949374038297],[2.30031355987968,49.117761441011098],[2.298984941959429,49.11771604102627],[2.298984941959429,49.11771604102627]]}},
{"type":"Feature","properties":{"GCIdentifi":130739,"GCCalculat":243.98343598972741,"Nom":"AX_430","code":"OISE14","source_doc":null,"date_visit":"2008-03-13"},"geometry":{"type":"LineString","coordinates":[[2.360480206597161,49.082834632112977],[2.360241291468922,49.083725111256662],[2.359650092546924,49.084328212369769],[2.359103259555419,49.08477408624185]]}},
{"type":"Feature","properties":{"GCIdentifi":130695,"GCCalculat":894.57459416858455,"Nom":"AX_431","code":"OISE14","source_doc":null,"date_visit":"2009-01-19"},"geometry":{"type":"LineString","coordinates":[[2.33282169004605,49.11917526089961],[2.33014281578929,49.118372267443945],[2.328618675126274,49.118028574396732],[2.327498145182036,49.118064412707923],[2.326459832514104,49.117855480639946],[2.323522979201351,49.116534673521549],[2.322399221342176,49.116112337293806],[2.321839884417296,49.115953949670107],[2.320115961702358,49.114888112250661]]}},
{"type":"Feature","properties":{"GCIdentifi":130699,"GCCalculat":479.12924970401298,"Nom":"AX_432","code":"OISE14","source_doc":null,"date_visit":"2009-01-19"},"geometry":{"type":"LineString","coordinates":[[2.327381645767316,49.110194230868068],[2.325188766168287,49.11074422415107],[2.324083810622084,49.110864258825394],[2.322895056307221,49.110952836317018],[2.322142425476417,49.110996521104248]]}},
{"type":"Feature","properties":{"GCIdentifi":130718,"GCCalculat":448.87318922822357,"Nom":"AX_433","code":"OISE14","source_doc":null,"date_visit":"2008-03-13"},"geometry":{"type":"LineString","coordinates":[[2.353068577355664,49.089789825426912],[2.352717872542445,49.089100435038311],[2.352192771929233,49.088381879027544],[2.351931000866725,49.08770706324006],[2.351229928502702,49.087246771134062],[2.350376761134103,49.087031293656345],[2.34952366004791,49.086959531707784]]}},
{"type":"Feature","properties":{"GCIdentifi":130701,"GCCalculat":453.39301054590425,"Nom":"AX_434","code":"OISE14","source_doc":null,"date_visit":"2009-01-19"},"geometry":{"type":"LineString","coordinates":[[2.32800500499686,49.105886946551919],[2.32745600162517,49.105909359385564],[2.326175028861901,49.105886804803369],[2.325039437599687,49.10585300406332]]}},
{"type":"Feature","properties":{"GCIdentifi":130704,"GCCalculat":313.05276957541315,"Nom":"AX_435","code":"OISE14","source_doc":null,"date_visit":"2009-01-19"},"geometry":{"type":"LineString","coordinates":[[2.33278867681738,49.10456337391976],[2.331783161458561,49.103707704543019]]}},
{"type":"Feature","properties":{"GCIdentifi":130706,"GCCalculat":119.57798269351791,"Nom":"AX_436","code":"OISE14","source_doc":null,"date_visit":null},"geometry":{"type":"LineString","coordinates":[[2.333073106376564,49.097685807260355],[2.333251014073936,49.096616841484838],[2.333251014073936,49.096616841484838]]}},
{"type":"Feature","properties":{"GCIdentifi":130759,"GCCalculat":461.37656451563691,"Nom":"AX_437","code":"OISE14","source_doc":null,"date_visit":"2008-03-13"},"geometry":{"type":"LineString","coordinates":[[2.38529760903647,49.082363084952192],[2.384178798966903,49.083283185298534],[2.383401359806847,49.083672023884887],[2.38256565150011,49.083928364048802],[2.381285666013007,49.08438813064636],[2.380135255949867,49.084510972426919]]}},
{"type":"Feature","properties":{"GCIdentifi":130714,"GCCalculat":311.40857480927957,"Nom":"AX_438","code":"OISE14","source_doc":null,"date_visit":"2009-01-19"},"geometry":{"type":"LineString","coordinates":[[2.344439612613908,49.09998862848871],[2.34474906749112,49.099556297111192],[2.344902923241962,49.099277833421709],[2.345366194010512,49.098567017944852],[2.345501266052587,49.098363763602549],[2.345694449300056,49.098160510590859]]}},
{"type":"Feature","properties":{"GCIdentifi":130717,"GCCalculat":162.35656903741852,"Nom":"AX_439","code":"OISE14","source_doc":null,"date_visit":"2008-03-13"},"geometry":{"type":"LineString","coordinates":[[2.351100851661707,49.090263946245734],[2.350203335391223,49.090566114952331],[2.34900144572253,49.090680774103106]]}},
{"type":"Feature","properties":{"GCIdentifi":130724,"GCCalculat":126.93502793026954,"Nom":"AX_440","code":"OISE14","source_doc":null,"date_visit":"2008-03-13"},"geometry":{"type":"LineString","coordinates":[[2.349085237368413,49.083885147179338],[2.349721294061958,49.084373533393567],[2.350223985437835,49.084747388592518]]}},
{"type":"Feature","properties":{"GCIdentifi":130726,"GCCalculat":382.08375196858026,"Nom":"AX_441","code":"OISE14","source_doc":null,"date_visit":"2008-03-13"},"geometry":{"type":"LineString","coordinates":[[2.36950091001398,49.106010694684578],[2.369096695543465,49.105132723476871],[2.368818958554204,49.104058223476606],[2.368669760676343,49.103439559790111],[2.368614517928979,49.102637856054088]]}},
{"type":"Feature","properties":{"GCIdentifi":130733,"GCCalculat":211.98975709658663,"Nom":"AX_442","code":"OISE14","source_doc":null,"date_visit":"2008-03-13"},"geometry":{"type":"LineString","coordinates":[[2.38187045237843,49.101482497245016],[2.381801365128985,49.100716720580408],[2.381142462674235,49.100139813395231],[2.380555799323285,49.099977230878778]]}},
{"type":"Feature","properties":{"GCIdentifi":130747,"GCCalculat":251.74813370064379,"Nom":"AX_443","code":"OISE14","source_doc":null,"date_visit":"2008-03-13"},"geometry":{"type":"LineString","coordinates":[[2.37875106261632,49.091162249964952],[2.378007170325473,49.090989588223813],[2.376782890988599,49.090860900797487],[2.375929795300556,49.090933056399052],[2.375514518504866,49.091177959916088]]}},
{"type":"Feature","properties":{"GCIdentifi":130750,"GCCalculat":722.01018480703283,"Nom":"AX_444","code":"OISE14","source_doc":null,"date_visit":"2008-03-13"},"geometry":{"type":"LineString","coordinates":[[2.384535166298575,49.096548654688469],[2.384533981648618,49.09530226113354],[2.38496898790942,49.094260055612288],[2.385434762114846,49.09323804683698],[2.385712350567353,49.092112813742844],[2.386087653006287,49.091258137609017],[2.38637444093089,49.090808875565081],[2.387143527194586,49.090518839071535]]}},
{"type":"Feature","properties":{"GCIdentifi":130751,"GCCalculat":213.54383723450289,"Nom":"AX_445","code":"OISE14","source_doc":null,"date_visit":"2008-03-13"},"geometry":{"type":"LineString","coordinates":[[2.391508211031322,49.098037844789147],[2.390667682837773,49.097180363566444],[2.389608595223843,49.096608180066291]]}},
{"type":"Feature","properties":{"GCIdentifi":130757,"GCCalculat":243.61887778882729,"Nom":"AX_446","code":"OISE14","source_doc":null,"date_visit":"2008-03-13"},"geometry":{"type":"LineString","coordinates":[[2.391776452881486,49.087061641272335],[2.391558629205099,49.086428452017678],[2.391399019845279,49.085856977918418],[2.390746726581126,49.084997165940287]]}},
{"type":"Feature","properties":{"GCIdentifi":130765,"GCCalculat":301.00536203313334,"Nom":"AX_447","code":"OISE14","source_doc":null,"date_visit":null},"geometry":{"type":"LineString","coordinates":[[2.398394701930287,49.086007272864869],[2.399118097241047,49.084845829795142],[2.399843836809426,49.084206532450743],[2.400568090869409,49.08375698978994],[2.400568090869409,49.08375698978994]]}},
{"type":"Feature","properties":{"GCIdentifi":130764,"GCCalculat":568.25018677271544,"Nom":"AX_448","code":"OISE14","source_doc":null,"date_visit":null},"geometry":{"type":"LineString","coordinates":[[2.399850693534221,49.089594065390557],[2.400247605824789,49.088451876548596],[2.400463376161237,49.087408623873024],[2.401297544636668,49.085986589676246],[2.401720504472182,49.08522280516457],[2.402159240633039,49.084755458472507],[2.402159240633039,49.084755458472507]]}},
{"type":"Feature","properties":{"GCIdentifi":130893,"GCCalculat":138.27215570684274,"Nom":"AX_449","code":"SEINE14","source_doc":null,"date_visit":"2009-10-06"},"geometry":{"type":"LineString","coordinates":[[2.255334430532032,49.026985279222771],[2.25828919314378,49.027010734470252],[2.25828919314378,49.027010734470252]]}},
{"type":"Feature","properties":{"GCIdentifi":130788,"GCCalculat":278.22098402619559,"Nom":"AX_450","code":"OISE14","source_doc":null,"date_visit":"2009-01-19"},"geometry":{"type":"LineString","coordinates":[[2.329886706321266,49.078632798234892],[2.330922528096203,49.07868002008923],[2.332031825042127,49.079009080304296]]}},
{"type":"Feature","properties":{"GCIdentifi":130931,"GCCalculat":366.31420490100464,"Nom":"AX_451","code":"OISE16","source_doc":null,"date_visit":null},"geometry":{"type":"LineString","coordinates":[[2.294949884786693,49.078920655652844],[2.293059552066207,49.0787211945783],[2.291663179773471,49.078558963918553],[2.290145795304714,49.078082254717188],[2.290145795304714,49.078082254717188]]}},
{"type":"Feature","properties":{"GCIdentifi":130794,"GCCalculat":458.82652843150578,"Nom":"AX_452","code":"OISE14","source_doc":null,"date_visit":"2009-06-22"},"geometry":{"type":"LineString","coordinates":[[2.326326067675845,49.079350040434605],[2.325462794255433,49.079611585997007],[2.324708780360185,49.080339129361718],[2.32433935924859,49.081148684807651],[2.323696395430496,49.082046904000833],[2.323778199556405,49.08291825816422],[2.323995033188458,49.084002968885727],[2.32429224223464,49.084945091232314],[2.324427140429183,49.085531257279506],[2.324454292534253,49.086295921150885],[2.325175709779386,49.086448702969811]]}},
{"type":"Feature","properties":{"GCIdentifi":130800,"GCCalculat":421.41807527406252,"Nom":"AX_453","code":"OISE14","source_doc":null,"date_visit":null},"geometry":{"type":"LineString","coordinates":[[2.311109546325334,49.092513269422405],[2.311902466375406,49.09333988102442],[2.312628569059308,49.094526908289247],[2.312956553837128,49.095165887337849],[2.313092929991588,49.096020421481448],[2.313092929991588,49.096020421481448]]}},
{"type":"Feature","properties":{"GCIdentifi":130802,"GCCalculat":388.05710484521114,"Nom":"AX_454","code":"OISE14","source_doc":null,"date_visit":"2010-10-25"},"geometry":{"type":"LineString","coordinates":[[2.298234763876175,49.096969683355752],[2.299506524197575,49.097562978070606],[2.300342535484484,49.097779964512334],[2.302245727496913,49.097780548223923],[2.303557249347945,49.097665300345639],[2.30319139637778,49.097707841713891]]}},
{"type":"Feature","properties":{"GCIdentifi":130810,"GCCalculat":591.72757001759442,"Nom":"AX_455","code":"OISE14","source_doc":null,"date_visit":"2009-06-29"},"geometry":{"type":"LineString","coordinates":[[2.295698340940889,49.083291140880689],[2.296273917072932,49.083938098393148],[2.296532699342447,49.085241846044475],[2.296709892459398,49.085953806522909],[2.296529668148637,49.086852040856023],[2.296337747531925,49.087401070126205],[2.295932968127802,49.08832217526929],[2.295965096653822,49.088949618160761]]}},
{"type":"Feature","properties":{"GCIdentifi":130808,"GCCalculat":877.81263780966515,"Nom":"AX_456","code":"OISE14","source_doc":null,"date_visit":"2009-10-01"},"geometry":{"type":"LineString","coordinates":[[2.284228952842605,49.087144070464497],[2.285164057516197,49.087332074583408],[2.286909108260249,49.087637102837171],[2.288438340294447,49.087871233186689],[2.290030022364584,49.088155706177382],[2.290962460413991,49.088156065878216],[2.291674400378848,49.087760710962492],[2.292398851475442,49.087335573186593],[2.292915178668193,49.087299866218117]]}},
{"type":"Feature","properties":{"GCIdentifi":130813,"GCCalculat":522.80546899889634,"Nom":"AX_457","code":"OISE14","source_doc":null,"date_visit":"2010-10-25"},"geometry":{"type":"LineString","coordinates":[[2.294767941072763,49.099891301565307],[2.293648391500959,49.10055435532594],[2.292846733749337,49.101216840486941],[2.292155787872739,49.101884062848796],[2.290803213121574,49.1031406843897]]}},
{"type":"Feature","properties":{"GCIdentifi":130815,"GCCalculat":168.85929314226195,"Nom":"AX_458","code":"OISE14","source_doc":null,"date_visit":"2009-10-01"},"geometry":{"type":"LineString","coordinates":[[2.294280953920528,49.095472603924549],[2.292686821719759,49.095768203431639],[2.291856902292055,49.096108396288088],[2.291000929196243,49.09656772958342]]}},
{"type":"Feature","properties":{"GCIdentifi":130818,"GCCalculat":398.06266652496214,"Nom":"AX_459","code":"OISE14","source_doc":null,"date_visit":"2009-10-01"},"geometry":{"type":"LineString","coordinates":[[2.285179801202013,49.094919333856382],[2.283087532156319,49.096989196297564],[2.282140901376188,49.098438605326891]]}},
{"type":"Feature","properties":{"GCIdentifi":130822,"GCCalculat":231.26265750626823,"Nom":"AX_460","code":"OISE14","source_doc":null,"date_visit":"2009-10-01"},"geometry":{"type":"LineString","coordinates":[[2.275247737993292,49.09720665799663],[2.278595201701139,49.097724946683748],[2.280115157011498,49.097897513315637],[2.279786923800621,49.097843450781781]]}},
{"type":"Feature","properties":{"GCIdentifi":130829,"GCCalculat":1088.7877527503538,"Nom":"AX_461","code":"OISE14","source_doc":null,"date_visit":"2010-10-25"},"geometry":{"type":"LineString","coordinates":[[2.268824966343106,49.107364731714441],[2.266636526858845,49.110371873285615],[2.265865916164254,49.112206173849636]]}},
{"type":"Feature","properties":{"GCIdentifi":130686,"GCCalculat":1164.1678456294298,"Nom":"AX_464","code":"OISE14","source_doc":null,"date_visit":"2010-10-25"},"geometry":{"type":"LineString","coordinates":[[2.305113547098881,49.12091655694757],[2.303900550845622,49.121539817536998],[2.302461537565826,49.12184592667532],[2.30162685760286,49.121584058506734],[2.300790763140349,49.120917935482851],[2.299886744171643,49.119613988390654],[2.299312729879526,49.118570663165407],[2.298807100609374,49.117644125692991],[2.297834237474812,49.11697794590728],[2.297082407144735,49.115962601954934],[2.295562283441436,49.115224347183684],[2.295562283441436,49.115224347183684]]}},
{"type":"Feature","properties":{"GCIdentifi":130690,"GCCalculat":743.09959118149573,"Nom":"AX_465","code":"OISE14","source_doc":null,"date_visit":"2009-01-19"},"geometry":{"type":"LineString","coordinates":[[2.311591430551187,49.119831648019073],[2.312662879563959,49.118732588054819],[2.31272960069438,49.118722503354398],[2.312932075616586,49.117490750268992],[2.312905194679886,49.116434122800477],[2.312731106504147,49.115612163858778],[2.312548464842243,49.114853067654657],[2.312246113312597,49.114007472531142],[2.312095765237263,49.113633533766532]]}},
{"type":"Feature","properties":{"GCIdentifi":130692,"GCCalculat":1681.8296519081641,"Nom":"AX_466","code":"OISE14","source_doc":null,"date_visit":"2009-01-19"},"geometry":{"type":"LineString","coordinates":[[2.31853397429743,49.11878196802337],[2.318109980945669,49.118071129838462],[2.317343892199164,49.117334395790515],[2.316617302980423,49.116291113905838],[2.31564607308828,49.115337616152075],[2.314673081328837,49.114654739474055],[2.313877779988506,49.114392953712901],[2.313193774329089,49.113988592569797],[2.312029088446849,49.113582971561719],[2.311276753186209,49.113034849655705],[2.310084951442771,49.112251955206261],[2.309207729382565,49.111802592776634],[2.308387189260518,49.111001779076716],[2.307004088772303,49.109904374210714],[2.305306084484665,49.109265008691814],[2.304114228277909,49.108860446024018],[2.302785714027655,49.108266070293844],[2.302785714027655,49.108266070293844]]}},
{"type":"Feature","properties":{"GCIdentifi":130694,"GCCalculat":1928.1508947171244,"Nom":"AX_467","code":"OISE14","source_doc":null,"date_visit":"2009-01-19"},"geometry":{"type":"LineString","coordinates":[[2.320667218957945,49.118767689128163],[2.321102191785453,49.117338347917972],[2.321353811057571,49.116799406482528],[2.32123774869327,49.116052677174338],[2.320348572522593,49.115063310584269],[2.319578987651153,49.114535447046045],[2.319194228982523,49.114205256139876],[2.318708806407857,49.11316092074366],[2.318040470587317,49.111918921716118],[2.316400829510011,49.110283736615791],[2.315386876069382,49.109546941329057],[2.314087205698841,49.109114395579446],[2.312676387124504,49.108645864074639],[2.311416266563052,49.107853974750704],[2.311088105927703,49.107432825182798],[2.309801332723793,49.105452905418375],[2.309144976634861,49.104768924412959],[2.309144976634861,49.104768924412959]]}},
{"type":"Feature","properties":{"GCIdentifi":130696,"GCCalculat":463.46930596461624,"Nom":"AX_468","code":"OISE14","source_doc":null,"date_visit":null},"geometry":{"type":"LineString","coordinates":[[2.33206936951277,49.115141885209958],[2.331728934010619,49.115303555851057],[2.331450099857554,49.11551465162303],[2.330445903323757,49.116141157211871],[2.329624741871793,49.116558816695836],[2.329072126364384,49.117031493961981],[2.328620445442431,49.117570440495008],[2.32837232894975,49.118010592285685],[2.32837232894975,49.118010592285685]]}},
{"type":"Feature","properties":{"GCIdentifi":130697,"GCCalculat":126.53517541522987,"Nom":"AX_469","code":"OISE14","source_doc":null,"date_visit":null},"geometry":{"type":"LineString","coordinates":[[2.331415379626002,49.119988161324429],[2.33137099883553,49.119242562658471],[2.331152077957091,49.118864142330466],[2.330892077791257,49.118603620824679],[2.330892077791257,49.118603620824679]]}},
{"type":"Feature","properties":{"GCIdentifi":130698,"GCCalculat":1383.6611252684572,"Nom":"AX_470","code":"OISE14","source_doc":null,"date_visit":"2009-01-19"},"geometry":{"type":"LineString","coordinates":[[2.331349369588701,49.113855044510721],[2.330764390219294,49.113579910642727],[2.329876723565052,49.113052121002376],[2.328687933720124,49.112898204562683],[2.327918224581314,49.112909371392455],[2.327314456856766,49.112579187077735],[2.326645722465375,49.112315261969691],[2.325992383921179,49.112007541402214],[2.325205610131916,49.111832293866975],[2.323649228772781,49.111414417367179],[2.322142425476417,49.110996521104248],[2.32083576146918,49.11074370297014],[2.31953777829184,49.11005069184953],[2.318542452798587,49.109731652361589],[2.317730124324199,49.109474388621216],[2.316756931722016,49.109456240177373],[2.316113813654677,49.109474092520756],[2.31534584314638,49.10954695052591],[2.31534584314638,49.10954695052591]]}},
{"type":"Feature","properties":{"GCIdentifi":130700,"GCCalculat":2150.308829520623,"Nom":"AX_471","code":"OISE14","source_doc":null,"date_visit":"2009-01-19"},"geometry":{"type":"LineString","coordinates":[[2.332716277814074,49.111271369246637],[2.331753395535029,49.110549347629423],[2.331185569752165,49.110198971204809],[2.330739203769293,49.109680175768929],[2.330412572913063,49.109239991421759],[2.32884782181817,49.107940733951601],[2.327086345893533,49.107119784943329],[2.32559349698458,49.106148360716205],[2.324911186113881,49.105785621745618],[2.322925874952958,49.104769191438145],[2.321241538053992,49.104006537313872],[2.318712396388733,49.103424515581253],[2.316744132222075,49.103057026304015],[2.315661955614678,49.102278685740174],[2.314579873660227,49.10131954352039],[2.313764388635737,49.100833164963099],[2.312827542409286,49.100241237326593],[2.312053039255443,49.09999179075789],[2.311039131596559,49.099704111540646],[2.310266273271831,49.099517540226564]]}},
{"type":"Feature","properties":{"GCIdentifi":130702,"GCCalculat":1225.4883402858527,"Nom":"AX_472","code":"OISE14","source_doc":null,"date_visit":"2009-01-19"},"geometry":{"type":"LineString","coordinates":[[2.326663436745547,49.10108657774024],[2.325261292436446,49.100554209857421],[2.324392693183325,49.100139780089172],[2.322855664921215,49.099053774749706],[2.32191200340758,49.098144137269152],[2.320652187463994,49.096795403414156],[2.319816274796055,49.096085625863466],[2.318884692651901,49.09518494931033],[2.318884692651901,49.09518494931033]]}},
{"type":"Feature","properties":{"GCIdentifi":130703,"GCCalculat":802.05695568156341,"Nom":"AX_473","code":"OISE14","source_doc":null,"date_visit":"2009-01-19"},"geometry":{"type":"LineString","coordinates":[[2.330890353169101,49.104453246908079],[2.331709612986376,49.103682991983035],[2.331877319916194,49.102742042795967],[2.33216814758027,49.101552928702588],[2.332496620358627,49.100159474565352],[2.332713869545219,49.0993824590361],[2.33277034850899,49.098943412679702],[2.33293797496216,49.098173124883907],[2.333073096247649,49.09780369467871],[2.333073096247649,49.09780369467871]]}},
{"type":"Feature","properties":{"GCIdentifi":130705,"GCCalculat":512.77157847055037,"Nom":"AX_474","code":"OISE14","source_doc":null,"date_visit":"2009-01-19"},"geometry":{"type":"LineString","coordinates":[[2.335412228002715,49.101117344675707],[2.334704267719883,49.100774856432146],[2.334090376262703,49.100201057733656],[2.33368858491285,49.099304998493558],[2.33329191118511,49.098352786606931],[2.333073096247649,49.09780369467871],[2.333073096247649,49.09780369467871]]}},
{"type":"Feature","properties":{"GCIdentifi":130711,"GCCalculat":467.52221852994131,"Nom":"AX_475","code":"OISE14","source_doc":null,"date_visit":"2009-01-19"},"geometry":{"type":"LineString","coordinates":[[2.345211272999493,49.102666611490854],[2.345578832754619,49.101867124098987],[2.345655746704437,49.10158751301703],[2.345848869130555,49.101003606916379],[2.345830014285259,49.100838547139794],[2.345790588791663,49.100292820974595],[2.34569475634599,49.099823475787353]]}},
{"type":"Feature","properties":{"GCIdentifi":130712,"GCCalculat":670.69646521904815,"Nom":"AX_476","code":"OISE14","source_doc":null,"date_visit":null},"geometry":{"type":"LineString","coordinates":[[2.353260321373622,49.100914092415344],[2.352546991735156,49.100230356389353],[2.351712396082069,49.099826234637462],[2.35029976773954,49.099349184453907],[2.349041034414358,49.098756439058505],[2.347876405991513,49.098289450620982],[2.347301808689813,49.098090759484627],[2.345738792827784,49.097596824197993],[2.345738792827784,49.097596824197993]]}},
{"type":"Feature","properties":{"GCIdentifi":130713,"GCCalculat":1631.6080670977728,"Nom":"AX_477","code":"OISE14","source_doc":null,"date_visit":"2009-01-19"},"geometry":{"type":"LineString","coordinates":[[2.349347836186823,49.101625340223613],[2.348400356847973,49.101282985847782],[2.347995004733684,49.100940534304748],[2.347240758691429,49.100433064883504],[2.345694753590353,49.099797652289006],[2.345443226187057,49.099086901625405],[2.345740591612866,49.098069552102295],[2.345810644652283,49.097678794848143],[2.344769068563534,49.096503232142595],[2.344481587666177,49.095026672564948],[2.344303667810463,49.094433800368861],[2.343751271641843,49.09354228998081],[2.343528938435446,49.093033621692456],[2.342986890934284,49.092894430304582],[2.341914830737803,49.09263398112774],[2.340909410245807,49.09209504211946],[2.340765782144437,49.091898526912956],[2.340340045718229,49.091682957472827],[2.339779212960144,49.091410123843033],[2.339326066325027,49.090235613240502],[2.339305540837615,49.089816763705876]]}},
{"type":"Feature","properties":{"GCIdentifi":130715,"GCCalculat":645.26327690447613,"Nom":"AX_478","code":"OISE14","source_doc":null,"date_visit":"2009-01-19"},"geometry":{"type":"LineString","coordinates":[[2.350079843074107,49.095482046033389],[2.349113676647453,49.095089151307135],[2.348438179678721,49.094835457028836],[2.347971370372961,49.094645732358394],[2.345546666045598,49.094053065229225],[2.344999501781842,49.093837508324192],[2.343722205121449,49.093452440910148]]}},
{"type":"Feature","properties":{"GCIdentifi":130719,"GCCalculat":281.29123371124865,"Nom":"AX_479","code":"OISE14","source_doc":null,"date_visit":"2008-03-13"},"geometry":{"type":"LineString","coordinates":[[2.354731451246526,49.087935730360378],[2.353592755414156,49.087706838290352],[2.352259120087772,49.087261249415747],[2.351099960726123,49.087189530703242]]}},
{"type":"Feature","properties":{"GCIdentifi":130720,"GCCalculat":418.55219221771154,"Nom":"AX_480","code":"OISE14","source_doc":null,"date_visit":"2008-03-13"},"geometry":{"type":"LineString","coordinates":[[2.348627358796457,49.085020427546837],[2.348779719523129,49.085925446937594],[2.349065363578018,49.086428472347912],[2.349480921683871,49.086916860229081],[2.349085952529064,49.086773176997092],[2.348232767873063,49.086356686278677],[2.347401792165852,49.085824516205037]]}},
{"type":"Feature","properties":{"GCIdentifi":130721,"GCCalculat":344.16208917958386,"Nom":"AX_481","code":"OISE14","source_doc":null,"date_visit":"2008-03-13"},"geometry":{"type":"LineString","coordinates":[[2.352103339862393,49.081127018562661],[2.352213091025454,49.082233030392914],[2.351732885049659,49.082706961014779],[2.351427030162582,49.083166256897549],[2.35125102783752,49.083440243425876],[2.350574200523932,49.083870388615018]]}},
{"type":"Feature","properties":{"GCIdentifi":130725,"GCCalculat":596.52807992889461,"Nom":"AX_483","code":"OISE14","source_doc":null,"date_visit":"2008-03-13"},"geometry":{"type":"LineString","coordinates":[[2.366348001033699,49.104510273912219],[2.366833290499296,49.103857761043486],[2.367428283105083,49.103582509170053],[2.368201060513258,49.103248809175476],[2.368599125929435,49.102640104017944],[2.368509144743849,49.100987268420901],[2.368250159563388,49.099762272361453]]}},
{"type":"Feature","properties":{"GCIdentifi":130731,"GCCalculat":288.69134874944251,"Nom":"AX_484","code":"OISE14","source_doc":null,"date_visit":"2008-03-13"},"geometry":{"type":"LineString","coordinates":[[2.373794630356349,49.102741845050716],[2.372834957594283,49.102379480261277],[2.371642583128363,49.101807183069923],[2.370481105636189,49.101330299520761]]}},
{"type":"Feature","properties":{"GCIdentifi":130730,"GCCalculat":2354.0560242375582,"Nom":"AX_485","code":"OISE14","source_doc":null,"date_visit":"2008-03-13"},"geometry":{"type":"LineString","coordinates":[[2.371656559291199,49.104621072776069],[2.371603074413547,49.103970957856355],[2.371655563716172,49.10323434142245],[2.37150981559197,49.102654973450043],[2.371179415209417,49.102169993554398],[2.37047938013245,49.101330308470779],[2.368777224823694,49.100368491701886],[2.368250131870772,49.099745440234393],[2.367986383005967,49.099113340321587],[2.367734114953172,49.09766266345126],[2.367761253649442,49.097275256079584],[2.367774356385728,49.096366853882884],[2.368428407824431,49.095030461843628],[2.36851676314434,49.094197262110704],[2.368034164783029,49.093506832200546],[2.366501063655938,49.09168370262838],[2.366085619794203,49.091711868285302],[2.365122079394837,49.090074966471413],[2.364853222165664,49.089322699343569],[2.364575907016041,49.088652416177531],[2.364356528129986,49.087675574569069],[2.364639665382577,49.086525693337741],[2.364442648618772,49.085779017331838],[2.363895322248398,49.085276119161072]]}},
{"type":"Feature","properties":{"GCIdentifi":130734,"GCCalculat":396.03359709568599,"Nom":"AX_486","code":"OISE14","source_doc":null,"date_visit":"2008-03-13"},"geometry":{"type":"LineString","coordinates":[[2.385150135067016,49.099404965714385],[2.384103801697545,49.099626608816195],[2.382857342835207,49.099791064431962],[2.381229576827455,49.100024137384459],[2.379864821886246,49.099861834071845]]}},
{"type":"Feature","properties":{"GCIdentifi":130735,"GCCalculat":474.78820275380951,"Nom":"AX_487","code":"OISE14","source_doc":null,"date_visit":"2008-03-13"},"geometry":{"type":"LineString","coordinates":[[2.361468431235936,49.093490458611896],[2.361840723184994,49.092608929595841],[2.362607987661611,49.091767716237229],[2.363730906905145,49.091056689177016],[2.365140989997366,49.090273716204784],[2.365318857011822,49.090345517535383],[2.365318857011822,49.090345517535383]]}},
{"type":"Feature","properties":{"GCIdentifi":130736,"GCCalculat":765.70994349301122,"Nom":"AX_488","code":"OISE14","source_doc":null,"date_visit":"2008-03-13"},"geometry":{"type":"LineString","coordinates":[[2.359917272221778,49.092747433751569],[2.358734682650632,49.0901908840627],[2.359543226468677,49.089859485932031],[2.359915833457768,49.089658423343252],[2.36061512847879,49.089702075788807],[2.362147009719692,49.089701742840496],[2.363875367892637,49.089471158800748],[2.364706088090174,49.089126239087697]]}},
{"type":"Feature","properties":{"GCIdentifi":130737,"GCCalculat":108.86329642318969,"Nom":"AX_489","code":"OISE14","source_doc":null,"date_visit":"2008-03-13"},"geometry":{"type":"LineString","coordinates":[[2.361675766788046,49.087576256651559],[2.361429308607977,49.086983429113097],[2.361347062994932,49.086623005999058]]}},
{"type":"Feature","properties":{"GCIdentifi":130738,"GCCalculat":382.5164232686318,"Nom":"AX_490","code":"OISE14","source_doc":null,"date_visit":"2008-03-13"},"geometry":{"type":"LineString","coordinates":[[2.359215776743039,49.087920350523859],[2.36017806602128,49.087374446124493],[2.361182989745623,49.086742063743387],[2.361381080768854,49.086296253368531],[2.361271266164232,49.085492291064128],[2.360942861501779,49.085133031664917]]}},
{"type":"Feature","properties":{"GCIdentifi":130763,"GCCalculat":318.60693145399284,"Nom":"AX_491","code":"OISE14","source_doc":null,"date_visit":null},"geometry":{"type":"LineString","coordinates":[[2.406312110859987,49.088735843524759],[2.406748477413717,49.087809210583288],[2.406528671825014,49.087117658122928],[2.406527301498237,49.086146368901858],[2.406499664389054,49.085929662479664],[2.406499664389054,49.085929662479664]]}},
{"type":"Feature","properties":{"GCIdentifi":130741,"GCCalculat":324.69870021587997,"Nom":"AX_492","code":"OISE14","source_doc":null,"date_visit":"2008-03-13"},"geometry":{"type":"LineString","coordinates":[[2.361713213078278,49.080435903347102],[2.362905038230924,49.081191335445126],[2.364354802046206,49.081550330636716],[2.365203046116247,49.082144104795319]]}},
{"type":"Feature","properties":{"GCIdentifi":130744,"GCCalculat":160.16711185420334,"Nom":"AX_493","code":"OISE14","source_doc":null,"date_visit":"2008-03-13"},"geometry":{"type":"LineString","coordinates":[[2.368155159122827,49.079356370975859],[2.368111157852901,49.080045841809699],[2.367783398958125,49.080764553400634]]}},
{"type":"Feature","properties":{"GCIdentifi":130745,"GCCalculat":303.81324864532678,"Nom":"AX_494","code":"OISE14","source_doc":null,"date_visit":"2008-03-13"},"geometry":{"type":"LineString","coordinates":[[2.37121564639949,49.078019297023687],[2.371325797653854,49.079110683322817],[2.371589440278511,49.079685511405629],[2.371524903802536,49.080275050813512],[2.371152530156652,49.08064907846709]]}},
{"type":"Feature","properties":{"GCIdentifi":130746,"GCCalculat":855.29842347969304,"Nom":"AX_495","code":"OISE14","source_doc":null,"date_visit":"2008-03-13"},"geometry":{"type":"LineString","coordinates":[[2.381702154781164,49.096905737443429],[2.380222310425387,49.09605067370228],[2.378056504181312,49.094792742111615],[2.375427244779223,49.093246334499476],[2.374356383477952,49.092557233356395],[2.373567366476835,49.091479539195284]]}},
{"type":"Feature","properties":{"GCIdentifi":130748,"GCCalculat":262.65371617318243,"Nom":"AX_496","code":"OISE14","source_doc":null,"date_visit":"2008-03-13"},"geometry":{"type":"LineString","coordinates":[[2.379013414660525,49.09005611156482],[2.37774486076647,49.090113833013106],[2.376585889019528,49.090357901109527],[2.375907561328231,49.090933057877322]]}},
{"type":"Feature","properties":{"GCIdentifi":130749,"GCCalculat":2478.3446239022619,"Nom":"AX_497","code":"OISE14","source_doc":null,"date_visit":"2008-03-13"},"geometry":{"type":"LineString","coordinates":[[2.389671589906734,49.097956722153626],[2.389608363454423,49.096383608368349],[2.389848519252412,49.095498683157516],[2.389669377366256,49.094283827070846],[2.38898251357823,49.093112974994959],[2.387969190237831,49.092055691105067],[2.387017862036743,49.089680099688017],[2.384680925956642,49.088107952723504],[2.383684952121361,49.087085440747416],[2.382485033158742,49.085502678210723],[2.380880900424372,49.084858769224923],[2.378732866804892,49.083816426360187],[2.377270708490995,49.08312189534027],[2.375931515229535,49.082264481255436],[2.374375219336385,49.081345354159133],[2.373097916503477,49.080834882034509],[2.372133623522108,49.080548834406066]]}},
{"type":"Feature","properties":{"GCIdentifi":130752,"GCCalculat":275.10209850197953,"Nom":"AX_498","code":"OISE14","source_doc":null,"date_visit":null},"geometry":{"type":"LineString","coordinates":[[2.392954962464523,49.095136765144829],[2.391723410500994,49.094733127441266],[2.390599595227902,49.094338403009239],[2.389696327670035,49.09390765271376],[2.389696327670035,49.09390765271376]]}},
{"type":"Feature","properties":{"GCIdentifi":130753,"GCCalculat":315.73137223809965,"Nom":"AX_499","code":"OISE14","source_doc":null,"date_visit":"2008-03-13"},"geometry":{"type":"LineString","coordinates":[[2.392007747670156,49.092125679367378],[2.390309667113417,49.091846877170433],[2.388830444186433,49.091605030621402],[2.387927325361548,49.091255099916424],[2.387927325361548,49.091255099916424]]}},
{"type":"Feature","properties":{"GCIdentifi":130756,"GCCalculat":1189.0170462159267,"Nom":"AX_500","code":"OISE14","source_doc":null,"date_visit":"2008-03-13"},"geometry":{"type":"LineString","coordinates":[[2.39620693576552,49.087824103091172],[2.395075990555898,49.087060018428375],[2.39407844143224,49.086345257009739],[2.392383284985137,49.085479222646789],[2.390746567438816,49.084854559101721],[2.389595929162562,49.084732713047856],[2.387975290254763,49.084716587503607],[2.386125852185768,49.08497792033851],[2.385113999753307,49.085168108626952],[2.383963694483031,49.08538865380406],[2.382967079539678,49.08545081741164],[2.38181634450926,49.085205361429757]]}},
{"type":"Feature","properties":{"GCIdentifi":130740,"GCCalculat":1144.4375513299397,"Nom":"AX_501","code":"OISE14","source_doc":null,"date_visit":"2008-03-13"},"geometry":{"type":"LineString","coordinates":[[2.373884807639504,49.079296292700597],[2.373208459755728,49.080029729497035],[2.372048155625205,49.080561209979948],[2.369971420811475,49.080748230383527],[2.367631267897696,49.080748881044784],[2.366494699942063,49.081051236721748],[2.36568470443664,49.081497219892654],[2.365269772606367,49.082258623490965],[2.365247972248564,49.083005341351878],[2.365335701672791,49.083954138414974],[2.364965154590557,49.084686335165436],[2.364047428632209,49.085232280752045]]}},
{"type":"Feature","properties":{"GCIdentifi":130762,"GCCalculat":3437.4212319103217,"Nom":"AX_502","code":"OISE14","source_doc":null,"date_visit":"2008-03-13"},"geometry":{"type":"LineString","coordinates":[[2.409662662611547,49.086153417102146],[2.408293223937666,49.086091395676405],[2.405512966110622,49.085732638149793],[2.403418098852216,49.085239810583047],[2.402542336845251,49.084879872832062],[2.400816266389087,49.083982539338628],[2.400156671693185,49.082866769342175],[2.398896511110291,49.081276339589991],[2.395895147988162,49.078688592192577],[2.392307460107241,49.077313727096666],[2.391662741982853,49.07700862607571],[2.385870031316577,49.075221384554588],[2.380989828408316,49.074711321959185],[2.378692584637626,49.074597665054199],[2.376681331855345,49.075114899460587],[2.376092016368306,49.075588956695981],[2.375588224575081,49.076092174523353],[2.374517344908789,49.077170485715541],[2.374279085530334,49.078535973303957],[2.373908735462284,49.079308636944035],[2.373908735462284,49.079308636944035]]}},
{"type":"Feature","properties":{"GCIdentifi":130784,"GCCalculat":329.32461715755613,"Nom":"AX_503","code":"OISE14","source_doc":null,"date_visit":"2009-01-19"},"geometry":{"type":"LineString","coordinates":[[2.339857356202813,49.082778599510995],[2.340329143632458,49.082899869824658],[2.340900147315979,49.083132288150871],[2.341607900526212,49.083625202383857],[2.341607900526212,49.083625202383857]]}},
{"type":"Feature","properties":{"GCIdentifi":130785,"GCCalculat":295.2712004796465,"Nom":"AX_504","code":"OISE14","source_doc":null,"date_visit":"2009-01-19"},"geometry":{"type":"LineString","coordinates":[[2.339640268112101,49.08333107491039],[2.340445456099646,49.083397285773209],[2.341101885025682,49.083496088768584],[2.341666015561187,49.083642038250289],[2.341666015561187,49.083642038250289]]}},
{"type":"Feature","properties":{"GCIdentifi":130787,"GCCalculat":1522.2301889958133,"Nom":"AX_505","code":"OISE14","source_doc":null,"date_visit":"2009-01-19"},"geometry":{"type":"LineString","coordinates":[[2.332425091485447,49.077716654290583],[2.332175488627394,49.078374644667527],[2.332103654863609,49.07891475232217],[2.332320716847621,49.079152816511005],[2.333426585975396,49.079996122046332],[2.333855592814572,49.080630550065464],[2.334392268573376,49.081969023824769],[2.334428127510961,49.082744930066802],[2.334463961806863,49.083966621867127],[2.334571620865978,49.085046813302895],[2.335357975705212,49.085775589690215],[2.33621615639046,49.086503210349441],[2.33707437250505,49.087443061712598],[2.337166694330223,49.088262748350452],[2.337166694330223,49.088262748350452]]}},
{"type":"Feature","properties":{"GCIdentifi":130789,"GCCalculat":493.9969991651821,"Nom":"AX_506","code":"OISE14","source_doc":null,"date_visit":null},"geometry":{"type":"LineString","coordinates":[[2.329794082567564,49.080692126191281],[2.330636750167573,49.081217680515913],[2.331600805056444,49.081672501017572],[2.333426439902133,49.08203975016702],[2.33435631336875,49.082792089123245]]}},
{"type":"Feature","properties":{"GCIdentifi":130790,"GCCalculat":560.7167519665602,"Nom":"AX_507","code":"OISE14","source_doc":null,"date_visit":"2009-01-19"},"geometry":{"type":"LineString","coordinates":[[2.328704738951882,49.08354303164181],[2.329870561406894,49.083972043522159],[2.331210738904418,49.084512215136733],[2.332609091941665,49.084917640433773],[2.334607487784192,49.085281494846015]]}},
{"type":"Feature","properties":{"GCIdentifi":130797,"GCCalculat":274.87766466207268,"Nom":"AX_508","code":"OISE14","source_doc":null,"date_visit":null},"geometry":{"type":"LineString","coordinates":[[2.31928618773467,49.086516438506294],[2.319258609186342,49.087110438483052],[2.31886148488477,49.088440986269426],[2.318818567684533,49.088961985404055],[2.318818567684533,49.088961985404055]]}},
{"type":"Feature","properties":{"GCIdentifi":130798,"GCCalculat":811.19150365477674,"Nom":"AX_509","code":"OISE14","source_doc":null,"date_visit":null},"geometry":{"type":"LineString","coordinates":[[2.316506359891183,49.086614787534302],[2.317300924670097,49.087604179548308],[2.318134955805791,49.088270181708268],[2.318751905887034,49.088979941524649],[2.318970558503751,49.089457194685714],[2.319366870741521,49.090383620120036],[2.319968459876015,49.091049568042891],[2.321023041031941,49.092073786445702],[2.322146162832291,49.092785843612283],[2.322146162832291,49.092785843612283]]}},
{"type":"Feature","properties":{"GCIdentifi":130799,"GCCalculat":1225.9308446951611,"Nom":"AX_510","code":"OISE14","source_doc":null,"date_visit":"2009-06-22"},"geometry":{"type":"LineString","coordinates":[[2.314125536783089,49.085256792513363],[2.314343778357272,49.086542525770923],[2.314302232187003,49.087630569802727],[2.313863974500828,49.088934152527862],[2.314342389503247,49.089555188419844],[2.315272063185545,49.090499711212075],[2.316791553664003,49.091570070926473],[2.317846093770876,49.092568492993976],[2.318269875241413,49.093207471442355],[2.318269875241413,49.093207471442355]]}},
{"type":"Feature","properties":{"GCIdentifi":130803,"GCCalculat":686.25065583905075,"Nom":"AX_511","code":"OISE14","source_doc":null,"date_visit":"2009-10-01"},"geometry":{"type":"LineString","coordinates":[[2.295016047217808,49.093652699598472],[2.296192294643466,49.093792351097612],[2.297899214712471,49.093982485520179],[2.299013806427746,49.094187153837971],[2.299791463985916,49.094306597221319]]}},
{"type":"Feature","properties":{"GCIdentifi":130807,"GCCalculat":1524.5123651114664,"Nom":"AX_512","code":"OISE14","source_doc":null,"date_visit":"2009-10-01"},"geometry":{"type":"LineString","coordinates":[[2.290945447807042,49.085759615175093],[2.291970351995594,49.086662832290216],[2.292915178668193,49.087299866218117],[2.293882430509663,49.087760581358047],[2.295051425227054,49.088230375173595],[2.295965096653822,49.088949618160761],[2.297609769050395,49.089465312616248],[2.299662633983913,49.090082476950876],[2.301004502367139,49.090442225916703],[2.30233072067354,49.09118709525859],[2.302826194806975,49.091692526715505],[2.303012291307959,49.092071000057096],[2.303099268343657,49.092403383143683]]}},
{"type":"Feature","properties":{"GCIdentifi":130811,"GCCalculat":281.58021509154571,"Nom":"AX_513","code":"OISE14","source_doc":null,"date_visit":null},"geometry":{"type":"LineString","coordinates":[[2.300322438571112,49.087968319656774],[2.30100576321087,49.088706270565261],[2.301114711892414,49.089345208774773],[2.301072939304752,49.090370367371683],[2.301072939304752,49.090370367371683]]}},
{"type":"Feature","properties":{"GCIdentifi":130812,"GCCalculat":578.04582210525803,"Nom":"AX_514","code":"OISE14","source_doc":null,"date_visit":null},"geometry":{"type":"LineString","coordinates":[[2.296823506879881,49.097678855126283],[2.297370250533599,49.098228124597497],[2.298164861221394,49.098921209876785],[2.299176368693023,49.099964684908755],[2.299929728394731,49.101026042222948],[2.300366825008706,49.101934577887164],[2.300476047757745,49.102240042699904],[2.300476047757745,49.102240042699904]]}},
{"type":"Feature","properties":{"GCIdentifi":130816,"GCCalculat":573.5664933333278,"Nom":"AX_515","code":"OISE14","source_doc":null,"date_visit":"2009-10-01"},"geometry":{"type":"LineString","coordinates":[[2.288279675701864,49.095059270719958],[2.287773103290614,49.095509328882123],[2.286852582866596,49.096088305957366],[2.286376877692582,49.096433933277986],[2.285140809420485,49.097158700950111],[2.283893527028476,49.097663806364075],[2.283237562598173,49.097928169715317],[2.282140901376188,49.098438605326891]]}},
{"type":"Feature","properties":{"GCIdentifi":130817,"GCCalculat":1018.9406374295182,"Nom":"AX_516","code":"OISE14","source_doc":null,"date_visit":null},"geometry":{"type":"LineString","coordinates":[[2.280771762885641,49.087381020476649],[2.280126541670736,49.087980299524766],[2.279947997014388,49.088625908292059],[2.279662557104703,49.090051762053768],[2.279731322587131,49.091199368553781],[2.279626913517188,49.092788178748272],[2.27942213555996,49.0938952365684],[2.279528539757825,49.095034999002714],[2.280265252827296,49.095904282962444],[2.280007433975344,49.096915476656839],[2.280115157011498,49.097897513315637]]}},
{"type":"Feature","properties":{"GCIdentifi":130820,"GCCalculat":442.05443355483919,"Nom":"AX_517","code":"OISE14","source_doc":null,"date_visit":"2010-10-25"},"geometry":{"type":"LineString","coordinates":[[2.28087356761564,49.104660919117848],[2.282174654817541,49.105011879052839],[2.283256743294201,49.105461540881223]]}},
{"type":"Feature","properties":{"GCIdentifi":130828,"GCCalculat":3309.1173132502436,"Nom":"AX_518","code":"OISE14","source_doc":null,"date_visit":null},"geometry":{"type":"LineString","coordinates":[[2.249182099606529,49.104223702655865],[2.24889692443572,49.105614123381152],[2.248852802389905,49.108659285896401],[2.249322356710479,49.109244982393491],[2.250148666977337,49.110697637859552],[2.250622408119726,49.111541714547307],[2.251134549378085,49.112792054414605],[2.251253229693074,49.113749923101629],[2.251239823791164,49.114677953262373],[2.251338863079305,49.116998885985687],[2.252191514558794,49.119150454073385],[2.252469426989138,49.121327447344733],[2.252094650545485,49.12280430489448],[2.251103641657137,49.124103297476054]]}},
{"type":"Feature","properties":{"GCIdentifi":130830,"GCCalculat":2618.579707462618,"Nom":"AX_519","code":"OISE14","source_doc":null,"date_visit":"2010-10-25"},"geometry":{"type":"LineString","coordinates":[[2.274912874559409,49.107884997409911],[2.274202365227858,49.108467107871469],[2.273415753618462,49.109226515211375],[2.272007999828484,49.110007622745428],[2.271155332210755,49.110446411396872],[2.269456334761083,49.110850789250819],[2.267962589837178,49.111227188296368],[2.266771841437131,49.111442059789248],[2.265865916164254,49.112206173849636],[2.265440741883587,49.112889723172941],[2.264891767901447,49.113985310224614],[2.264905062013824,49.115670094376306],[2.265282596665292,49.11641107150291],[2.265571334540503,49.117941128373374],[2.264937515440367,49.118854234011209],[2.264186884044073,49.119792093740806],[2.264094460642115,49.120835848399786],[2.263572990844478,49.122029811310682],[2.262877379331762,49.122725563558667],[2.262080446173514,49.123700887057232]]}},
{"type":"Feature","properties":{"GCIdentifi":130837,"GCCalculat":457.81996677185327,"Nom":"AX_520","code":"OISE13","source_doc":null,"date_visit":"2010-10-25"},"geometry":{"type":"LineString","coordinates":[[2.333399077912052,49.130692481043596],[2.332374081779347,49.131164051190176],[2.331614308586634,49.131589585527593],[2.330954273811834,49.131937500124792],[2.33061211799488,49.132205485834142]]}},
{"type":"Feature","properties":{"GCIdentifi":130841,"GCCalculat":426.07988179922654,"Nom":"AX_522","code":"OISE13","source_doc":null,"date_visit":"2010-10-25"},"geometry":{"type":"LineString","coordinates":[[2.351520693287833,49.127586048353429],[2.351374983647028,49.127793238657738],[2.35129489796668,49.128360583738498],[2.351472234707074,49.129008052171557],[2.35199237284819,49.129923254120605]]}},
{"type":"Feature","properties":{"GCIdentifi":130840,"GCCalculat":787.97356013399644,"Nom":"AX_523","code":"OISE13","source_doc":null,"date_visit":"2010-10-25"},"geometry":{"type":"LineString","coordinates":[[2.341524671104295,49.125447571973915],[2.342936244205829,49.12604038502667],[2.344060490254853,49.127011593110296],[2.344745027157379,49.127919965725894],[2.345717051277199,49.128980985377403],[2.346663550790917,49.130339573679379],[2.34837608511006,49.133372161649461],[2.348745094299318,49.134013340984737]]}},
{"type":"Feature","properties":{"GCIdentifi":130836,"GCCalculat":804.07875664639266,"Nom":"AX_524","code":"OISE13","source_doc":null,"date_visit":"2010-10-25"},"geometry":{"type":"LineString","coordinates":[[2.332261938361233,49.122692011435923],[2.332097628941853,49.12352855531276],[2.331911073915183,49.124353843596133],[2.331536249599141,49.125471073990951],[2.330218692569333,49.126545591195601],[2.32980287624201,49.127010442557598],[2.329046384978188,49.127942123976112],[2.328700749819368,49.128439766730168]]}},
{"type":"Feature","properties":{"GCIdentifi":130832,"GCCalculat":1492.3616016124781,"Nom":"AX_525","code":"OISE13","source_doc":null,"date_visit":"2010-10-12"},"geometry":{"type":"LineString","coordinates":[[2.313906431541602,49.12779153945452],[2.312792223157717,49.128793647623105],[2.312070690030469,49.129587253930744],[2.311224218514644,49.13114779296496],[2.310220755009518,49.132436483024122],[2.30982994794585,49.134225388458383],[2.310207251176781,49.135175798668264],[2.31040767006755,49.135628484551184],[2.310317609467076,49.137223452243326],[2.310101352579285,49.13795974884507],[2.310201813756775,49.139028968526965],[2.310376117163721,49.139722339786609],[2.310771339977159,49.141812030687809]]}},
{"type":"Feature","properties":{"GCIdentifi":130833,"GCCalculat":1436.4972695650561,"Nom":"AX_526","code":"OISE13","source_doc":null,"date_visit":"2010-10-25"},"geometry":{"type":"LineString","coordinates":[[2.322310792517913,49.127512266703633],[2.322548741866076,49.128060561745961],[2.322567796890105,49.128478923272397],[2.32246216754272,49.128982610653082],[2.322084814621132,49.129795305927139],[2.321746560762866,49.130285066545206],[2.320312488752655,49.130850775762696],[2.319272957159522,49.13111462666398],[2.318411207409325,49.131399292373779],[2.317372604370594,49.132793344453539],[2.316469173710754,49.133465558812695],[2.315744026768502,49.134530085441014],[2.315619206874147,49.135297006784604],[2.315679441104994,49.135944579123972],[2.315670099419664,49.136627971797232],[2.31592042183875,49.138011705025434],[2.315419090299197,49.138926904648535],[2.314651619279698,49.13951834367456],[2.313850491729892,49.139932532178612],[2.313069784777342,49.140441742241983],[2.312453461510795,49.140695612031656],[2.310679458226679,49.141345008800016]]}},
{"type":"Feature","properties":{"GCIdentifi":130838,"GCCalculat":1415.9439974360444,"Nom":"AX_527","code":"OISE13","source_doc":null,"date_visit":"2010-10-25"},"geometry":{"type":"LineString","coordinates":[[2.334378001270411,49.122326230030588],[2.334528154546784,49.122863147376478],[2.334894827976266,49.123669326986523],[2.335383151067909,49.124785449023058],[2.336125753090073,49.125676175954453],[2.336717637365309,49.126071206832655],[2.337374187732141,49.126322245441621],[2.338625312277012,49.126762129261493],[2.33952664154301,49.127529995150859],[2.340178263310462,49.128172756302497],[2.340729860813105,49.129268589938661],[2.34103486812836,49.129991912802382],[2.341854444770847,49.130684710619462],[2.342256337886541,49.131024446537907],[2.342708014920942,49.131406243966239],[2.343431568479442,49.131778248368185],[2.344461357436564,49.132340569843173],[2.345650101243173,49.132759420270283],[2.34837608511006,49.133372161649461]]}},
{"type":"Feature","properties":{"GCIdentifi":130870,"GCCalculat":287.48190931834893,"Nom":"AX_528","code":"SEINE14","source_doc":null,"date_visit":"2009-05-14"},"geometry":{"type":"LineString","coordinates":[[2.29891601407188,49.031454886961512],[2.297955147399538,49.030765135763907],[2.297272508992135,49.030215816130934],[2.296956780517896,49.02996643302572],[2.2942667775083,49.028552881265938]]}},
{"type":"Feature","properties":{"GCIdentifi":130869,"GCCalculat":286.52356393628747,"Nom":"AX_529","code":"SEINE14","source_doc":null,"date_visit":"2009-05-14"},"geometry":{"type":"LineString","coordinates":[[2.30403614036559,49.028132770643005],[2.303568063902472,49.02842345183911],[2.302519533769714,49.028555655786981],[2.301850244807891,49.028430813186695],[2.300725196111312,49.028090218034237],[2.299840831168824,49.027873245896572],[2.299031639882385,49.027615845760188],[2.298350540737633,49.027349495106776],[2.297174373128379,49.026966196355851],[2.296257555278795,49.026797430142913]]}},
{"type":"Feature","properties":{"GCIdentifi":130879,"GCCalculat":315.47673306277972,"Nom":"AX_530","code":"SEINE14","source_doc":null,"date_visit":null},"geometry":{"type":"LineString","coordinates":[[2.290226983355367,49.036771392787472],[2.29014776838173,49.035774126534704],[2.290230064545856,49.035402628702137],[2.290659918398156,49.035015784404187],[2.291452197167428,49.034470604598447],[2.291601310015452,49.033913156574386],[2.292063461819557,49.033044566027122]]}},
{"type":"Feature","properties":{"GCIdentifi":130899,"GCCalculat":439.28416192937425,"Nom":"AX_531","code":"SEINE14","source_doc":null,"date_visit":"2010-12-07"},"geometry":{"type":"LineString","coordinates":[[2.261207696773383,49.020804437939333],[2.260753965120095,49.020559142361286],[2.260299809896402,49.020342923277006],[2.25942377893726,49.019716707165756],[2.258545276743912,49.019265053450134],[2.256873421647136,49.018599927369394]]}},
{"type":"Feature","properties":{"GCIdentifi":130897,"GCCalculat":312.37191151918501,"Nom":"AX_532","code":"SEINE14","source_doc":null,"date_visit":"2010-12-07"},"geometry":{"type":"LineString","coordinates":[[2.244352599162953,49.027659623143052],[2.244752737054162,49.026517487751413],[2.244732274042298,49.025896537156832],[2.244563170091237,49.025352253874445]]}},
{"type":"Feature","properties":{"GCIdentifi":130940,"GCCalculat":158.75537916174267,"Nom":"AX_533","code":"OISE16","source_doc":null,"date_visit":"2009-10-01"},"geometry":{"type":"LineString","coordinates":[[2.279715394522393,49.082786828282821],[2.278821508649556,49.082520314461654],[2.27788047989784,49.082156058792769],[2.277050141927112,49.081846411459772],[2.275445018755749,49.08115439444402]]}},
{"type":"Feature","properties":{"GCIdentifi":130891,"GCCalculat":136.07626391385207,"Nom":"AX_534","code":"SEINE14","source_doc":null,"date_visit":"2009-10-06"},"geometry":{"type":"LineString","coordinates":[[2.259608688259517,49.025046368919604],[2.259935765773089,49.025315714434647],[2.260205342740751,49.025496194525687],[2.260510122098307,49.025732075868738],[2.260774961165354,49.026138076504296],[2.260827931431056,49.026203577992149]]}},
{"type":"Feature","properties":{"GCIdentifi":130877,"GCCalculat":243.61939967306762,"Nom":"AX_535","code":"SEINE14","source_doc":null,"date_visit":"2009-10-06"},"geometry":{"type":"LineString","coordinates":[[2.271532515222547,49.029494362515422],[2.2720280100911,49.030020926159608],[2.272446691698417,49.030332550535036],[2.272607890860084,49.030867615155543]]}},
{"type":"Feature","properties":{"GCIdentifi":130880,"GCCalculat":620.88242998663804,"Nom":"AX_536","code":"SEINE14","source_doc":null,"date_visit":null},"geometry":{"type":"LineString","coordinates":[[2.288077614881936,49.036616272333127],[2.288627686001062,49.035908933305123],[2.288709422727068,49.034745572424718],[2.288969947554556,49.033765421791266],[2.289394823360609,49.032372111041163],[2.290092558291698,49.03130230122607],[2.290092558291698,49.03130230122607]]}},
{"type":"Feature","properties":{"GCIdentifi":130896,"GCCalculat":1126.4028278078686,"Nom":"AX_537","code":"SEINE14","source_doc":null,"date_visit":"2009-04-23"},"geometry":{"type":"LineString","coordinates":[[2.228746725455493,49.007487431795809],[2.229963266415937,49.006902446869049],[2.231128020824092,49.006581260179686],[2.233042273518925,49.006146199339504],[2.234756678927947,49.005768212556866],[2.23558131417537,49.005654417265525],[2.236224902751688,49.005596592990145]]}},
{"type":"Feature","properties":{"GCIdentifi":130889,"GCCalculat":118.11512017652595,"Nom":"AX_538","code":"SEINE14","source_doc":null,"date_visit":"2009-10-06"},"geometry":{"type":"LineString","coordinates":[[2.259706197577984,49.029931908204297],[2.260354246971076,49.028337877306441],[2.261443808481441,49.026267867274761]]}},
{"type":"Feature","properties":{"GCIdentifi":130890,"GCCalculat":107.03430899784996,"Nom":"AX_539","code":"SEINE14","source_doc":null,"date_visit":"2009-10-06"},"geometry":{"type":"LineString","coordinates":[[2.266847398919909,49.025666134983823],[2.26642173091718,49.026390274384624],[2.26635510584783,49.026590986417254],[2.265995840470184,49.027262799350972],[2.265676568065905,49.027812454018203]]}},
{"type":"Feature","properties":{"GCIdentifi":130881,"GCCalculat":664.10693194150178,"Nom":"AX_540","code":"SEINE14","source_doc":null,"date_visit":"2009-10-06"},"geometry":{"type":"LineString","coordinates":[[2.272243956546252,49.026657540462395],[2.271941916660584,49.026401563609525],[2.271404781185295,49.025867065581721],[2.270688571476667,49.025508821092473],[2.270582631325964,49.025316760916503],[2.270592982789251,49.024999390607867]]}},
{"type":"Feature","properties":{"GCIdentifi":130884,"GCCalculat":123.29009819725886,"Nom":"AX_541","code":"SEINE14","source_doc":null,"date_visit":"2009-10-06"},"geometry":{"type":"LineString","coordinates":[[2.268803698363109,49.020981732645325],[2.269259784724805,49.021313310132072],[2.26955865669341,49.021499856028917],[2.270235084709772,49.021883342158553],[2.270864265861207,49.022287507190995]]}},
{"type":"Feature","properties":{"GCIdentifi":130872,"GCCalculat":766.30998704687102,"Nom":"AX_542","code":"SEINE14","source_doc":null,"date_visit":"2009-10-06"},"geometry":{"type":"LineString","coordinates":[[2.28172125088773,49.026947424322685],[2.284325432005756,49.026382008919427],[2.284856293468214,49.026382240453252],[2.28550895961405,49.026568522928009],[2.286261556882422,49.02696297977387],[2.287532927709182,49.027708003596238],[2.28885756654979,49.028148737904331],[2.29119206674267,49.028557323013196],[2.292775524844441,49.028858382455979]]}},
{"type":"Feature","properties":{"GCIdentifi":130878,"GCCalculat":628.93515983337829,"Nom":"AX_543","code":"SEINE14","source_doc":null,"date_visit":null},"geometry":{"type":"LineString","coordinates":[[2.295441144965706,49.036329769254628],[2.295591097998636,49.036008004544726],[2.295724629073685,49.03535013650265],[2.295383477787244,49.034891319936328],[2.29474675038414,49.034405400045962],[2.294147976407662,49.033970450908441],[2.293831994778075,49.033554093912443],[2.293259867875824,49.033051613080865],[2.292799745397589,49.03282894859646],[2.292364425927445,49.032674129960142]]}},
{"type":"Feature","properties":{"GCIdentifi":130882,"GCCalculat":320.77005234930289,"Nom":"AX_544","code":"SEINE14","source_doc":null,"date_visit":"2009-10-06"},"geometry":{"type":"LineString","coordinates":[[2.269575655265273,49.020557673340882],[2.270860219272011,49.021924242175913],[2.271366240111476,49.022212439307708],[2.271788463101834,49.022500764410125],[2.272265758815593,49.022858859553693]]}},
{"type":"Feature","properties":{"GCIdentifi":130883,"GCCalculat":300.56835148696092,"Nom":"AX_545","code":"SEINE14","source_doc":null,"date_visit":"2009-10-06"},"geometry":{"type":"LineString","coordinates":[[2.267874412854328,49.021861461527052],[2.268590972587859,49.021914225072045],[2.269254428165429,49.021958262393873],[2.269801706900067,49.022058681090272],[2.27032910011582,49.022150856448562],[2.270899984520376,49.022322209235888],[2.2713239815043,49.022491786625871],[2.271774954538985,49.022684042584359],[2.272265758815593,49.022858859553693],[2.272813289010925,49.022995126774809]]}},
{"type":"Feature","properties":{"GCIdentifi":130885,"GCCalculat":349.38634658618201,"Nom":"AX_546","code":"SEINE14","source_doc":null,"date_visit":null},"geometry":{"type":"LineString","coordinates":[[2.265209863305812,49.023137382929967],[2.265390413323722,49.023579366726857],[2.265880150512124,49.024522236056299],[2.266555869745181,49.025351759091663],[2.266847398919909,49.025666134983823]]}},
{"type":"Feature","properties":{"GCIdentifi":130887,"GCCalculat":263.44875517986327,"Nom":"AX_547","code":"SEINE14","source_doc":null,"date_visit":"2009-10-06"},"geometry":{"type":"LineString","coordinates":[[2.27002310120975,49.027298203860646],[2.269204949888035,49.026873220820519],[2.268421924192285,49.026533826701211],[2.268378274369773,49.026387446838591],[2.268312664452062,49.026167314138654],[2.268320372233189,49.025806630723622],[2.268541204970514,49.025550359128509]]}},
{"type":"Feature","properties":{"GCIdentifi":130888,"GCCalculat":596.38569448800808,"Nom":"AX_548","code":"SEINE14","source_doc":null,"date_visit":"2009-10-06"},"geometry":{"type":"LineString","coordinates":[[2.263747619424069,49.030979414704149],[2.264537404310815,49.029983104707355],[2.265289482550092,49.029383193144199],[2.266525053110681,49.028484984556549],[2.266844250731245,49.028013883128295],[2.267614704937443,49.027499395115711],[2.267999933077062,49.027246519397579],[2.268425220516447,49.026801633796268],[2.268421924192285,49.026533826701211]]}},
{"type":"Feature","properties":{"GCIdentifi":130914,"GCCalculat":526.7627323068441,"Nom":"AX_549","code":"SEINE14","source_doc":null,"date_visit":null},"geometry":{"type":"LineString","coordinates":[[2.208607489204756,48.991122816652236],[2.209098882338708,48.991483312512898],[2.209754120831662,48.991951950558814],[2.211290943351603,48.993239460207697],[2.211180030128132,48.993904096781222],[2.211180030128132,48.993904096781222]]}},
{"type":"Feature","properties":{"GCIdentifi":130932,"GCCalculat":559.90705471113904,"Nom":"AX_550","code":"OISE16","source_doc":null,"date_visit":null},"geometry":{"type":"LineString","coordinates":[[2.294663035802013,49.076564755036394],[2.29336248234334,49.076356555593044],[2.292130317743909,49.076140481373791],[2.29076299682351,49.076068076009051],[2.289024640817741,49.076157200193023]]}},
{"type":"Feature","properties":{"GCIdentifi":130936,"GCCalculat":1085.1968676796541,"Nom":"AX_551","code":"OISE16","source_doc":null,"date_visit":null},"geometry":{"type":"LineString","coordinates":[[2.295004659337387,49.062661497],[2.293593350891988,49.062544200265151],[2.291500116326605,49.062543394625642],[2.289447608007208,49.062830028805777],[2.287887359131394,49.062991061858774],[2.286340540023352,49.063368803879982],[2.284491012578426,49.063960842716334],[2.283740627745101,49.064176096739644],[2.282725050201501,49.064670803168518],[2.281384377806807,49.065524678025781],[2.281384377806807,49.065524678025781]]}},
{"type":"Feature","properties":{"GCIdentifi":130948,"GCCalculat":447.20695233723825,"Nom":"AX_552","code":"OISE16","source_doc":null,"date_visit":"2009-10-01"},"geometry":{"type":"LineString","coordinates":[[2.275217135978944,49.086247092210826],[2.273574400424148,49.083281067424565],[2.273007393894611,49.081898800438047],[2.272897786258708,49.081007491920381],[2.272455689395811,49.080279698875195],[2.27194999879308,49.079674632995427]]}},
{"type":"Feature","properties":{"GCIdentifi":130980,"GCCalculat":797.40004239403265,"Nom":"AX_553","code":"OISE16","source_doc":null,"date_visit":"2009-10-01"},"geometry":{"type":"LineString","coordinates":[[2.269148244930626,49.042109059014628],[2.270353241316249,49.044437165571999],[2.271234463066448,49.045677721501583],[2.271409955983978,49.046533044635069],[2.271260550455297,49.047064051086686],[2.270933858245001,49.048224877268026],[2.270965579741669,49.048755785774134],[2.270360517130694,49.050275838704991],[2.270360517130694,49.050275838704991]]}},
{"type":"Feature","properties":{"GCIdentifi":130952,"GCCalculat":570.61283117874484,"Nom":"AX_554","code":"OISE16","source_doc":null,"date_visit":null},"geometry":{"type":"LineString","coordinates":[[2.260179574838511,49.08669276072952],[2.258272742483739,49.08419961364072],[2.257310249135796,49.082380522204794],[2.25698407737558,49.08110359875765],[2.256589415309239,49.079934410663647],[2.256589415309239,49.079934410663647]]}},
{"type":"Feature","properties":{"GCIdentifi":130954,"GCCalculat":629.75370723726326,"Nom":"AX_555","code":"OISE16","source_doc":null,"date_visit":null},"geometry":{"type":"LineString","coordinates":[[2.247247895143009,49.082696500809703],[2.249056049644503,49.081987106116941],[2.250467646950706,49.081233625259287],[2.251524302679417,49.080092460426791],[2.252141274342553,49.079166546232251],[2.252060475143145,49.07842987155432],[2.252060475143145,49.07842987155432]]}},
{"type":"Feature","properties":{"GCIdentifi":130953,"GCCalculat":509.43851979913723,"Nom":"AX_556","code":"OISE16","source_doc":null,"date_visit":null},"geometry":{"type":"LineString","coordinates":[[2.259947052459976,49.077427085553481],[2.258578633215957,49.078063953821918],[2.256947325931272,49.078468183691903],[2.255030880908965,49.078656603144928],[2.253415535771441,49.078672279032851],[2.253415535771441,49.078672279032851]]}},
{"type":"Feature","properties":{"GCIdentifi":130956,"GCCalculat":502.60905024216709,"Nom":"AX_557","code":"OISE16","source_doc":null,"date_visit":null},"geometry":{"type":"LineString","coordinates":[[2.24516847374347,49.082182820426958],[2.244222815537916,49.082352747555767],[2.242744155842183,49.082351543229301],[2.2414842134802,49.082395409800675],[2.238337514449583,49.082204121397631],[2.238337514449583,49.082204121397631]]}},
{"type":"Feature","properties":{"GCIdentifi":130963,"GCCalculat":496.47923628097851,"Nom":"AX_558","code":"OISE16","source_doc":null,"date_visit":null},"geometry":{"type":"LineString","coordinates":[[2.231964841344789,49.070054629505456],[2.232434615892728,49.070964574419733],[2.232529540566524,49.07134757622179],[2.232511400496641,49.071843845172282],[2.232479935389761,49.072175073833442],[2.232210235377937,49.072815987461219]]}},
{"type":"Feature","properties":{"GCIdentifi":130968,"GCCalculat":1511.7221973723831,"Nom":"AX_559","code":"OISE16","source_doc":null,"date_visit":"2009-04-20"},"geometry":{"type":"LineString","coordinates":[[2.260023594005083,49.054557634311763],[2.259880334450717,49.055494008813163],[2.259275810165694,49.056399754319628],[2.259111277872707,49.056724166693428],[2.25877891519046,49.057298849739119],[2.258665563805097,49.057661459953231],[2.258411900496266,49.058166571084413],[2.258344630313786,49.05857300397188],[2.258232894090153,49.058997379764818],[2.257986986929227,49.059970736641176],[2.258082815243483,49.060964537210715],[2.257993589488025,49.06119692115702],[2.257814565930255,49.062027726783853],[2.257500657213233,49.06277533251464],[2.2569322413088,49.063456522981042],[2.256287133236416,49.064019748040842],[2.255946586816882,49.064317068967128],[2.254594827467719,49.065388451917798],[2.253798141303546,49.065603475107743],[2.25285925823941,49.066027245061406],[2.252549446591409,49.066322328267596]]}},
{"type":"Feature","properties":{"GCIdentifi":130972,"GCCalculat":676.75761036601568,"Nom":"AX_560","code":"OISE16","source_doc":null,"date_visit":"2009-04-20"},"geometry":{"type":"LineString","coordinates":[[2.241351804114867,49.052695368216227],[2.242259242368322,49.053436090426317],[2.244456037300767,49.055421998500229],[2.245419072327663,49.056645569659544],[2.246230994691872,49.057388445824188],[2.247045898444898,49.058371580804589]]}},
{"type":"Feature","properties":{"GCIdentifi":130978,"GCCalculat":474.12212690291716,"Nom":"AX_561","code":"OISE16","source_doc":null,"date_visit":"2009-10-01"},"geometry":{"type":"LineString","coordinates":[[2.26489077163372,49.048875908531016],[2.265923698612272,49.049265940095417],[2.26664944477263,49.049477485160871],[2.267256202402791,49.049607956689911],[2.268359192654084,49.049658182740366],[2.269502100842862,49.049766918394894],[2.269836444814481,49.049970083568205],[2.270211304334109,49.050218570649868],[2.270781144994796,49.050455966188018],[2.271952688000158,49.051565765434354],[2.274129238549361,49.052974010422645],[2.275140763204667,49.05369347540136],[2.275687574494739,49.054024673256443],[2.276699057545099,49.054550860409634],[2.279060141399458,49.055607467418255]]}},
{"type":"Feature","properties":{"GCIdentifi":130979,"GCCalculat":285.3824173014666,"Nom":"AX_562","code":"OISE16","source_doc":null,"date_visit":"2009-10-01"},"geometry":{"type":"LineString","coordinates":[[2.265468295810046,49.04699594180375],[2.266710970694703,49.048686925746601],[2.266745376354333,49.04906934915433],[2.26664944477263,49.049477485160871]]}},
{"type":"Feature","properties":{"GCIdentifi":130982,"GCCalculat":212.44078913426893,"Nom":"AX_563","code":"OISE16","source_doc":null,"date_visit":"2009-10-01"},"geometry":{"type":"LineString","coordinates":[[2.273666000709642,49.046345376616415],[2.272608624297828,49.04664975981526],[2.271644595725683,49.046830457297546],[2.271260550455297,49.047064051086686]]}},
{"type":"Feature","properties":{"GCIdentifi":130947,"GCCalculat":349.55475609524842,"Nom":"AX_564","code":"OISE16","source_doc":null,"date_visit":"2009-10-01"},"geometry":{"type":"LineString","coordinates":[[2.277919432360833,49.085085554998656],[2.276550373270289,49.082973857288543],[2.276005228955414,49.081913584655041],[2.275445018755749,49.08115439444402],[2.274125153600657,49.080340577146508]]}},
{"type":"Feature","properties":{"GCIdentifi":130930,"GCCalculat":624.7666981579498,"Nom":"AX_565","code":"OISE16","source_doc":null,"date_visit":null},"geometry":{"type":"LineString","coordinates":[[2.292634760845721,49.079719273407903],[2.291580528251806,49.079224806752215],[2.290569234353664,49.078559651654039],[2.289748066971091,49.077515045857467],[2.288764465254488,49.076543357104725]]}},
{"type":"Feature","properties":{"GCIdentifi":130933,"GCCalculat":502.74801268397442,"Nom":"AX_566","code":"OISE16","source_doc":null,"date_visit":null},"geometry":{"type":"LineString","coordinates":[[2.29989472767271,49.074631874560048],[2.298881202245413,49.074614681830631],[2.296787582591322,49.074469130075968],[2.296281730354608,49.074397085815939],[2.294501012975253,49.074135947642354],[2.293241764430914,49.073704291919938],[2.293241764430914,49.073704291919938]]}},
{"type":"Feature","properties":{"GCIdentifi":130934,"GCCalculat":783.98896608937298,"Nom":"AX_567","code":"OISE16","source_doc":null,"date_visit":null},"geometry":{"type":"LineString","coordinates":[[2.296349546475248,49.072994636467818],[2.294036686931375,49.07346990035181],[2.292776942863123,49.073613150798273],[2.289382621394486,49.073584847933631],[2.287582992428251,49.073495381200729]]}},
{"type":"Feature","properties":{"GCIdentifi":130935,"GCCalculat":1088.666941542321,"Nom":"AX_568","code":"OISE16","source_doc":null,"date_visit":"2009-06-22"},"geometry":{"type":"LineString","coordinates":[[2.294721985313572,49.07156465104142],[2.293956317905855,49.071546397923349],[2.292697026326024,49.071257344172047],[2.29104124486943,49.070924315858946],[2.288975384951185,49.0705450760465],[2.287784683988107,49.070050509220543],[2.286525534776173,49.069645720483415],[2.285075413935171,49.068880398377722],[2.284035205291072,49.068339841083059],[2.283529670854373,49.068052147723343],[2.282810949232482,49.067361246194992]]}},
{"type":"Feature","properties":{"GCIdentifi":130939,"GCCalculat":503.23005164931004,"Nom":"AX_569","code":"OISE16","source_doc":null,"date_visit":null},"geometry":{"type":"LineString","coordinates":[[2.285550149183671,49.059312636049562],[2.286521520686724,49.060140633914401],[2.287096416167494,49.061066125980169],[2.286943350668091,49.062064284824821],[2.286477969058717,49.062658077448745],[2.285971409008935,49.063395582688052],[2.285971409008935,49.063395582688052]]}},
{"type":"Feature","properties":{"GCIdentifi":130945,"GCCalculat":1360.8160205858264,"Nom":"AX_570","code":"OISE16","source_doc":null,"date_visit":"2009-10-01"},"geometry":{"type":"LineString","coordinates":[[2.273485224537929,49.072199427609135],[2.269754444801405,49.071649970205257],[2.267370539556952,49.07124253821528],[2.265951520372036,49.070957516555829],[2.263597749795665,49.070242053031137],[2.262126139280737,49.069663863052959],[2.260882742956004,49.068907455762265]]}},
{"type":"Feature","properties":{"GCIdentifi":130946,"GCCalculat":885.26844397495847,"Nom":"AX_571","code":"OISE16","source_doc":null,"date_visit":null},"geometry":{"type":"LineString","coordinates":[[2.274125153600657,49.080340577146508],[2.273291291222551,49.080097573212917],[2.27194999879308,49.079674632995427],[2.270836659255323,49.078811594049974],[2.270010976775569,49.077618640167422],[2.269258369123811,49.076749079744829],[2.267311055524061,49.076366144524108],[2.265788747648909,49.076037809676009]]}},
{"type":"Feature","properties":{"GCIdentifi":130949,"GCCalculat":1577.0866022488631,"Nom":"AX_572","code":"OISE16","source_doc":null,"date_visit":"2009-10-01"},"geometry":{"type":"LineString","coordinates":[[2.263214325046911,49.073297478625356],[2.260311465374792,49.073003285364415],[2.257013302327981,49.07241154888213],[2.255185006468288,49.071760762538091],[2.253836287678588,49.07078398785363]]}},
{"type":"Feature","properties":{"GCIdentifi":130950,"GCCalculat":1454.6704638818849,"Nom":"AX_573","code":"OISE16","source_doc":null,"date_visit":"2009-10-01"},"geometry":{"type":"LineString","coordinates":[[2.270123194318642,49.085207498440781],[2.269314943267646,49.084149987291546],[2.268520189368493,49.082951166250716],[2.268106106692873,49.082023292696974],[2.267913230580695,49.08133201418169],[2.267499005577657,49.080549657919065],[2.267214693604705,49.079964902320526],[2.266365849658057,49.079075676498995],[2.265889108373631,49.078177603170538],[2.265788747648909,49.076037809676009],[2.263214325046911,49.073297478625356]]}},
{"type":"Feature","properties":{"GCIdentifi":130951,"GCCalculat":2283.125864364185,"Nom":"AX_574","code":"OISE16","source_doc":null,"date_visit":null},"geometry":{"type":"LineString","coordinates":[[2.266740826446315,49.086259413876157],[2.266384736558359,49.085241641669832],[2.266288758382763,49.084400810908704],[2.26624816324651,49.083931970703546],[2.265834090965513,49.083040488436339],[2.264838428201207,49.082221365308385],[2.262485794784612,49.081528709780855],[2.260935913578373,49.081054786656807],[2.258195669611345,49.080434517970012],[2.254742467376794,49.07941097541773],[2.251486839772254,49.078033082559848],[2.24898427031492,49.076214381244739],[2.247289821593597,49.074648923528457],[2.24545897207626,49.072983385097878],[2.24545897207626,49.072983385097878]]}},
{"type":"Feature","properties":{"GCIdentifi":130955,"GCCalculat":1902.3711030341692,"Nom":"AX_575","code":"OISE16","source_doc":null,"date_visit":"2010-01-17"},"geometry":{"type":"LineString","coordinates":[[2.255836648622588,49.089936985173665],[2.252314389399453,49.089190027276508],[2.248116891309353,49.0862923868821],[2.246800657343079,49.085704057844715],[2.244081570269658,49.084744337524121],[2.241920134856277,49.08417665782541],[2.240866782275558,49.083438049310622],[2.238308369012692,49.082249003258219],[2.235889003275523,49.08082534486104],[2.232674442697517,49.079635607125155],[2.231813132904114,49.078735398463706],[2.231266940461383,49.078375589741682],[2.231266940461383,49.078375589741682],[2.231266940461383,49.078375589741682]]}},
{"type":"Feature","properties":{"GCIdentifi":130958,"GCCalculat":1916.7733969164783,"Nom":"AX_576","code":"OISE16","source_doc":null,"date_visit":"2010-04-28"},"geometry":{"type":"LineString","coordinates":[[2.252779262430403,49.090643134830948],[2.250548693372934,49.0921954856762],[2.248815929204141,49.092909774798827],[2.247212204684625,49.093856893391433],[2.244289518957064,49.094389637229632],[2.242345958515642,49.094406412790342],[2.239846119466057,49.093201447103631],[2.238109915733663,49.091131156233139],[2.236237989882111,49.089291994108024],[2.233867594166486,49.088319757220845],[2.231641396565431,49.086565280263926],[2.230387908217154,49.086197027684626],[2.229687613936406,49.085964153170671],[2.228903150586977,49.085823169372532],[2.227743503722702,49.085859227339299]]}},
{"type":"Feature","properties":{"GCIdentifi":130964,"GCCalculat":602.35402374147827,"Nom":"AX_577","code":"OISE16","source_doc":null,"date_visit":"2009-06-22"},"geometry":{"type":"LineString","coordinates":[[2.239542411889291,49.06755729003563],[2.23853243543478,49.069283416751844],[2.238136561601693,49.069832152355687],[2.237883374365084,49.070814442220026],[2.238259147299064,49.071777061364756],[2.238557045822716,49.072376949859972]]}},
{"type":"Feature","properties":{"GCIdentifi":130966,"GCCalculat":1282.0893616513429,"Nom":"AX_578","code":"OISE16","source_doc":null,"date_visit":null},"geometry":{"type":"LineString","coordinates":[[2.237270509394057,49.061133647249932],[2.238966723360108,49.06139561856947],[2.240948443931888,49.06248535666149],[2.243299241730241,49.064528663180631],[2.244049203600062,49.065545472567258],[2.245497595112333,49.066859267295122],[2.246249308514409,49.06790301972957],[2.248274849456927,49.069626691538801],[2.248569838521452,49.069893165800302],[2.249058890265443,49.070062373599946]]}},
{"type":"Feature","properties":{"GCIdentifi":130969,"GCCalculat":1066.1357883547873,"Nom":"AX_579","code":"OISE16","source_doc":null,"date_visit":"2009-04-20"},"geometry":{"type":"LineString","coordinates":[[2.256034805182328,49.053196210924547],[2.25614838975006,49.053728527832838],[2.256069191209158,49.054115869422922],[2.255623680051146,49.054906064963575],[2.255329262586267,49.055250574187504],[2.255162617735679,49.055795055276086],[2.254927984285937,49.056150832119066],[2.254805817969318,49.056654917599481],[2.254436052915265,49.057086942813662],[2.254137941365987,49.057590906385158],[2.253435930920181,49.058470730960885],[2.252975810419106,49.058772445265483],[2.252666274074152,49.058926062494614],[2.252262959745616,49.058979653759664],[2.251410152327258,49.059085699290797],[2.250839236787755,49.059218880929386],[2.250011981261261,49.059373236563303],[2.248840946403794,49.059718170433285],[2.248568734773908,49.060025646194731],[2.248265246871449,49.060616035755629]]}},
{"type":"Feature","properties":{"GCIdentifi":130983,"GCCalculat":337.49564401800222,"Nom":"AX_580","code":"OISE16","source_doc":null,"date_visit":"2009-10-01"},"geometry":{"type":"LineString","coordinates":[[2.267698159982397,49.045929877325911],[2.268805263297081,49.047019717694312],[2.269790203996219,49.047541310248171],[2.270978567603276,49.0479742990956],[2.270978567603276,49.0479742990956]]}},
{"type":"Feature","properties":{"GCIdentifi":131049,"GCCalculat":329.00615939539762,"Nom":"AX_581","code":"OISE18","source_doc":null,"date_visit":"2009-10-01"},"geometry":{"type":"LineString","coordinates":[[2.26063936903447,49.041872932712678],[2.258880745377085,49.041815722138303],[2.257933007732003,49.041790645450334],[2.257080265860432,49.041595398691243],[2.255961014190174,49.041157822540562]]}},
{"type":"Feature","properties":{"GCIdentifi":131005,"GCCalculat":652.13494293080896,"Nom":"AX_582","code":"OISE110","source_doc":null,"date_visit":null},"geometry":{"type":"LineString","coordinates":[[2.200784436642783,49.027579555213066],[2.200458575222886,49.026230607642518],[2.200106503559296,49.025115173738016],[2.199740905277504,49.023954811871427],[2.19956661274966,49.022767721078552],[2.19921243198828,49.021813983958474],[2.19921243198828,49.021813983958474]]}},
{"type":"Feature","properties":{"GCIdentifi":131072,"GCCalculat":254.03552582913534,"Nom":"AX_583","code":"OISE18","source_doc":null,"date_visit":"2007-02-27"},"geometry":{"type":"LineString","coordinates":[[2.22552098726526,49.04614037118877],[2.225603413672299,49.047471060509473],[2.225143559625005,49.048374528689948]]}},
{"type":"Feature","properties":{"GCIdentifi":131063,"GCCalculat":267.72173323517598,"Nom":"AX_584","code":"OISE18","source_doc":null,"date_visit":"2009-04-20"},"geometry":{"type":"LineString","coordinates":[[2.24639001812248,49.047023336280859],[2.245848189245952,49.045340835553098],[2.245592744268169,49.044918448879137],[2.244722978847757,49.044167677145801]]}},
{"type":"Feature","properties":{"GCIdentifi":131016,"GCCalculat":461.82632255339843,"Nom":"AX_585","code":"OISE110","source_doc":null,"date_visit":null},"geometry":{"type":"LineString","coordinates":[[2.165254407762228,49.023925184209972],[2.162808027126538,49.023328622662888],[2.160787897057037,49.022445194806799],[2.160107498589324,49.021732245348154],[2.160107498589324,49.021732245348154]]}},
{"type":"Feature","properties":{"GCIdentifi":131012,"GCCalculat":334.52927362211392,"Nom":"AX_586","code":"OISE110","source_doc":null,"date_visit":null},"geometry":{"type":"LineString","coordinates":[[2.167726360444365,49.021034091961475],[2.166112965732591,49.020536509765265],[2.164626102770474,49.019985184393079],[2.163600838179872,49.019751213826325],[2.163600838179872,49.019751213826325]]}},
{"type":"Feature","properties":{"GCIdentifi":131030,"GCCalculat":135.06809817396643,"Nom":"AX_587","code":"OISE110","source_doc":null,"date_visit":"2009-10-06"},"geometry":{"type":"LineString","coordinates":[[2.233436046916298,49.037944901226751],[2.232919183766545,49.03790361838967],[2.232544340623051,49.037873680792345],[2.232100182528455,49.037838191324298],[2.23163998891733,49.037818855371974],[2.231144139690845,49.037852145081821]]}},
{"type":"Feature","properties":{"GCIdentifi":131015,"GCCalculat":880.44909543314441,"Nom":"AX_588","code":"OISE110","source_doc":null,"date_visit":"2009-03-02"},"geometry":{"type":"LineString","coordinates":[[2.158541126081513,49.034789984275214],[2.158420884652529,49.033337920448801],[2.158498377695901,49.032727593231499],[2.158978531421826,49.031771420674247],[2.15925834531465,49.030715935161716],[2.158685396942389,49.029560147277792],[2.158160848455574,49.028915887922999],[2.156808855893721,49.028121842587851],[2.155482073390572,49.027311331691955],[2.154304764647602,49.026797992734089]]}},
{"type":"Feature","properties":{"GCIdentifi":131022,"GCCalculat":515.44869349334408,"Nom":"AX_589","code":"OISE110","source_doc":null,"date_visit":"2009-03-02"},"geometry":{"type":"LineString","coordinates":[[2.143772242981714,49.030752887217886],[2.143722812332636,49.03025252766458],[2.14326380564141,49.02976091828689],[2.142637076982713,49.029246545893805],[2.142022099964456,49.02881951516742],[2.142022099964456,49.02881951516742]]}},
{"type":"Feature","properties":{"GCIdentifi":131027,"GCCalculat":133.64798882846364,"Nom":"AX_590","code":"OISE110","source_doc":null,"date_visit":"2007-03-27"},"geometry":{"type":"LineString","coordinates":[[2.225584844051707,49.035955971778328],[2.224455181463331,49.036304096384605],[2.223923683985313,49.036457404934261]]}},
{"type":"Feature","properties":{"GCIdentifi":131033,"GCCalculat":387.5924018313749,"Nom":"AX_591","code":"OISE110","source_doc":null,"date_visit":"2007-03-27"},"geometry":{"type":"LineString","coordinates":[[2.199870599679781,49.036334639041435],[2.200252603788556,49.035294181389879],[2.200439886486423,49.034262487542527],[2.20042671081482,49.034081692829758],[2.20027157856665,49.033986053021351],[2.199669371833406,49.033754026164836],[2.199355493244278,49.033624514542318],[2.198963410250476,49.03338375055376]]}},
{"type":"Feature","properties":{"GCIdentifi":131038,"GCCalculat":336.66776761503661,"Nom":"AX_592","code":"OISE110","source_doc":null,"date_visit":"2007-03-27"},"geometry":{"type":"LineString","coordinates":[[2.223433681144995,49.043845418550184],[2.224705067277192,49.04285855012192],[2.224835055714084,49.042022117813659],[2.224806816034622,49.041667269419136],[2.224629244393975,49.041649128156244],[2.224614808759894,49.041229175979709]]}},
{"type":"Feature","properties":{"GCIdentifi":131046,"GCCalculat":463.010933820964,"Nom":"AX_593","code":"OISE110","source_doc":null,"date_visit":"2009-03-02"},"geometry":{"type":"LineString","coordinates":[[2.169917171255759,49.032097625075821],[2.169235975621981,49.031026523910874],[2.168050204831617,49.030215198164711],[2.166790850941147,49.029193011107843],[2.167269547086015,49.02861625837371],[2.169028116017405,49.027942411648795],[2.170207801777526,49.027795641932819],[2.17096142214498,49.027516260008035]]}},
{"type":"Feature","properties":{"GCIdentifi":130986,"GCCalculat":570.10232277311491,"Nom":"AX_594","code":"OISE110","source_doc":null,"date_visit":"2010-01-05"},"geometry":{"type":"LineString","coordinates":[[2.197611498776415,48.986182147660848],[2.197745813456656,48.986890070823868],[2.198332198713203,48.988445859092252]]}},
{"type":"Feature","properties":{"GCIdentifi":131002,"GCCalculat":1116.654987925582,"Nom":"AX_595","code":"OISE110","source_doc":null,"date_visit":"2009-03-02"},"geometry":{"type":"LineString","coordinates":[[2.166050229010466,49.00996153623079],[2.167063853640082,49.010582649565798],[2.168132621119358,49.011301029316641],[2.168832780503008,49.011788017065378],[2.169661732555531,49.012420983933588]]}},
{"type":"Feature","properties":{"GCIdentifi":131011,"GCCalculat":813.24693367550367,"Nom":"AX_596","code":"OISE110","source_doc":null,"date_visit":"2009-03-02"},"geometry":{"type":"LineString","coordinates":[[2.163444838528428,49.017630842653368],[2.164006253515296,49.017860587934919],[2.164450137217697,49.018530399231686],[2.164358917234105,49.019093720248961],[2.163794956271446,49.019591773769108],[2.162891949617804,49.020059971269205]]}},
{"type":"Feature","properties":{"GCIdentifi":131013,"GCCalculat":896.18924289572431,"Nom":"AX_597","code":"OISE110","source_doc":null,"date_visit":"2009-03-02"},"geometry":{"type":"LineString","coordinates":[[2.152882574894575,49.031431818165913],[2.154093891280982,49.029552915017184],[2.154901880161517,49.028168333853777]]}},
{"type":"Feature","properties":{"GCIdentifi":131014,"GCCalculat":3033.6669822540998,"Nom":"AX_598","code":"OISE110","source_doc":null,"date_visit":"2009-10-06"},"geometry":{"type":"LineString","coordinates":[[2.166338815784884,49.029307816209887],[2.164100443866166,49.029239137636317],[2.161915231503193,49.02859691015459],[2.160590150171994,49.028118778567489],[2.159031728915224,49.027953557250513],[2.157535478015518,49.028386954930724]]}},
{"type":"Feature","properties":{"GCIdentifi":131028,"GCCalculat":1023.2332311623994,"Nom":"AX_599","code":"OISE110","source_doc":null,"date_visit":"2009-10-06"},"geometry":{"type":"LineString","coordinates":[[2.235748461903579,49.035823883316269],[2.23470460624111,49.035506161971071],[2.234175032708286,49.035325874759423],[2.23357699243731,49.035190495592246],[2.232959222958386,49.035183602005539],[2.232294661381564,49.035313023732577],[2.23211056900307,49.035528997957087],[2.231469955157138,49.037357874311887],[2.231144139690845,49.037852145081821],[2.230628694223629,49.038060527663013],[2.229423411436234,49.038619735482541],[2.228269222341325,49.039220775975117],[2.227755675061465,49.039546262561579],[2.226902118487553,49.040333092820276],[2.224891254098231,49.040591648926899],[2.224402703719147,49.040615867000909]]}},
{"type":"Feature","properties":{"GCIdentifi":131032,"GCCalculat":634.35703741940756,"Nom":"AX_600","code":"OISE110","source_doc":null,"date_visit":"2007-03-27"},"geometry":{"type":"LineString","coordinates":[[2.228579245961516,49.041176832601046],[2.228099146664215,49.041235892431175],[2.227345949010678,49.041226193699778],[2.226903620295925,49.041196577889444],[2.226121617349237,49.041076793632136],[2.224617548824939,49.04077102815905],[2.224042868109739,49.040365117869392],[2.223142354500432,49.039798296799638],[2.221509291152437,49.039177967178851],[2.221284749030517,49.038785866759206]]}},
{"type":"Feature","properties":{"GCIdentifi":131034,"GCCalculat":1161.5004435819278,"Nom":"AX_601","code":"OISE110","source_doc":null,"date_visit":"2010-02-18"},"geometry":{"type":"LineString","coordinates":[[2.197028262323039,49.034078728205415],[2.196655218967347,49.033129435959466],[2.196319799431645,49.032784291992591],[2.195702359441579,49.032511812768689]]}},
{"type":"Feature","properties":{"GCIdentifi":131035,"GCCalculat":855.0406666802179,"Nom":"AX_602","code":"OISE110","source_doc":null,"date_visit":"2007-03-27"},"geometry":{"type":"LineString","coordinates":[[2.196867397545408,49.045075935366874],[2.196676453568641,49.044341343723183],[2.195587131402996,49.041782099887513],[2.194948650649166,49.040468684298141],[2.193656929265939,49.037687963233964]]}},
{"type":"Feature","properties":{"GCIdentifi":131036,"GCCalculat":806.48862068754295,"Nom":"AX_603","code":"OISE110","source_doc":null,"date_visit":null},"geometry":{"type":"LineString","coordinates":[[2.217845531527646,49.046366235316242],[2.216548679527667,49.045097140789601],[2.215402996721332,49.04419651537733],[2.212983043106336,49.043339419640709],[2.210974185564489,49.042717412049015],[2.210317617625711,49.042311329950472],[2.209717833172198,49.041744748818054],[2.209717833172198,49.041744748818054]]}},
{"type":"Feature","properties":{"GCIdentifi":131037,"GCCalculat":688.78082316548102,"Nom":"AX_604","code":"OISE110","source_doc":null,"date_visit":"2007-03-27"},"geometry":{"type":"LineString","coordinates":[[2.213083451772156,49.046900158103924],[2.211390676721844,49.045523916517404],[2.210025600426355,49.044289505449939],[2.209562184002887,49.043830863435254],[2.209607192814488,49.042265626039388],[2.209568210572448,49.041484081031939]]}},
{"type":"Feature","properties":{"GCIdentifi":131039,"GCCalculat":320.73875986761925,"Nom":"AX_605","code":"OISE110","source_doc":null,"date_visit":"2007-03-27"},"geometry":{"type":"LineString","coordinates":[[2.220082908082316,49.043625342757537],[2.219977716016239,49.041872433902448],[2.219802749075273,49.040748255713901]]}},
{"type":"Feature","properties":{"GCIdentifi":131041,"GCCalculat":1241.840041519353,"Nom":"AX_606","code":"OISE110","source_doc":null,"date_visit":"2010-02-18"},"geometry":{"type":"LineString","coordinates":[[2.183931069629814,49.034539962656851],[2.184274088531132,49.032875479165035],[2.184409018130089,49.032355521361623],[2.184541627374137,49.031981383312534],[2.184267608976115,49.031271132504706]]}},
{"type":"Feature","properties":{"GCIdentifi":131080,"GCCalculat":1052.1609013670698,"Nom":"AX_609","code":"OISE18","source_doc":null,"date_visit":"2009-06-22"},"geometry":{"type":"LineString","coordinates":[[2.220838235733234,49.060246859445328],[2.218728867846354,49.060607388735619],[2.216114746435042,49.060531690194431],[2.215422968066301,49.060437750157753],[2.214070556467494,49.060084861744841],[2.212183763295558,49.058903820884254],[2.210265352383725,49.058084269656987]]}},
{"type":"Feature","properties":{"GCIdentifi":131087,"GCCalculat":690.67017335321714,"Nom":"AX_610","code":"OISE18","source_doc":null,"date_visit":"2010-04-28"},"geometry":{"type":"LineString","coordinates":[[2.211096443858751,49.066638241403091],[2.207709755667264,49.066143381840092],[2.205781034657268,49.06602286389387],[2.204311633523895,49.065573708610962],[2.20330865511996,49.065152508913457],[2.202482097042601,49.064749052684178],[2.20172255569952,49.064089019549883],[2.201448193205553,49.06387990564091]]}},
{"type":"Feature","properties":{"GCIdentifi":131092,"GCCalculat":339.15136405828076,"Nom":"AX_611","code":"OISE19","source_doc":null,"date_visit":"2008-10-23"},"geometry":{"type":"LineString","coordinates":[[2.161000005039412,49.039656946234651],[2.161421664960535,49.040194323523949],[2.161372232773261,49.04065239067517],[2.161940363934715,49.041311265289281],[2.161970731926609,49.041904177968199],[2.161575829339511,49.042484096183941]]}},
{"type":"Feature","properties":{"GCIdentifi":131055,"GCCalculat":107.83422184296082,"Nom":"AX_612","code":"OISE18","source_doc":null,"date_visit":"2009-10-06"},"geometry":{"type":"LineString","coordinates":[[2.257990344122281,49.036427466513189],[2.2573767271149,49.036732453534597],[2.257012354043619,49.03705144264822],[2.256570085910778,49.037456425417716],[2.256192297696729,49.037825163024394],[2.255455810864041,49.038551287813874]]}},
{"type":"Feature","properties":{"GCIdentifi":131075,"GCCalculat":440.33332194700404,"Nom":"AX_613","code":"OISE18","source_doc":null,"date_visit":"2007-02-27"},"geometry":{"type":"LineString","coordinates":[[2.217261170598077,49.049967799071212],[2.217606276040488,49.050664330712046],[2.218018712707925,49.052504022203003],[2.217668650532929,49.053852225035612]]}},
{"type":"Feature","properties":{"GCIdentifi":131061,"GCCalculat":423.39109109364944,"Nom":"AX_614","code":"OISE18","source_doc":null,"date_visit":"2009-10-06"},"geometry":{"type":"LineString","coordinates":[[2.245905190402767,49.039416591405299],[2.246286514247049,49.03991519544153],[2.246697497805716,49.040452506088684],[2.247282362795783,49.041056807775888],[2.247558312454689,49.041341913064322],[2.248666023543895,49.042387053512108]]}},
{"type":"Feature","properties":{"GCIdentifi":131058,"GCCalculat":206.02538265146995,"Nom":"AX_615","code":"OISE18","source_doc":null,"date_visit":null},"geometry":{"type":"LineString","coordinates":[[2.250967258748542,49.038617659971926],[2.24988551455102,49.038976176344207],[2.248939478165067,49.039829943536368],[2.248939478165067,49.039829943536368]]}},
{"type":"Feature","properties":{"GCIdentifi":131051,"GCCalculat":68.867251137300642,"Nom":"AX_616","code":"OISE18","source_doc":null,"date_visit":"2009-10-01"},"geometry":{"type":"LineString","coordinates":[[2.259827600417661,49.040020693495542],[2.260573939901592,49.040448439411563],[2.261056251932865,49.041047419706516],[2.261894984468454,49.041730020544598]]}},
{"type":"Feature","properties":{"GCIdentifi":131059,"GCCalculat":141.54537628900954,"Nom":"AX_617","code":"OISE18","source_doc":null,"date_visit":null},"geometry":{"type":"LineString","coordinates":[[2.247833034834888,49.038712963845313],[2.248653799734171,49.039136916995687],[2.248830397095785,49.039711959612447],[2.248830397095785,49.039711959612447]]}},
{"type":"Feature","properties":{"GCIdentifi":131052,"GCCalculat":279.06227702416311,"Nom":"AX_618","code":"OISE18","source_doc":null,"date_visit":"2009-10-06"},"geometry":{"type":"LineString","coordinates":[[2.259882578559276,49.037283177030808],[2.25985406007604,49.037900155492899],[2.259605101848276,49.038269005040824],[2.259291760450374,49.038601488572731],[2.258591855481602,49.039030516376975],[2.257616294847137,49.039205293886823],[2.256732825770891,49.039313597482966],[2.255950478045253,49.039482435318874]]}},
{"type":"Feature","properties":{"GCIdentifi":131050,"GCCalculat":134.56648356941113,"Nom":"AX_620","code":"OISE18","source_doc":null,"date_visit":"2009-10-01"},"geometry":{"type":"LineString","coordinates":[[2.259689802613123,49.042898597718157],[2.258824164563082,49.042377664102368],[2.257933007732003,49.041790645450334]]}},
{"type":"Feature","properties":{"GCIdentifi":131078,"GCCalculat":486.84031933224605,"Nom":"AX_621","code":"OISE18","source_doc":null,"date_visit":null},"geometry":{"type":"LineString","coordinates":[[2.221541349024606,49.057684053716805],[2.219995585552504,49.057465774563937],[2.218341111893376,49.056987979336412],[2.21649588926725,49.056275278584003],[2.215593184447829,49.055825175446046],[2.215593184447829,49.055825175446046]]}},
{"type":"Feature","properties":{"GCIdentifi":131054,"GCCalculat":403.44264783107292,"Nom":"AX_623","code":"OISE18","source_doc":null,"date_visit":"2009-10-06"},"geometry":{"type":"LineString","coordinates":[[2.252919699954495,49.036068690688623],[2.25350821239884,49.03684987084894],[2.253433142432053,49.037157878316087],[2.253469600239428,49.037381711523096],[2.253736033190719,49.037623870054986],[2.254949723494148,49.038120728311981],[2.255455810864041,49.038551287813874],[2.255923520730656,49.039071096409323],[2.255950478045253,49.039482435318874],[2.255793488240091,49.039839239447858],[2.255599408498551,49.040383522906893],[2.255369247736202,49.041039002807914]]}},
{"type":"Feature","properties":{"GCIdentifi":131056,"GCCalculat":351.40646702493086,"Nom":"AX_624","code":"OISE18","source_doc":null,"date_visit":"2009-04-20"},"geometry":{"type":"LineString","coordinates":[[2.255422797316564,49.044090410423443],[2.254718358005743,49.043471219606481],[2.254006670653174,49.043121488928634],[2.253482632571443,49.042920111203614],[2.252985969382849,49.042674975198238],[2.252765981915931,49.042471573293192],[2.25179678541401,49.041903805756569]]}},
{"type":"Feature","properties":{"GCIdentifi":131064,"GCCalculat":483.251913942638,"Nom":"AX_625","code":"OISE18","source_doc":null,"date_visit":"2009-10-06"},"geometry":{"type":"LineString","coordinates":[[2.243948160477999,49.039198908325965],[2.243618558531205,49.039787721394298],[2.243050002045405,49.040376340366691],[2.242541271145001,49.040925741571776],[2.242450366541748,49.04163253009515],[2.242478856479908,49.042378710077102],[2.242656513903488,49.043242798895918],[2.242679765155068,49.044338924329388],[2.242679765155068,49.044338924329388]]}},
{"type":"Feature","properties":{"GCIdentifi":131065,"GCCalculat":504.3070325750756,"Nom":"AX_626","code":"OISE18","source_doc":null,"date_visit":"2009-10-06"},"geometry":{"type":"LineString","coordinates":[[2.237584746754633,49.040136302428643],[2.239346028359166,49.040609007012627],[2.239911928447192,49.041453790055499],[2.239957221218364,49.042186787042532],[2.239912732768889,49.043397880975],[2.239782385152368,49.044243451628233]]}},
{"type":"Feature","properties":{"GCIdentifi":131066,"GCCalculat":322.65569864447355,"Nom":"AX_627","code":"OISE18","source_doc":null,"date_visit":"2009-10-06"},"geometry":{"type":"LineString","coordinates":[[2.23614357031082,49.04273436408991],[2.23761330663522,49.043050295656847],[2.237903770463149,49.043151699149576],[2.238056884200428,49.043533961095982],[2.239030639268818,49.04396186189306],[2.239782385152368,49.044243451628233],[2.240106791540791,49.044490978489129],[2.240422608092728,49.0447732672963]]}},
{"type":"Feature","properties":{"GCIdentifi":131067,"GCCalculat":567.28611392625339,"Nom":"AX_628","code":"OISE18","source_doc":null,"date_visit":"2009-10-06"},"geometry":{"type":"LineString","coordinates":[[2.232065903244099,49.044132104140772],[2.233624045486673,49.044772435254295],[2.234701864694959,49.045609930182898],[2.236204378844393,49.046797019651578],[2.237256236609708,49.047841078130077],[2.237256236609708,49.047841078130077]]}},
{"type":"Feature","properties":{"GCIdentifi":131069,"GCCalculat":270.16713339873075,"Nom":"AX_629","code":"OISE18","source_doc":null,"date_visit":"2009-04-20"},"geometry":{"type":"LineString","coordinates":[[2.240087070589254,49.049449212995057],[2.238860126905646,49.048776701501687],[2.237833966152621,49.048524281381802],[2.236899986162809,49.048300025524227],[2.236899986162809,49.048300025524227]]}},
{"type":"Feature","properties":{"GCIdentifi":131070,"GCCalculat":451.15585836080282,"Nom":"AX_630","code":"OISE18","source_doc":null,"date_visit":null},"geometry":{"type":"LineString","coordinates":[[2.230005855452362,49.047313540773416],[2.230799001825737,49.047863368898604],[2.232631206247285,49.048224373786823],[2.233684039463348,49.04877328699795],[2.234871237968747,49.049629970927164],[2.234871237968747,49.049629970927164]]}},
{"type":"Feature","properties":{"GCIdentifi":131073,"GCCalculat":833.03403514255024,"Nom":"AX_631","code":"OISE18","source_doc":null,"date_visit":"2007-02-27"},"geometry":{"type":"LineString","coordinates":[[2.222615732410043,49.046709064114914],[2.223470711190647,49.047822675311629],[2.224008065430413,49.04815107521371],[2.224686012644547,49.048256163629908],[2.225164038288709,49.048374534896503],[2.225878677070706,49.048886140210278],[2.226436513226814,49.049228031877774],[2.227451193115961,49.050028485394016],[2.22780830604552,49.050762057158977],[2.228262530964275,49.052413120646115],[2.228422536630703,49.052674889336252]]}},
{"type":"Feature","properties":{"GCIdentifi":131081,"GCCalculat":392.87930568719497,"Nom":"AX_634","code":"OISE18","source_doc":null,"date_visit":"2009-06-22"},"geometry":{"type":"LineString","coordinates":[[2.217637084088446,49.062716139714666],[2.217015104045402,49.062003605647135],[2.216396526841148,49.061307886883313],[2.215422968066301,49.060437750157753]]}},
{"type":"Feature","properties":{"GCIdentifi":131097,"GCCalculat":283.34854836162168,"Nom":"AX_636","code":"OISE19","source_doc":null,"date_visit":null},"geometry":{"type":"LineString","coordinates":[[2.154355903795008,49.049879312491889],[2.15301631105779,49.049490911396774],[2.150637626782498,49.049226554328079],[2.150637626782498,49.049226554328079]]}},
{"type":"Feature","properties":{"GCIdentifi":131090,"GCCalculat":700.4662810517608,"Nom":"AX_637","code":"OISE19","source_doc":null,"date_visit":null},"geometry":{"type":"LineString","coordinates":[[2.181766777344548,49.049097560727837],[2.180382717754643,49.048633215741674],[2.178467236699599,49.048253307700492],[2.176336233204388,49.047439622996812],[2.175010131758065,49.04707844586143],[2.175010131758065,49.04707844586143]]}},
{"type":"Feature","properties":{"GCIdentifi":131107,"GCCalculat":319.39721008801706,"Nom":"AX_638","code":"OISE27","source_doc":null,"date_visit":null},"geometry":{"type":"LineString","coordinates":[[2.156546941999638,49.079641174042813],[2.154741513563025,49.078810763717527],[2.15381642811051,49.077522482944829],[2.15381642811051,49.077522482944829]]}},
{"type":"Feature","properties":{"GCIdentifi":131106,"GCCalculat":608.27411872690652,"Nom":"AX_639","code":"OISE27","source_doc":null,"date_visit":"2007-02-13"},"geometry":{"type":"LineString","coordinates":[[2.146011019558693,49.078187968032402],[2.149124721129483,49.077906781758024],[2.151789174272681,49.077538325470492],[2.154173350107683,49.077137904279347],[2.154173350107683,49.077137904279347]]}},
{"type":"Feature","properties":{"GCIdentifi":131108,"GCCalculat":369.84772475160821,"Nom":"AX_640","code":"OISE27","source_doc":null,"date_visit":"2007-02-13"},"geometry":{"type":"LineString","coordinates":[[2.153650272983876,49.081775662130788],[2.153409672925487,49.080273994664452],[2.153412433120921,49.079069151407836],[2.153195831171904,49.078474801532117],[2.153195831171904,49.078474801532117]]}},
{"type":"Feature","properties":{"GCIdentifi":131109,"GCCalculat":1450.4280587879766,"Nom":"AX_641","code":"OISE27","source_doc":null,"date_visit":"2007-02-13"},"geometry":{"type":"LineString","coordinates":[[2.147497642232739,49.083224270989263],[2.148323184872187,49.082362159720908],[2.149545636128163,49.081402969746506],[2.151593386315021,49.080065579993772],[2.15290778973282,49.078709032965122],[2.153707183426645,49.077477383895292],[2.154918508449585,49.076702292387957],[2.155105572987141,49.076491489224153],[2.155203724892051,49.076294016214739],[2.154974450211667,49.075430155166181],[2.154893661429799,49.07415781931573],[2.155166933825363,49.072816422633487],[2.155002586573578,49.071959417257027]]}},
{"type":"Feature","properties":{"GCIdentifi":131111,"GCCalculat":520.63909909972983,"Nom":"AX_642","code":"OISE27","source_doc":null,"date_visit":"2007-02-13"},"geometry":{"type":"LineString","coordinates":[[2.146140658622117,49.076475810490244],[2.147229885911563,49.074581084055204],[2.148357349697374,49.07293680681245],[2.14864636985837,49.072442096181412],[2.148818436373013,49.072139199290241]]}},
{"type":"Feature","properties":{"GCIdentifi":131114,"GCCalculat":852.25105993089301,"Nom":"AX_643","code":"OISE25","source_doc":null,"date_visit":"2007-02-13"},"geometry":{"type":"LineString","coordinates":[[2.186202846972787,49.081753403664884],[2.186063137508039,49.080476512827843],[2.186884636262095,49.079018979775505],[2.187476508640044,49.077743041774589],[2.187446396023938,49.076959245381261],[2.187141458529742,49.076620861969005],[2.186611104526577,49.07621817135049],[2.186208757142353,49.075878550524706],[2.185486930337751,49.074936629601922],[2.185407494622249,49.074640079458426]]}},
{"type":"Feature","properties":{"GCIdentifi":131113,"GCCalculat":454.87637035395682,"Nom":"AX_644","code":"OISE25","source_doc":null,"date_visit":"2007-02-13"},"geometry":{"type":"LineString","coordinates":[[2.181437691247513,49.077718180816383],[2.182398372045347,49.076603338710058],[2.183505558267593,49.075626806859105],[2.184815180738248,49.074953709692892],[2.18542796130418,49.074658075994513]]}},
{"type":"Feature","properties":{"GCIdentifi":131142,"GCCalculat":647.40118857130301,"Nom":"AX_645","code":"SEINE18","source_doc":null,"date_visit":null},"geometry":{"type":"LineString","coordinates":[[2.116714463817903,49.013807055319894],[2.118157335826637,49.012172644552479],[2.119723560664381,49.010413835930557],[2.121534230932026,49.008941793335417],[2.121534230932026,49.008941793335417]]}},
{"type":"Feature","properties":{"GCIdentifi":131143,"GCCalculat":2971.037187392682,"Nom":"AX_646","code":"SEINE18","source_doc":null,"date_visit":null},"geometry":{"type":"LineString","coordinates":[[2.122310221158201,49.013035011035264],[2.12187778853691,49.01158681251259],[2.121601128720405,49.009256327912254],[2.121604630284776,49.008447864905087],[2.121829938621735,49.006874016986835],[2.121263272897902,49.005308785458972],[2.120542971463825,49.004137375420669],[2.118964608674301,49.002498345347988],[2.115881600703987,49.001134889936793],[2.114380842236954,49.000511043085929],[2.112827714763476,48.999771396812157],[2.109705902660777,48.998011320746819],[2.108342814631591,48.997172045345174],[2.105982307856723,48.996160104959287],[2.104331344122593,48.995607668842332],[2.102199296125462,48.99538772882871],[2.100657919131886,48.995124050607451],[2.098704387772786,48.994696675599542],[2.098704387772786,48.994696675599542]]}},
{"type":"Feature","properties":{"GCIdentifi":131154,"GCCalculat":141.3561014948682,"Nom":"AX_647","code":"OISE19","source_doc":null,"date_visit":"2007-02-08"},"geometry":{"type":"LineString","coordinates":[[2.156513352542119,49.058372776492789],[2.158433267265251,49.058527360605609]]}},
{"type":"Feature","properties":{"GCIdentifi":131158,"GCCalculat":245.53384905727191,"Nom":"AX_648","code":"OISE19","source_doc":null,"date_visit":null},"geometry":{"type":"LineString","coordinates":[[2.165082232663978,49.053889957905312],[2.165215436431462,49.054888390074687],[2.165365067242453,49.056078852327488],[2.165365037111922,49.056090083174837]]}},
{"type":"Feature","properties":{"GCIdentifi":131146,"GCCalculat":2751.2930797450749,"Nom":"AX_649","code":"OISE19","source_doc":null,"date_visit":"2008-10-23"},"geometry":{"type":"LineString","coordinates":[[2.181883734978573,49.041161413903232],[2.179349927651161,49.041958564699122],[2.177872141799142,49.042055348133829],[2.175272518565825,49.042051715484909],[2.173111936905684,49.042021690589081],[2.170801336361722,49.041901595853624],[2.167844319074511,49.042014039954516],[2.16556097393145,49.041926440905478],[2.163456425916033,49.041990662578144],[2.160002812592829,49.042931948424304],[2.154897083596427,49.043934565484975],[2.152047778300041,49.044897911363591],[2.148966580270511,49.046613151392187],[2.147923751535012,49.048177835565646]]}},
{"type":"Feature","properties":{"GCIdentifi":131150,"GCCalculat":542.44690046049504,"Nom":"AX_650","code":"OISE19","source_doc":null,"date_visit":"2008-10-23"},"geometry":{"type":"LineString","coordinates":[[2.160009599647273,49.049160549190582],[2.157016625713258,49.048229527394383],[2.155294642734143,49.047777671072332],[2.154426473573452,49.04741697642298],[2.153315704291209,49.047071596630765]]}},
{"type":"Feature","properties":{"GCIdentifi":131155,"GCCalculat":158.02309674239768,"Nom":"AX_651","code":"OISE19","source_doc":null,"date_visit":"2007-02-08"},"geometry":{"type":"LineString","coordinates":[[2.160455046335681,49.057434568277188],[2.161617267850232,49.057808021139635],[2.162273765653207,49.058181812982738]]}},
{"type":"Feature","properties":{"GCIdentifi":131156,"GCCalculat":444.83602140831897,"Nom":"AX_652","code":"OISE19","source_doc":null,"date_visit":"2007-02-08"},"geometry":{"type":"LineString","coordinates":[[2.160958997820802,49.055051474627973],[2.161570142471003,49.056644662658591],[2.161682014413115,49.056894100123678],[2.162153750230246,49.057327120080267],[2.162458384337735,49.057668945009617],[2.162457498960761,49.057920472826638],[2.16189070023874,49.058758398548385],[2.16189070023874,49.058758398548385]]}},
{"type":"Feature","properties":{"GCIdentifi":131157,"GCCalculat":657.25086203092985,"Nom":"AX_653","code":"OISE19","source_doc":null,"date_visit":"2007-02-08"},"geometry":{"type":"LineString","coordinates":[[2.170878669650317,49.055009003316577],[2.169039698017877,49.055196083146157],[2.166231354087989,49.055571484796666],[2.164895770347106,49.056421748679092],[2.163834898078206,49.0578417201259]]}},
{"type":"Feature","properties":{"GCIdentifi":131168,"GCCalculat":87.003063797036305,"Nom":"AX_654","code":"OISE210","source_doc":null,"date_visit":null},"geometry":{"type":"LineString","coordinates":[[2.036119219191826,48.987149513473213],[2.037278365412004,48.987323226857832],[2.037278365412004,48.987323226857832]]}},
{"type":"Feature","properties":{"GCIdentifi":131230,"GCCalculat":404.97540540174253,"Nom":"AX_655","code":"OISE28","source_doc":null,"date_visit":"2007-02-13"},"geometry":{"type":"LineString","coordinates":[[2.143737354946261,49.088774001236821],[2.141960911077298,49.088366749144662],[2.140373404680962,49.087744209298151],[2.139362930186083,49.087341610352993],[2.138837267844275,49.08711052430764]]}},
{"type":"Feature","properties":{"GCIdentifi":131170,"GCCalculat":447.63820951819827,"Nom":"AX_656","code":"OISE210","source_doc":null,"date_visit":null},"geometry":{"type":"LineString","coordinates":[[2.028723293358639,48.992039082200236],[2.030415441591605,48.992402946305205],[2.032174712741264,48.992956742054872],[2.033687008537309,48.993716461959302],[2.034042339941867,48.993932990618461],[2.034042339941867,48.993932990618461]]}},
{"type":"Feature","properties":{"GCIdentifi":131180,"GCCalculat":306.86000899459617,"Nom":"AX_657","code":"OISE210","source_doc":null,"date_visit":"2008-10-29"},"geometry":{"type":"LineString","coordinates":[[2.027474323853971,49.00077736376938],[2.028275207423189,49.002623305073342],[2.028953491455608,49.00333478297074],[2.028953491455608,49.00333478297074]]}},
{"type":"Feature","properties":{"GCIdentifi":131182,"GCCalculat":184.92939279430465,"Nom":"AX_658","code":"OISE210","source_doc":null,"date_visit":"2008-10-29"},"geometry":{"type":"LineString","coordinates":[[2.016091981182927,49.001688141020786],[2.015437015581084,49.002420665388122],[2.015357234375948,49.002878584321699],[2.01544713804044,49.003225810306908]]}},
{"type":"Feature","properties":{"GCIdentifi":131176,"GCCalculat":353.68444818142757,"Nom":"AX_659","code":"OISE210","source_doc":null,"date_visit":null},"geometry":{"type":"LineString","coordinates":[[2.037386180070801,48.998852161877423],[2.040527089195386,48.99956999588192],[2.041960514028725,48.999880238934594],[2.041960514028725,48.999880238934594]]}},
{"type":"Feature","properties":{"GCIdentifi":131178,"GCCalculat":438.76075282238151,"Nom":"AX_660","code":"OISE210","source_doc":null,"date_visit":"2008-10-29"},"geometry":{"type":"LineString","coordinates":[[2.020581213253314,49.000245374402681],[2.022641352588115,49.001011244561987],[2.024062417293754,49.001372202732043],[2.024922565813838,49.001645171440614],[2.025314099617109,49.001806794221878],[2.025892794639081,49.002054295383573]]}},
{"type":"Feature","properties":{"GCIdentifi":131193,"GCCalculat":332.9985134553541,"Nom":"AX_662","code":"OISE210","source_doc":null,"date_visit":null},"geometry":{"type":"LineString","coordinates":[[1.999131275205384,49.018195776481626],[1.99962520843526,49.018294135774852],[2.000435097869965,49.018453647899598],[2.00193688130004,49.018609898173708]]}},
{"type":"Feature","properties":{"GCIdentifi":131201,"GCCalculat":536.67501010388912,"Nom":"AX_663","code":"OISE210","source_doc":null,"date_visit":"2008-10-29"},"geometry":{"type":"LineString","coordinates":[[2.031765840425246,49.01170666780304],[2.032688786109505,49.012911732988577],[2.032543659010488,49.013746774376749],[2.032322501913419,49.014459226872631],[2.032272658057046,49.015071057049546],[2.032315237010898,49.015641591713241],[2.032668031592699,49.016294938712171],[2.032652456171834,49.016325208034687]]}},
{"type":"Feature","properties":{"GCIdentifi":131190,"GCCalculat":316.6478643196217,"Nom":"AX_664","code":"OISE210","source_doc":null,"date_visit":null},"geometry":{"type":"LineString","coordinates":[[2.001858321766832,49.013286650565696],[2.003401720154205,49.014296683760726],[2.004410824055507,49.014776836641587],[2.005883948893083,49.015303251418501],[2.005883948893083,49.015303251418501]]}},
{"type":"Feature","properties":{"GCIdentifi":131188,"GCCalculat":288.33766102305668,"Nom":"AX_665","code":"OISE210","source_doc":null,"date_visit":null},"geometry":{"type":"LineString","coordinates":[[2.006571525708408,49.012544057346318],[2.007933278348702,49.012588466523177],[2.008373560759211,49.012637939954374],[2.00890937195195,49.012667571482403]]}},
{"type":"Feature","properties":{"GCIdentifi":131166,"GCCalculat":902.70332420730836,"Nom":"AX_666","code":"OISE210","source_doc":null,"date_visit":null},"geometry":{"type":"LineString","coordinates":[[2.042437974615607,48.986148603345278],[2.043332612823404,48.987195190431876],[2.043436496996146,48.988382346535808],[2.043563426139394,48.990000753070476],[2.043550342958702,48.991925341100647],[2.043761884800965,48.993085822859214],[2.044440783049303,48.993995963132534],[2.044440783049303,48.993995963132534]]}},
{"type":"Feature","properties":{"GCIdentifi":131172,"GCCalculat":955.46137983567985,"Nom":"AX_667","code":"OISE210","source_doc":null,"date_visit":null},"geometry":{"type":"LineString","coordinates":[[2.042967116614266,48.998200757114645],[2.045894368412632,48.997821958751103],[2.048478108069943,48.997521956521524],[2.051230385059796,48.996693435945907],[2.053397001300146,48.995609634030721],[2.055025121531651,48.995281274725357],[2.055025121531651,48.995281274725357]]}},
{"type":"Feature","properties":{"GCIdentifi":131173,"GCCalculat":761.42930653811118,"Nom":"AX_668","code":"OISE210","source_doc":null,"date_visit":null},"geometry":{"type":"LineString","coordinates":[[2.047017240173643,48.990530562101426],[2.049633458214329,48.991626351203294],[2.051895845730877,48.99284584057132],[2.053664128771314,48.994252727148712],[2.054767208014756,48.995020127554533],[2.054767208014756,48.995020127554533]]}},
{"type":"Feature","properties":{"GCIdentifi":131164,"GCCalculat":1093.2271611912986,"Nom":"AX_669","code":"OISE210","source_doc":null,"date_visit":null},"geometry":{"type":"LineString","coordinates":[[2.047564260606681,48.985676613776896],[2.050555908976491,48.985827871712061],[2.053393869778338,48.986303174227693],[2.058100001580235,48.987717214070351],[2.059873001281726,48.9885850095935],[2.061346362540919,48.989037720869867],[2.061346362540919,48.989037720869867]]}},
{"type":"Feature","properties":{"GCIdentifi":131165,"GCCalculat":442.99525811864129,"Nom":"AX_670","code":"OISE210","source_doc":null,"date_visit":null},"geometry":{"type":"LineString","coordinates":[[2.054851946724542,48.989427254928714],[2.056612414379019,48.990097445894534],[2.058058327905066,48.99057709407569],[2.060176089985242,48.990528324072031],[2.060435864039464,48.990457094793314],[2.060435864039464,48.990457094793314]]}},
{"type":"Feature","properties":{"GCIdentifi":131167,"GCCalculat":831.59679306007934,"Nom":"AX_671","code":"OISE210","source_doc":null,"date_visit":null},"geometry":{"type":"LineString","coordinates":[[2.037821289119915,48.98584917498556],[2.037306802823612,48.9871335452019],[2.037454346979344,48.987844719009338],[2.038274955603452,48.989843344492037],[2.039977580559519,48.993013185598052],[2.039977580559519,48.993013185598052]]}},
{"type":"Feature","properties":{"GCIdentifi":131169,"GCCalculat":2539.8212483470797,"Nom":"AX_672","code":"OISE210","source_doc":null,"date_visit":null},"geometry":{"type":"LineString","coordinates":[[2.027445384780654,48.988735484038514],[2.029380299849648,48.989550297421601],[2.031578115872476,48.990077210660658],[2.034169099982212,48.991056509338655],[2.035106489947047,48.99179447056224],[2.037262083002002,48.992278465020547],[2.039773037696091,48.992976710991002],[2.041860537414316,48.993736702127954],[2.044738826762548,48.99438299112574],[2.046803114921729,48.994461232312226],[2.049139189884715,48.994466017191307],[2.053033289199184,48.994457766051092],[2.055365272896943,48.995479742096478],[2.056700248807706,48.996292617270605],[2.058746084891743,48.996945508382034],[2.058746084891743,48.996945508382034]]}},
{"type":"Feature","properties":{"GCIdentifi":131171,"GCCalculat":982.31958827353185,"Nom":"AX_673","code":"OISE210","source_doc":null,"date_visit":null},"geometry":{"type":"LineString","coordinates":[[2.026663313329635,48.993742551540691],[2.028028054214802,48.994078603395465],[2.029789855640216,48.994227087534881],[2.031593336935152,48.994258850540405],[2.033398022907601,48.994092989625855],[2.034547261218479,48.993961271787484],[2.035886799713776,48.993677350252376],[2.037612224092392,48.993349495424297],[2.039772355377059,48.993093494276238],[2.039772355377059,48.993093494276238]]}},
{"type":"Feature","properties":{"GCIdentifi":131174,"GCCalculat":1553.6913134713784,"Nom":"AX_674","code":"OISE210","source_doc":null,"date_visit":"2008-10-29"},"geometry":{"type":"LineString","coordinates":[[2.025581002759907,48.996266106266098],[2.026504860749068,48.996979399307577],[2.028151035409016,48.998170735203502],[2.030237952012087,48.999030864684833],[2.032939301031019,48.999892582323874],[2.035093307042005,49.000688786766624],[2.038406838802213,49.001101699766878],[2.040223764147328,49.000921166561106],[2.041665858558343,49.000924885649376],[2.042131792964469,49.001210175051305],[2.043914039634301,49.001989545997851],[2.043914039634301,49.001989545997851]]}},
{"type":"Feature","properties":{"GCIdentifi":131175,"GCCalculat":1496.4009732626751,"Nom":"AX_675","code":"OISE210","source_doc":null,"date_visit":"2008-10-29"},"geometry":{"type":"LineString","coordinates":[[2.039839572953037,48.997824374668348],[2.041552636150933,48.999303149829693],[2.042843447466378,49.000638226928004],[2.043161457175325,49.001115126313309],[2.043568981486269,49.00175621566428],[2.045901522909205,49.003289298220594],[2.046884995100453,49.00468417344235],[2.049147720196981,49.00534900631903],[2.050691998041195,49.005413505178332],[2.051935496076924,49.005546866065757],[2.054132523071567,49.006075583968659],[2.054245069925527,49.006093826630917]]}},
{"type":"Feature","properties":{"GCIdentifi":131179,"GCCalculat":1180.6373279449833,"Nom":"AX_676","code":"OISE210","source_doc":null,"date_visit":"2008-10-29"},"geometry":{"type":"LineString","coordinates":[[2.023756232873572,48.999589346313797],[2.024962839602825,49.001210720001353],[2.026227306490918,49.00232919167081],[2.02772530736621,49.002954197181793],[2.030021533276459,49.003666670361312],[2.030976008775361,49.003878073685016],[2.034771179860218,49.004541667757039],[2.032808750349066,49.004204102611894]]}},
{"type":"Feature","properties":{"GCIdentifi":131181,"GCCalculat":968.22900193802752,"Nom":"AX_677","code":"OISE210","source_doc":null,"date_visit":"2008-10-29"},"geometry":{"type":"LineString","coordinates":[[2.013298191821937,49.002730163887932],[2.01397874947136,49.002792726067355],[2.014660487490816,49.002937262465714],[2.015431583836834,49.003256077994209],[2.016280390761084,49.003696369098947],[2.017824316121247,49.004597868668959],[2.018269514685799,49.005169551323768],[2.019379469217443,49.005885655810211],[2.021912203811743,49.007258080420932],[2.023004629232094,49.008331193892083]]}},
{"type":"Feature","properties":{"GCIdentifi":131184,"GCCalculat":288.49699862681052,"Nom":"AX_678","code":"OISE210","source_doc":null,"date_visit":null},"geometry":{"type":"LineString","coordinates":[[2.010709396636508,49.007097577237573],[2.011672916271035,49.008007613801027],[2.012963918131873,49.009226246816745],[2.012963918131873,49.009226246816745]]}},
{"type":"Feature","properties":{"GCIdentifi":131186,"GCCalculat":294.55017931208249,"Nom":"AX_679","code":"OISE210","source_doc":null,"date_visit":null},"geometry":{"type":"LineString","coordinates":[[2.008997246253319,49.009448494014933],[2.010869055721484,49.009813172207139],[2.012960056382088,49.009291348765466],[2.012772447538514,49.009270597536464]]}},
{"type":"Feature","properties":{"GCIdentifi":131189,"GCCalculat":1698.289549240634,"Nom":"AX_680","code":"OISE210","source_doc":null,"date_visit":"2008-10-29"},"geometry":{"type":"LineString","coordinates":[[2.007355643856293,49.010001906268087],[2.008163053269039,49.010283566857467],[2.008457637244664,49.010667918064627],[2.008306346752753,49.011293014137358],[2.008036923573559,49.012024082778773],[2.008193331554115,49.012346169108362],[2.00890937195195,49.012667571482403],[2.009868142848716,49.013017266258863],[2.010765117210386,49.013417333078401],[2.011614812101201,49.013746519602584],[2.012680144699947,49.014248081356023],[2.013931202990179,49.014811948963633],[2.014581452087013,49.015098999556777],[2.016295967360217,49.015807846832587],[2.018473755686266,49.016689778663938],[2.02075019976313,49.017103692190737],[2.021754896850832,49.01723895748183],[2.023020577039568,49.016867386607778],[2.023992894354889,49.016177238998175],[2.024863987625263,49.015566510750268],[2.025128478240435,49.01531233471718]]}},
{"type":"Feature","properties":{"GCIdentifi":131191,"GCCalculat":1068.177602010931,"Nom":"AX_681","code":"OISE210","source_doc":null,"date_visit":null},"geometry":{"type":"LineString","coordinates":[[2.00354582943628,49.015206637155913],[2.005883948893083,49.015303251418501],[2.007759258662995,49.015689306954407],[2.009197304759452,49.016111157075471],[2.010561417004248,49.016094837028135],[2.011585204753456,49.015913590446736],[2.013536181936737,49.015960654047205],[2.014776041927052,49.015892304068728],[2.01606432212479,49.015723000790068]]}},
{"type":"Feature","properties":{"GCIdentifi":131192,"GCCalculat":1623.6552487295953,"Nom":"AX_682","code":"OISE210","source_doc":null,"date_visit":"2008-10-29"},"geometry":{"type":"LineString","coordinates":[[1.999941138023004,49.016598562248497],[2.002096968592878,49.017152865709704],[2.002424882685844,49.017645246486879],[2.002762383659086,49.018213288362041],[2.003316544030792,49.018504331056299],[2.003866835995926,49.018757156494217],[2.004604725969138,49.019038242850044],[2.007004314754023,49.019590285958586],[2.008009113740109,49.019969347054513],[2.009463401213783,49.020280060624799],[2.011834750649661,49.020296913933628],[2.014460791642165,49.019214026253458],[2.015256866434524,49.018349395882083],[2.015740901788502,49.017688257421348],[2.015855632164625,49.01684303322088],[2.016774309838294,49.016020294640235]]}},
{"type":"Feature","properties":{"GCIdentifi":131194,"GCCalculat":481.32102571255979,"Nom":"AX_683","code":"OISE210","source_doc":null,"date_visit":null},"geometry":{"type":"LineString","coordinates":[[1.998177721847123,49.018679258478976],[1.998592211011161,49.018866039467511],[1.999218947719997,49.018886535212438],[2.000459045442712,49.018767256687795],[2.00193688130004,49.018609898173708],[2.003957892990789,49.018921208152285],[2.004604725969138,49.019038242850044]]}},
{"type":"Feature","properties":{"GCIdentifi":131195,"GCCalculat":962.44774298903599,"Nom":"AX_684","code":"OISE210","source_doc":null,"date_visit":null},"geometry":{"type":"LineString","coordinates":[[1.999666004696681,49.020653623475653],[2.003515874855948,49.021690081419102],[2.005007130866999,49.021835908108777],[2.006354898058798,49.021993630835681],[2.008137492766173,49.02172365822269],[2.010172077961937,49.021035533506044],[2.011834750649661,49.020296913933628]]}},
{"type":"Feature","properties":{"GCIdentifi":131198,"GCCalculat":442.14468828637462,"Nom":"AX_685","code":"OISE210","source_doc":null,"date_visit":null},"geometry":{"type":"LineString","coordinates":[[2.028761920658832,49.019056880210705],[2.029078923258239,49.018865727198538],[2.030134211338995,49.018558646256288],[2.032627856609595,49.018108276682796],[2.034469681156716,49.0178762321748]]}},
{"type":"Feature","properties":{"GCIdentifi":131200,"GCCalculat":2192.8656859516509,"Nom":"AX_686","code":"OISE210","source_doc":null,"date_visit":"2008-10-29"},"geometry":{"type":"LineString","coordinates":[[2.012960056382088,49.009291348765466],[2.013996020557044,49.00957948064702],[2.015140740557118,49.009939780433889],[2.01626604958541,49.010666089728034],[2.017467802722379,49.011719328532372],[2.019180272277422,49.012732448467311],[2.020012802676943,49.013077244153891],[2.020799402703346,49.013402810715867],[2.021931643661014,49.013870789697357],[2.02292032234147,49.014363101124125],[2.024510512276323,49.015040037241121],[2.025530390430044,49.015470647939011],[2.02789862460462,49.015945286747701],[2.029523774498299,49.016236009441378],[2.031460368433204,49.016128910492341],[2.032589477451666,49.016294728336689],[2.034170444288878,49.017674451490308],[2.03500009563082,49.01824256352063],[2.036433140427494,49.018696614730956],[2.037771303862649,49.019033614664323],[2.037771303862649,49.019033614664323]]}},
{"type":"Feature","properties":{"GCIdentifi":131202,"GCCalculat":510.21326833670128,"Nom":"AX_687","code":"OISE210","source_doc":null,"date_visit":"2007-03-15"},"geometry":{"type":"LineString","coordinates":[[2.024159819066268,49.031392758042124],[2.024877520717784,49.031861842526851],[2.026564744510514,49.032952239668859],[2.027457774200317,49.034061819489551],[2.028478655394914,49.03494827203567]]}},
{"type":"Feature","properties":{"GCIdentifi":131206,"GCCalculat":99.749662844673992,"Nom":"AX_688","code":"OISE210","source_doc":null,"date_visit":"2007-03-15"},"geometry":{"type":"LineString","coordinates":[[2.01896599145896,49.037893427674611],[2.020298653149325,49.038085763758446],[2.020298653149325,49.038085763758446]]}},
{"type":"Feature","properties":{"GCIdentifi":131211,"GCCalculat":497.77325457438451,"Nom":"AX_689","code":"OISE211","source_doc":null,"date_visit":"2007-03-15"},"geometry":{"type":"LineString","coordinates":[[2.019057406007015,49.038551688571033],[2.020279723310244,49.038110410330809],[2.022207594209185,49.038169618078634],[2.023559420590594,49.038302454341654],[2.024663938428843,49.038386317941189],[2.025155660708014,49.038408987466653],[2.025668084542211,49.038401410716219]]}},
{"type":"Feature","properties":{"GCIdentifi":131228,"GCCalculat":1200.3118850328678,"Nom":"AX_690","code":"OISE28","source_doc":null,"date_visit":"2010-02-19"},"geometry":{"type":"LineString","coordinates":[[2.132718678039496,49.094950337910902],[2.134239622598152,49.093234632144579],[2.134722142086488,49.092709219641705],[2.135114792958088,49.091466398044396],[2.136003933490093,49.08934911339265],[2.13646745160648,49.088873810832105],[2.136843094397072,49.088571282131738],[2.137547860782878,49.088052631162647],[2.138318503775734,49.087722718347244]]}},
{"type":"Feature","properties":{"GCIdentifi":131234,"GCCalculat":536.00985223039993,"Nom":"AX_691","code":"OISE28","source_doc":null,"date_visit":null},"geometry":{"type":"LineString","coordinates":[[2.144563932430506,49.084171597317102],[2.142904643356542,49.084878458205701],[2.142069934225503,49.084994963493322],[2.140082539081053,49.085225125070878],[2.138494172715212,49.085276272646425],[2.137774701043561,49.085213270034998],[2.137602068289007,49.085202878032888]]}},
{"type":"Feature","properties":{"GCIdentifi":131235,"GCCalculat":726.56860449455201,"Nom":"AX_692","code":"OISE28","source_doc":null,"date_visit":"2007-02-13"},"geometry":{"type":"LineString","coordinates":[[2.127990135103814,49.085821323391869],[2.129662886103587,49.085218017974896],[2.132084837088394,49.084097234570571],[2.133410736612135,49.083010398337933],[2.134248487706187,49.082148388984471],[2.134539346559547,49.081249490738244],[2.134539346559547,49.081249490738244]]}},
{"type":"Feature","properties":{"GCIdentifi":131231,"GCCalculat":544.57978431211086,"Nom":"AX_693","code":"OISE28","source_doc":null,"date_visit":"2010-02-19"},"geometry":{"type":"LineString","coordinates":[[2.131005992501116,49.089726875379888],[2.13231059667692,49.089611833844806],[2.13523206236069,49.089062318652275],[2.136575838409831,49.088772820240763]]}},
{"type":"Feature","properties":{"GCIdentifi":131236,"GCCalculat":361.86987537214588,"Nom":"AX_694","code":"OISE28","source_doc":null,"date_visit":"2007-02-13"},"geometry":{"type":"LineString","coordinates":[[2.138646434975384,49.080125929677891],[2.137370503388396,49.080728945536769],[2.136798422712852,49.08101651653346],[2.135743496787109,49.081073066180693],[2.134147334326943,49.080973692750874],[2.134147334326943,49.080973692750874]]}},
{"type":"Feature","properties":{"GCIdentifi":131233,"GCCalculat":293.36706497629518,"Nom":"AX_695","code":"OISE28","source_doc":null,"date_visit":null},"geometry":{"type":"LineString","coordinates":[[2.146610839853321,49.085785213530805],[2.145133711807429,49.085359422889503],[2.142794768543343,49.084996177896009],[2.142794768543343,49.084996177896009]]}},
{"type":"Feature","properties":{"GCIdentifi":131221,"GCCalculat":436.77242296162467,"Nom":"AX_696","code":"OISE28","source_doc":null,"date_visit":null},"geometry":{"type":"LineString","coordinates":[[2.121033766982844,49.067035103797423],[2.122950882694346,49.066706327210049],[2.125358437062619,49.067177916469376],[2.126834517188759,49.067279425094497],[2.126834517188759,49.067279425094497]]}},
{"type":"Feature","properties":{"GCIdentifi":131222,"GCCalculat":1129.0957892173938,"Nom":"AX_697","code":"OISE28","source_doc":null,"date_visit":"2007-02-13"},"geometry":{"type":"LineString","coordinates":[[2.137635521631746,49.077315859561118],[2.135940462260905,49.076764954636751],[2.134317579429821,49.075709964431141],[2.134319776679956,49.075169863277324],[2.132788453450228,49.073072985668112],[2.131166198296474,49.072318885662717],[2.129323414992435,49.071594673176826],[2.127962645245218,49.071274449766292],[2.127086994251678,49.070609234035054]]}},
{"type":"Feature","properties":{"GCIdentifi":131227,"GCCalculat":1713.1717379358868,"Nom":"AX_698","code":"OISE28","source_doc":null,"date_visit":"2010-02-19"},"geometry":{"type":"LineString","coordinates":[[2.121303517945866,49.090254424446329],[2.120229143700868,49.088453538472301],[2.119980677854318,49.086241017402827],[2.119527355368043,49.083191557270105],[2.119965712628507,49.08029762216642],[2.120187063562104,49.07915686801099],[2.120121984502973,49.078486639174173],[2.119826959631336,49.077848212062541],[2.120176987831032,49.076745704964978],[2.120587360081213,49.075091074440877],[2.121157937317542,49.074509216876805],[2.122389622291739,49.074015900622506],[2.123318874175851,49.073319441068719],[2.125104359617746,49.073231985100257]]}},
{"type":"Feature","properties":{"GCIdentifi":131232,"GCCalculat":3043.8237889644224,"Nom":"AX_699","code":"OISE28","source_doc":null,"date_visit":"2007-02-13"},"geometry":{"type":"LineString","coordinates":[[2.143262996643782,49.090725855694302],[2.141597385361125,49.08951146940656],[2.139931958191779,49.088266721068976],[2.138332197609347,49.087724983521284],[2.138794896243901,49.087023980408503],[2.138928951925775,49.086417876985919],[2.138300503534801,49.085825030802859],[2.137617259674144,49.085250059186613],[2.136882948588971,49.08421235686977],[2.135453211818134,49.082258307903984],[2.134225839634045,49.080997412261596],[2.131930646831506,49.080049004738861],[2.126875147398852,49.077845766005801],[2.126261585172848,49.077423570689142],[2.125132844668435,49.075569860283672],[2.124873967809627,49.074558785031385],[2.124744464485351,49.074067862710834],[2.1249660864978,49.073404657740092],[2.126112427147571,49.072713947154803],[2.127214698658746,49.071532466449447],[2.126956854481357,49.070262008248555],[2.126826513433303,49.069973192540367],[2.126785137316273,49.069252230551861]]}},
{"type":"Feature","properties":{"GCIdentifi":131650,"GCCalculat":725.62307712504344,"Nom":"AX_700","code":"OISE26","source_doc":null,"date_visit":null},"geometry":{"type":"LineString","coordinates":[[2.140542776919819,49.107537380195424],[2.143465994506256,49.105716543277055],[2.145316882247435,49.105170575745802],[2.149046126488407,49.104467071413737],[2.149046126488407,49.104467071413737]]}},
{"type":"Feature","properties":{"GCIdentifi":131627,"GCCalculat":1023.5552607453037,"Nom":"AX_701","code":"OISE26","source_doc":null,"date_visit":"2007-02-13"},"geometry":{"type":"LineString","coordinates":[[2.179737772721393,49.086071148231333],[2.179741301962495,49.084965131216379],[2.179336553972826,49.083757488776733],[2.17842082165925,49.083053300252878],[2.176074977058246,49.082145006478918],[2.174735603708129,49.081893840185259],[2.173677677729884,49.081306214183456],[2.172205069877084,49.080004946950439],[2.171622452965406,49.079417957146156]]}},
{"type":"Feature","properties":{"GCIdentifi":131327,"GCCalculat":126.65772655795237,"Nom":"AX_702","code":"OISE210","source_doc":null,"date_visit":"2009-04-01"},"geometry":{"type":"LineString","coordinates":[[1.990235143064036,49.16241291599232],[1.990660180166531,49.16260285227726],[1.991064345572858,49.162835383852851],[1.991383699249039,49.162955369413758],[1.991946999156212,49.163201845705494],[1.992541987057215,49.163575308082706]]}},
{"type":"Feature","properties":{"GCIdentifi":131292,"GCCalculat":873.08324723246812,"Nom":"AX_703","code":"OISE210","source_doc":null,"date_visit":null},"geometry":{"type":"LineString","coordinates":[[1.980502335838295,49.116908723193845],[1.978876126107381,49.116354578594319],[1.976852846661854,49.11582722895627],[1.974873325371868,49.114705977923222],[1.972786671492709,49.113512490516939],[1.970808708441614,49.112436086934721],[1.970808708441614,49.112436086934721]]}},
{"type":"Feature","properties":{"GCIdentifi":131324,"GCCalculat":831.01846041666704,"Nom":"AX_704","code":"OISE210","source_doc":null,"date_visit":"2010-11-25"},"geometry":{"type":"LineString","coordinates":[[1.978183256728472,49.162827303550046],[1.978000983318107,49.161280547157865],[1.97810790951621,49.159523543073298],[1.978506243116681,49.15795502274284],[1.978980629630551,49.156750522453684],[1.979975412622437,49.154430476850536],[1.980451182286508,49.153545759000643]]}},
{"type":"Feature","properties":{"GCIdentifi":131328,"GCCalculat":93.81286944128729,"Nom":"AX_705","code":"OISE210","source_doc":null,"date_visit":"2010-11-25"},"geometry":{"type":"LineString","coordinates":[[1.985594807966194,49.164899034083547],[1.985729342747456,49.164397804395001],[1.985863174883482,49.163931616600998],[1.986051764592264,49.163682517711983],[1.98674670329476,49.163389981765441],[1.987734060656211,49.163076792915952],[1.988352480507695,49.162788972142565]]}},
{"type":"Feature","properties":{"GCIdentifi":131322,"GCCalculat":242.9836157619319,"Nom":"AX_706","code":"OISE210","source_doc":null,"date_visit":"2010-11-25"},"geometry":{"type":"LineString","coordinates":[[1.986897066059652,49.159649471107798],[1.98674246355169,49.158144363299854],[1.986842552926239,49.15767640413965],[1.98708818552109,49.156802845058415]]}},
{"type":"Feature","properties":{"GCIdentifi":131335,"GCCalculat":507.6032478481003,"Nom":"AX_707","code":"OISE210","source_doc":null,"date_visit":"2009-04-01"},"geometry":{"type":"LineString","coordinates":[[1.962990020225312,49.173759488581567],[1.960411730528227,49.172740476645558],[1.958717346744868,49.172377847724938],[1.957968058408769,49.172047482033882],[1.957578067579314,49.171760997794273]]}},
{"type":"Feature","properties":{"GCIdentifi":131366,"GCCalculat":114.595869087822,"Nom":"AX_708","code":"OISE210","source_doc":null,"date_visit":null},"geometry":{"type":"LineString","coordinates":[[2.013334028949191,49.189191252484427],[2.014641462567624,49.18861889261369],[2.014641462567624,49.18861889261369]]}},
{"type":"Feature","properties":{"GCIdentifi":131632,"GCCalculat":486.58410244022332,"Nom":"AX_709","code":"OISE26","source_doc":null,"date_visit":null},"geometry":{"type":"LineString","coordinates":[[2.157010172521093,49.08670365343395],[2.158419282173837,49.087066291676258],[2.160608343191522,49.087330173792971],[2.162385616790865,49.087538374753862],[2.163500470697922,49.087485047166382]]}},
{"type":"Feature","properties":{"GCIdentifi":131344,"GCCalculat":712.98967755689034,"Nom":"AX_710","code":"OISE210","source_doc":null,"date_visit":null},"geometry":{"type":"LineString","coordinates":[[1.973144348245386,49.135581617923883],[1.969685848452244,49.134428643792603],[1.968143955584077,49.133515289546217],[1.965950180351518,49.131917076523237],[1.96577473444479,49.131584136651881],[1.96577473444479,49.131584136651881]]}},
{"type":"Feature","properties":{"GCIdentifi":131372,"GCCalculat":308.33083776386383,"Nom":"AX_711","code":"OISE210","source_doc":null,"date_visit":null},"geometry":{"type":"LineString","coordinates":[[2.010222528142107,49.190809499615554],[2.009215592259017,49.189709573382935],[2.007312566587905,49.188894555978081],[2.007312566587905,49.188894555978081]]}},
{"type":"Feature","properties":{"GCIdentifi":131378,"GCCalculat":105.15238697962553,"Nom":"AX_712","code":"OISE210","source_doc":null,"date_visit":null},"geometry":{"type":"LineString","coordinates":[[1.997051514348565,49.19477436619691],[1.996122754851621,49.194050737654784],[1.996122754851621,49.194050737654784]]}},
{"type":"Feature","properties":{"GCIdentifi":131373,"GCCalculat":259.74126110664992,"Nom":"AX_713","code":"OISE210","source_doc":null,"date_visit":null},"geometry":{"type":"LineString","coordinates":[[2.005706364371852,49.191085144803708],[2.005781002434455,49.190176962730185],[2.007092337332641,49.189038773942293],[2.007092337332641,49.189038773942293]]}},
{"type":"Feature","properties":{"GCIdentifi":131363,"GCCalculat":457.7515068565591,"Nom":"AX_714","code":"OISE210","source_doc":null,"date_visit":null},"geometry":{"type":"LineString","coordinates":[[1.996637113109245,49.191012638910763],[1.995988558100761,49.189663258761144],[1.995711808629856,49.188061230616526],[1.995801543120053,49.186973417264198],[1.995801543120053,49.186973417264198]]}},
{"type":"Feature","properties":{"GCIdentifi":131377,"GCCalculat":610.76142354107787,"Nom":"AX_715","code":"OISE210","source_doc":null,"date_visit":null},"geometry":{"type":"LineString","coordinates":[[1.983345261432151,49.188724519021861],[1.979899659324406,49.18902939233152],[1.977149213394388,49.189848366128217],[1.975689073904682,49.190626430531971],[1.975689073904682,49.190626430531971]]}},
{"type":"Feature","properties":{"GCIdentifi":131386,"GCCalculat":601.80634554917947,"Nom":"AX_716","code":"OISE210","source_doc":null,"date_visit":null},"geometry":{"type":"LineString","coordinates":[[1.951671613046495,49.18975568175577],[1.953644935912996,49.188243030047673],[1.954777597789958,49.18732043518618],[1.955102172266896,49.186107681233629],[1.95530175171025,49.185110105949086],[1.95530175171025,49.185110105949086]]}},
{"type":"Feature","properties":{"GCIdentifi":131391,"GCCalculat":771.86048587273763,"Nom":"AX_717","code":"OISE210","source_doc":null,"date_visit":null},"geometry":{"type":"LineString","coordinates":[[1.970483131722685,49.200716959450489],[1.966407090648443,49.200650010951563],[1.962255536508094,49.199925775842694],[1.960088593364465,49.199613275018237],[1.960088593364465,49.199613275018237]]}},
{"type":"Feature","properties":{"GCIdentifi":131395,"GCCalculat":1692.9808430974335,"Nom":"AX_718","code":"OISE210","source_doc":null,"date_visit":null},"geometry":{"type":"LineString","coordinates":[[1.948039398156796,49.21371914857388],[1.948144606364538,49.2108056248032],[1.950075903425603,49.207781503623394],[1.949650075328685,49.204390101134635],[1.948609290633215,49.19880253262707],[1.948609290633215,49.19880253262707]]}},
{"type":"Feature","properties":{"GCIdentifi":131453,"GCCalculat":538.73694752588335,"Nom":"AX_719","code":"OISE210","source_doc":null,"date_visit":null},"geometry":{"type":"LineString","coordinates":[[1.935411522993103,49.085686154805863],[1.938825384912959,49.086768161615339],[1.940730779726388,49.087088044077532],[1.94234031320862,49.087202522201345],[1.94234031320862,49.087202522201345]]}},
{"type":"Feature","properties":{"GCIdentifi":131441,"GCCalculat":647.67773554270275,"Nom":"AX_720","code":"OISE210","source_doc":null,"date_visit":null},"geometry":{"type":"LineString","coordinates":[[1.945143701664287,49.076665988054735],[1.94776952251047,49.077268945060709],[1.949579941785715,49.077888171915546],[1.950573823469853,49.079761120768978],[1.950746425052488,49.08042421395767]]}},
{"type":"Feature","properties":{"GCIdentifi":131434,"GCCalculat":590.90722570599962,"Nom":"AX_721","code":"OISE210","source_doc":null,"date_visit":"2010-03-04"},"geometry":{"type":"LineString","coordinates":[[1.969064436365151,49.073655236983171],[1.970596562627943,49.075046433627897],[1.974005408977263,49.076736328572451]]}},
{"type":"Feature","properties":{"GCIdentifi":131440,"GCCalculat":252.00565650119722,"Nom":"AX_722","code":"OISE210","source_doc":null,"date_visit":null},"geometry":{"type":"LineString","coordinates":[[1.954216469999988,49.079099621358054],[1.952476866211346,49.079255485318861],[1.951017795712698,49.079821017140503]]}},
{"type":"Feature","properties":{"GCIdentifi":131442,"GCCalculat":740.56579563493972,"Nom":"AX_723","code":"OISE210","source_doc":null,"date_visit":null},"geometry":{"type":"LineString","coordinates":[[1.942317182169267,49.080453890228867],[1.944726353021576,49.08231380096796],[1.947716616315143,49.083350305120717],[1.949562247417117,49.083866345003543],[1.95036061950754,49.084297997264471]]}},
{"type":"Feature","properties":{"GCIdentifi":131644,"GCCalculat":572.84034632575947,"Nom":"AX_724","code":"OISE26","source_doc":null,"date_visit":null},"geometry":{"type":"LineString","coordinates":[[2.141016020323977,49.098599006651057],[2.143258143628625,49.09939442930915],[2.14617252010461,49.100153878921894],[2.148307564862133,49.10037412886571],[2.148307564862133,49.10037412886571]]}},
{"type":"Feature","properties":{"GCIdentifi":131637,"GCCalculat":641.04981778821946,"Nom":"AX_725","code":"OISE26","source_doc":null,"date_visit":"2007-02-13"},"geometry":{"type":"LineString","coordinates":[[2.157262296023559,49.101555142592694],[2.156735965822138,49.100511181136419],[2.156686370954576,49.099100777991247],[2.156745634867613,49.097855594253588],[2.15674829840482,49.097123500704001],[2.157031594260035,49.095860706100922]]}},
{"type":"Feature","properties":{"GCIdentifi":131451,"GCCalculat":602.09992641564452,"Nom":"AX_726","code":"OISE210","source_doc":null,"date_visit":null},"geometry":{"type":"LineString","coordinates":[[1.94127751657378,49.082851056179614],[1.941309231526923,49.085299057364843],[1.941956419508153,49.086890167415696],[1.943112926024392,49.087866565436244],[1.943127232141883,49.087784647602085]]}},
{"type":"Feature","properties":{"GCIdentifi":131484,"GCCalculat":1034.327292463141,"Nom":"AX_727","code":"OISE210","source_doc":null,"date_visit":"2010-04-28"},"geometry":{"type":"LineString","coordinates":[[1.931955732700161,49.12109096124135],[1.932979693536289,49.122448608440756],[1.933871182819992,49.123107093930614],[1.934952163858522,49.123509923638437]]}},
{"type":"Feature","properties":{"GCIdentifi":131491,"GCCalculat":281.17105009845022,"Nom":"AX_728","code":"OISE210","source_doc":null,"date_visit":"2008-04-03"},"geometry":{"type":"LineString","coordinates":[[1.89200438891621,49.104813797891417],[1.891210983243076,49.10593697648217],[1.890567171455885,49.107156187578717],[1.890567171455885,49.107156187578717]]}},
{"type":"Feature","properties":{"GCIdentifi":131495,"GCCalculat":1042.8829959572608,"Nom":"AX_729","code":"OISE210","source_doc":null,"date_visit":null},"geometry":{"type":"LineString","coordinates":[[1.894913685241774,49.115900126219223],[1.896092361465824,49.117235283180364],[1.898649197945027,49.117885130468146],[1.901617854055971,49.118398383458185],[1.904107223708711,49.118759253962416],[1.905874308026739,49.118765907186173],[1.907682247798603,49.118799629218437],[1.907682247798603,49.118799629218437]]}},
{"type":"Feature","properties":{"GCIdentifi":131523,"GCCalculat":250.13450090342297,"Nom":"AX_730","code":"OISE210","source_doc":null,"date_visit":"2008-08-20"},"geometry":{"type":"LineString","coordinates":[[1.84429603370876,49.13202462736529],[1.845786357145605,49.1324189903169],[1.845786357145605,49.1324189903169]]}},
{"type":"Feature","properties":{"GCIdentifi":131534,"GCCalculat":298.21501130743263,"Nom":"AX_731","code":"OISE210","source_doc":null,"date_visit":null},"geometry":{"type":"LineString","coordinates":[[1.901350767635878,49.139405471411813],[1.902769297859221,49.138656278919193],[1.904694625438729,49.137871895200718],[1.904694625438729,49.137871895200718]]}},
{"type":"Feature","properties":{"GCIdentifi":131541,"GCCalculat":372.09992247306377,"Nom":"AX_732","code":"OISE210","source_doc":null,"date_visit":"2007-06-14"},"geometry":{"type":"LineString","coordinates":[[1.879211694544374,49.1456804552273],[1.881041839425586,49.146568073244971],[1.881839561968696,49.147115848457098],[1.882951526886963,49.147933226466129]]}},
{"type":"Feature","properties":{"GCIdentifi":131537,"GCCalculat":480.24645465275319,"Nom":"AX_733","code":"OISE210","source_doc":null,"date_visit":"2007-06-14"},"geometry":{"type":"LineString","coordinates":[[1.874061827822726,49.149650529855222],[1.87491688005949,49.149555157442052],[1.876800270195256,49.149695239906563],[1.878081731774441,49.149766616621548],[1.880571239561574,49.150079720703367]]}},
{"type":"Feature","properties":{"GCIdentifi":131538,"GCCalculat":427.15314373668639,"Nom":"AX_734","code":"OISE210","source_doc":null,"date_visit":"2007-06-14"},"geometry":{"type":"LineString","coordinates":[[1.871449550373502,49.152748126135116],[1.874559235681238,49.153021200361849],[1.877277908614873,49.15300404855855]]}},
{"type":"Feature","properties":{"GCIdentifi":131543,"GCCalculat":341.66410921455031,"Nom":"AX_735","code":"OISE210","source_doc":null,"date_visit":null},"geometry":{"type":"LineString","coordinates":[[1.894850737213705,49.148975680155189],[1.895832937703191,49.147864448496108],[1.896403125074069,49.146116052179366]]}},
{"type":"Feature","properties":{"GCIdentifi":131553,"GCCalculat":302.11821349306155,"Nom":"AX_736","code":"OISE210","source_doc":null,"date_visit":null},"geometry":{"type":"LineString","coordinates":[[1.897903659355948,49.161793927365657],[1.898608760247343,49.162606231689161],[1.900406799159734,49.163942586239706],[1.900406799159734,49.163942586239706]]}},
{"type":"Feature","properties":{"GCIdentifi":131568,"GCCalculat":323.32672512802492,"Nom":"AX_737","code":"OISE210","source_doc":null,"date_visit":null},"geometry":{"type":"LineString","coordinates":[[1.905156707816715,49.177459854035114],[1.906903688104072,49.176873519534404],[1.909051545634741,49.176070809807406],[1.909051545634741,49.176070809807406]]}},
{"type":"Feature","properties":{"GCIdentifi":131573,"GCCalculat":688.45601035794527,"Nom":"AX_738","code":"OISE210","source_doc":null,"date_visit":null},"geometry":{"type":"LineString","coordinates":[[1.880121953649449,49.180546370967676],[1.882924770575488,49.181599514703478],[1.884768534199741,49.182462423062802],[1.886241055368387,49.183655105371912],[1.886917545910344,49.184611091407454],[1.886917545910344,49.184611091407454]]}},
{"type":"Feature","properties":{"GCIdentifi":131577,"GCCalculat":388.73028936226717,"Nom":"AX_739","code":"OISE210","source_doc":null,"date_visit":null},"geometry":{"type":"LineString","coordinates":[[1.856392861852636,49.187491130466817],[1.858922412008909,49.186853789648197],[1.861527837212568,49.187053251400499],[1.861527837212568,49.187053251400499]]}},
{"type":"Feature","properties":{"GCIdentifi":131580,"GCCalculat":477.41638751170007,"Nom":"AX_740","code":"OISE210","source_doc":null,"date_visit":null},"geometry":{"type":"LineString","coordinates":[[1.858984432897897,49.190360822875441],[1.862100741110866,49.190185109193585],[1.864421950479638,49.190023995110643],[1.865503949449311,49.190100302683661],[1.865503949449311,49.190100302683661]]}},
{"type":"Feature","properties":{"GCIdentifi":131591,"GCCalculat":298.04603181624429,"Nom":"AX_741","code":"OISE210","source_doc":null,"date_visit":null},"geometry":{"type":"LineString","coordinates":[[1.846115871688828,49.205423983812977],[1.847102983415845,49.204214345628237],[1.848852040111993,49.203582875140455],[1.848852040111993,49.203582875140455]]}},
{"type":"Feature","properties":{"GCIdentifi":131603,"GCCalculat":815.20493628439067,"Nom":"AX_742","code":"OISE210","source_doc":null,"date_visit":null},"geometry":{"type":"LineString","coordinates":[[1.896197537351417,49.213135758746205],[1.895304488363325,49.211613073956869],[1.893155819264156,49.20944660335568],[1.891823165978123,49.208037855061185],[1.890502141776769,49.206863809813427],[1.890502141776769,49.206863809813427]]}},
{"type":"Feature","properties":{"GCIdentifi":131602,"GCCalculat":1247.3054797297909,"Nom":"AX_743","code":"OISE210","source_doc":null,"date_visit":null},"geometry":{"type":"LineString","coordinates":[[1.889369892026284,49.213604556974971],[1.889892555456706,49.212104174717105],[1.890120373733894,49.209659412989055],[1.89040429605166,49.20707003651497],[1.890388947638776,49.204220104401138],[1.889154098152069,49.202632035672501],[1.889154098152069,49.202632035672501]]}},
{"type":"Feature","properties":{"GCIdentifi":131615,"GCCalculat":266.16322809590605,"Nom":"AX_744","code":"OISE210","source_doc":null,"date_visit":null},"geometry":{"type":"LineString","coordinates":[[1.926166378397323,49.196286756336804],[1.92558153820798,49.197381722810242],[1.924120343252709,49.198159119570789],[1.924120343252709,49.198159119570789]]}},
{"type":"Feature","properties":{"GCIdentifi":131621,"GCCalculat":501.54255382079384,"Nom":"AX_745","code":"OISE210","source_doc":null,"date_visit":null},"geometry":{"type":"LineString","coordinates":[[1.9406980385352,49.199664848735338],[1.940160568994198,49.198314418589383],[1.939996338379389,49.19657787276153],[1.939676551556454,49.195219217848802],[1.939676551556454,49.195219217848802]]}},
{"type":"Feature","properties":{"GCIdentifi":131609,"GCCalculat":675.2671415022171,"Nom":"AX_746","code":"OISE210","source_doc":null,"date_visit":null},"geometry":{"type":"LineString","coordinates":[[1.907384994223346,49.208385649568505],[1.906599328200975,49.20709587837478],[1.907018017983983,49.204868534413379],[1.90834196392672,49.202588411395304],[1.90834196392672,49.202588411395304]]}},
{"type":"Feature","properties":{"GCIdentifi":131613,"GCCalculat":273.64893991396815,"Nom":"AX_747","code":"OISE210","source_doc":null,"date_visit":null},"geometry":{"type":"LineString","coordinates":[[1.916715122355475,49.200730633134192],[1.917807395625745,49.199836321093883],[1.919113301471098,49.199408773687423],[1.919650214248118,49.199338854964026],[1.919650214248118,49.199338854964026]]}},
{"type":"Feature","properties":{"GCIdentifi":131619,"GCCalculat":918.27662074494197,"Nom":"AX_748","code":"OISE210","source_doc":null,"date_visit":null},"geometry":{"type":"LineString","coordinates":[[1.92308883096908,49.216347173028126],[1.921184063125023,49.214361802654174],[1.918561058648584,49.2128060801057],[1.917995873271024,49.211545280375269],[1.917347489963255,49.210194340119905],[1.917354839193307,49.209329758132625],[1.917354839193307,49.209329758132625]]}},
{"type":"Feature","properties":{"GCIdentifi":131388,"GCCalculat":722.80667529077743,"Nom":"AX_749","code":"OISE210","source_doc":null,"date_visit":null},"geometry":{"type":"LineString","coordinates":[[1.976707243650955,49.203470837745876],[1.97136628597023,49.203633648843237],[1.966840318282164,49.203204818065174],[1.966840318282164,49.203204818065174]]}},
{"type":"Feature","properties":{"GCIdentifi":131624,"GCCalculat":102.92579787496203,"Nom":"AX_750","code":"OISE210","source_doc":null,"date_visit":null},"geometry":{"type":"LineString","coordinates":[[1.937409344553398,49.192306463790715],[1.936320073946544,49.192895553433026],[1.936320073946544,49.192895553433026]]}},
{"type":"Feature","properties":{"GCIdentifi":131333,"GCCalculat":277.78532999532865,"Nom":"AX_751","code":"OISE210","source_doc":null,"date_visit":"2009-11-24"},"geometry":{"type":"LineString","coordinates":[[1.964633756620387,49.18006532474714],[1.965709774915259,49.179796570489081],[1.969823559032607,49.179255922270755],[1.970654287542523,49.179230404853627],[1.972398415256271,49.179620834183929],[1.973469847256592,49.180933505701205],[1.973469847256592,49.180933505701205]]}},
{"type":"Feature","properties":{"GCIdentifi":131326,"GCCalculat":381.59387620364271,"Nom":"AX_752","code":"OISE210","source_doc":null,"date_visit":"2009-04-01"},"geometry":{"type":"LineString","coordinates":[[1.994943954434286,49.16065403074095],[1.994272930246624,49.160882202093781],[1.993781426467172,49.161144616650702],[1.993522860297688,49.161640161936759],[1.993475254743809,49.162329462150396],[1.993218702266092,49.162782332289041],[1.992982195564543,49.163060092517341],[1.992567695932205,49.163573131505984]]}},
{"type":"Feature","properties":{"GCIdentifi":131382,"GCCalculat":191.94793736254039,"Nom":"AX_753","code":"OISE210","source_doc":null,"date_visit":null},"geometry":{"type":"LineString","coordinates":[[1.985536567166361,49.206509712641576],[1.984058815102764,49.206100951537529],[1.983375229507335,49.205595811129044],[1.983375229507335,49.205595811129044]]}},
{"type":"Feature","properties":{"GCIdentifi":131385,"GCCalculat":253.00337371936251,"Nom":"AX_754","code":"OISE210","source_doc":null,"date_visit":null},"geometry":{"type":"LineString","coordinates":[[1.968614016076658,49.188265030307505],[1.966806366940625,49.187621427906393],[1.966127200078976,49.186808510545276],[1.966127200078976,49.186808510545276]]}},
{"type":"Feature","properties":{"GCIdentifi":131444,"GCCalculat":273.64496924581334,"Nom":"AX_755","code":"OISE210","source_doc":null,"date_visit":null},"geometry":{"type":"LineString","coordinates":[[1.946270091817096,49.08685104781776],[1.945860142321371,49.088324004509225],[1.946237454015032,49.089255031425431]]}},
{"type":"Feature","properties":{"GCIdentifi":131323,"GCCalculat":274.56964264871175,"Nom":"AX_756","code":"OISE210","source_doc":null,"date_visit":null},"geometry":{"type":"LineString","coordinates":[[1.982895836355183,49.151763612298176],[1.981662275430005,49.151903537786104],[1.980153318836717,49.152015644991472],[1.979166126603137,49.151940704482683],[1.979166126603137,49.151940704482683]]}},
{"type":"Feature","properties":{"GCIdentifi":131452,"GCCalculat":242.83713509249381,"Nom":"AX_757","code":"OISE210","source_doc":null,"date_visit":null},"geometry":{"type":"LineString","coordinates":[[1.939267876730139,49.084039963383695],[1.940082045594338,49.085051139800498],[1.941431663841903,49.085594788328294],[1.941431663841903,49.085594788328294]]}},
{"type":"Feature","properties":{"GCIdentifi":131443,"GCCalculat":283.49162960816705,"Nom":"AX_758","code":"OISE210","source_doc":null,"date_visit":null},"geometry":{"type":"LineString","coordinates":[[1.947153561132591,49.085166354094994],[1.949225022663595,49.084794959885649],[1.950949018629075,49.084917562574205],[1.950949018629075,49.084917562574205]]}},
{"type":"Feature","properties":{"GCIdentifi":131329,"GCCalculat":329.59843970436867,"Nom":"AX_759","code":"OISE210","source_doc":null,"date_visit":"2010-11-25"},"geometry":{"type":"LineString","coordinates":[[1.983407095939028,49.161994939927695],[1.983782894672977,49.162815911077189],[1.98450457680002,49.163697540347989],[1.985070268562665,49.164392250631302],[1.985594807966194,49.164899034083547]]}},
{"type":"Feature","properties":{"GCIdentifi":131330,"GCCalculat":394.11304658997432,"Nom":"AX_760","code":"OISE210","source_doc":null,"date_visit":"2009-11-24"},"geometry":{"type":"LineString","coordinates":[[1.97849768397449,49.167659473420912],[1.978865351462906,49.168239428830169],[1.97939522385922,49.168880828446447],[1.979829847652204,49.169857053933768],[1.979984549018534,49.171000013860628],[1.980855920799785,49.172663024810852],[1.981292610162638,49.173349821056526],[1.981398823448802,49.174034773443921],[1.981626627209548,49.175453008469184],[1.980481712504185,49.17637884073357],[1.979289253071881,49.177456830595766],[1.978725674511556,49.178308205047117],[1.978624595674339,49.17948087067321],[1.978178001004046,49.180210728120173],[1.978241572667107,49.18109443580807],[1.978840882506689,49.18236664491554]]}},
{"type":"Feature","properties":{"GCIdentifi":131796,"GCCalculat":305.65616882154779,"Nom":"AX_761","code":"OISE24","source_doc":null,"date_visit":"2009-01-20"},"geometry":{"type":"LineString","coordinates":[[2.127977743758776,49.146259898853735],[2.126855925745142,49.146820393232588],[2.126126683595794,49.147237889216655],[2.125045169102413,49.147176408252811],[2.125045169102413,49.147176408252811]]}},
{"type":"Feature","properties":{"GCIdentifi":131261,"GCCalculat":559.98274133583845,"Nom":"AX_762","code":"OISE210","source_doc":null,"date_visit":"2008-06-03"},"geometry":{"type":"LineString","coordinates":[[2.025846389212934,49.093256891750627],[2.027261850198431,49.092478072022068],[2.028489956980316,49.091033983785934],[2.029402289030583,49.089489095802229],[2.029596847929767,49.08899331393625]]}},
{"type":"Feature","properties":{"GCIdentifi":131259,"GCCalculat":256.74738336542396,"Nom":"AX_763","code":"OISE210","source_doc":null,"date_visit":"2008-06-03"},"geometry":{"type":"LineString","coordinates":[[2.024230123266047,49.083857341706221],[2.024753682341298,49.083515174357217],[2.026398276400196,49.082957083165994],[2.027200220202224,49.082653819839116]]}},
{"type":"Feature","properties":{"GCIdentifi":131297,"GCCalculat":284.31364429485245,"Nom":"AX_764","code":"OISE210","source_doc":null,"date_visit":"2006-12-08"},"geometry":{"type":"LineString","coordinates":[[1.987815921444998,49.126040030094501],[1.987497137260154,49.126115413321862],[1.986602869989184,49.126279993495906],[1.985875250051835,49.12634402439614],[1.98454902351823,49.126373651255228],[1.983982830090929,49.126352821019964],[1.983982830090929,49.126352821019964]]}},
{"type":"Feature","properties":{"GCIdentifi":131711,"GCCalculat":323.05626547818679,"Nom":"AX_765","code":"OISE24","source_doc":null,"date_visit":"2010-01-17"},"geometry":{"type":"LineString","coordinates":[[2.157301912390983,49.123204749518671],[2.159694158783482,49.123155817938844],[2.16025401573384,49.123185991148944],[2.161189177020809,49.123520891939684],[2.162007031799862,49.123684193628726],[2.16260795599094,49.123648968316019],[2.163293976003594,49.123923017265213],[2.166516025423537,49.123919100600467]]}},
{"type":"Feature","properties":{"GCIdentifi":131696,"GCCalculat":674.25495201137096,"Nom":"AX_766","code":"OISE24","source_doc":null,"date_visit":"2010-01-27"},"geometry":{"type":"LineString","coordinates":[[2.197551190530844,49.171491946830109],[2.200628565393726,49.17356818961396],[2.202299395330229,49.174445762601167],[2.203401813339072,49.175217595619152],[2.205783951723032,49.177034265819913],[2.207169673934629,49.177926879280271],[2.209236961975644,49.178314258069626],[2.211461168308708,49.178609168061207],[2.215487128826954,49.179722790437786],[2.216970096652619,49.18105763322832]]}},
{"type":"Feature","properties":{"GCIdentifi":131289,"GCCalculat":2508.2881509967142,"Nom":"AX_767","code":"OISE210","source_doc":null,"date_visit":null},"geometry":{"type":"LineString","coordinates":[[2.002394634505738,49.116741088020106],[2.000924255955271,49.115621768708237],[1.998681799763052,49.114850495442731],[1.996410905345577,49.114492328834004],[1.9945361390916,49.11424420806658],[1.992414963896311,49.113761745732155],[1.990283865471812,49.112999634896951],[1.985312518659865,49.110916158719796],[1.98380217621084,49.10948209013425],[1.981883909838843,49.107704260411083],[1.98019366624251,49.106341451224665],[1.978725511578362,49.104789550769723],[1.976641064743297,49.103335613045203],[1.976464245205229,49.103190211143932],[1.976464245205229,49.103190211143932]]}},
{"type":"Feature","properties":{"GCIdentifi":131290,"GCCalculat":2279.4608669869235,"Nom":"AX_768","code":"OISE210","source_doc":null,"date_visit":"2006-12-08"},"geometry":{"type":"LineString","coordinates":[[1.999661061895972,49.119997304156783],[1.999058185932916,49.11959803022981],[1.998240370644312,49.119360927084685],[1.997947030499228,49.11922644070016],[1.997428433865256,49.119017189611611],[1.996842497247795,49.118643761439813],[1.996349692735413,49.11841324836147],[1.995579164929552,49.118266114620091],[1.995328389480643,49.118416942584325],[1.993088942077137,49.117944252846677],[1.991661105500543,49.117860241753725],[1.989527788043692,49.117144141014251],[1.986712903324446,49.116299038984984],[1.982831883163867,49.114811667573129],[1.981299115171119,49.112918236225475],[1.979543875768577,49.111060029699296],[1.978354859644037,49.110625135597367],[1.97583976459253,49.110023224277896],[1.974569700923452,49.109452166755162],[1.974569700923452,49.109452166755162]]}},
{"type":"Feature","properties":{"GCIdentifi":131293,"GCCalculat":2915.6321226823225,"Nom":"AX_769","code":"OISE210","source_doc":null,"date_visit":null},"geometry":{"type":"LineString","coordinates":[[1.997371259058991,49.124351822478786],[1.995301320128872,49.124561269752782],[1.994105920918907,49.124981019494861],[1.992913426651901,49.124977463205219],[1.991882443111302,49.12463189278089],[1.99100848819294,49.123609666998995],[1.989147632929075,49.122308243364664],[1.988199130366095,49.121679923493083],[1.985875531312369,49.121001355895409],[1.981626747150097,49.120411114804035],[1.977455259379258,49.119790636828355],[1.971999072880495,49.118945855771898],[1.968560326240235,49.118052275914295],[1.965321660228888,49.116959377953407],[1.962727720097184,49.115907802183592],[1.962046271102082,49.115311549717902],[1.962046271102082,49.115311549717902]]}},
{"type":"Feature","properties":{"GCIdentifi":131296,"GCCalculat":1086.5908947292473,"Nom":"AX_770","code":"OISE210","source_doc":null,"date_visit":null},"geometry":{"type":"LineString","coordinates":[[1.990272074868072,49.130302061127097],[1.989389009044691,49.129346066652346],[1.988227161002739,49.128865320354308],[1.987589209996902,49.128099827684451],[1.985922231223247,49.127195319004159],[1.98521367835557,49.126743978992494],[1.983941385613204,49.126406582856013],[1.9822167845166,49.126158716998276],[1.98033970453713,49.126179859672057],[1.978062102528324,49.126460218437551],[1.978062102528324,49.126460218437551]]}},
{"type":"Feature","properties":{"GCIdentifi":131705,"GCCalculat":516.43410066967078,"Nom":"AX_771","code":"OISE24","source_doc":null,"date_visit":null},"geometry":{"type":"LineString","coordinates":[[2.165414112234443,49.111983359448324],[2.1668619600509,49.113244246478843],[2.168735655188939,49.114055469298115],[2.170759679791916,49.114932014660752],[2.170759679791916,49.114932014660752]]}},
{"type":"Feature","properties":{"GCIdentifi":131343,"GCCalculat":2343.875533485445,"Nom":"AX_772","code":"OISE210","source_doc":null,"date_visit":"2010-11-25"},"geometry":{"type":"LineString","coordinates":[[1.968300489439342,49.138227395729707],[1.966718789717765,49.137134231903843],[1.965278066904587,49.135511510144688],[1.965288408883446,49.134135998531278],[1.965491689095331,49.132589333738565],[1.965788796051742,49.131304590334359],[1.965364237944308,49.129739035905736],[1.964754787061847,49.128640002178301],[1.963106559144345,49.127347830313617],[1.961700587921623,49.126605516702519],[1.959692458216548,49.125715363023019],[1.95703149195035,49.125021443643504],[1.955741972101861,49.124696590494906],[1.954184097903553,49.124277648194955],[1.953318797918761,49.123999912569182]]}},
{"type":"Feature","properties":{"GCIdentifi":131321,"GCCalculat":469.51363669471039,"Nom":"AX_773","code":"OISE210","source_doc":null,"date_visit":"2010-11-25"},"geometry":{"type":"LineString","coordinates":[[1.990425847249065,49.155972644551696],[1.989864179949403,49.156091043065629],[1.989095162672527,49.156248150230603],[1.98796352728244,49.156526627491552],[1.98708818552109,49.156802845058415]]}},
{"type":"Feature","properties":{"GCIdentifi":131331,"GCCalculat":1031.7507456821545,"Nom":"AX_774","code":"OISE210","source_doc":null,"date_visit":"2009-11-24"},"geometry":{"type":"LineString","coordinates":[[1.9738243226102,49.174095500969607],[1.974036280363178,49.175239977568943],[1.973957737819897,49.175932047459881],[1.973558752937093,49.177742843767327],[1.97314536165819,49.178476752580359],[1.973023549448819,49.17989791630886],[1.973700942551962,49.181185753844304],[1.974138848275102,49.181655713374255],[1.974095826316074,49.181836132670696],[1.974131264069218,49.18212349595661],[1.974136147782424,49.18259402791584],[1.974320227559295,49.183100701722751],[1.974667440947889,49.183555913659873]]}},
{"type":"Feature","properties":{"GCIdentifi":131334,"GCCalculat":1458.8080581550864,"Nom":"AX_775","code":"OISE210","source_doc":null,"date_visit":"2009-04-01"},"geometry":{"type":"LineString","coordinates":[[1.96917495132037,49.172977722840258],[1.968267064530826,49.172089980877921],[1.96780426171088,49.171455186479115],[1.967531101912361,49.171114080023834],[1.966861071195025,49.170716681716726],[1.966275609713551,49.170457653218847],[1.965392062096995,49.170444688446885],[1.963327521256109,49.170798444252412],[1.961522582770215,49.170793663886116],[1.959741938156492,49.170968613661302],[1.958502952960933,49.171746072625552],[1.957578067579314,49.171760997794273],[1.956074536042234,49.171530311783307],[1.954653725785168,49.171228025844691],[1.952624850012264,49.170946168810374],[1.950822174129447,49.1702136162938],[1.948915888784037,49.170248737199991],[1.946634750777297,49.170908000133075],[1.945265639854008,49.171442319862471],[1.944608049342633,49.171442321847046],[1.943952614715038,49.171167222646353],[1.943183832502717,49.170717682313509],[1.942249689319357,49.170178865966676]]}},
{"type":"Feature","properties":{"GCIdentifi":131336,"GCCalculat":1724.7047049556893,"Nom":"AX_776","code":"OISE210","source_doc":null,"date_visit":null},"geometry":{"type":"LineString","coordinates":[[1.963721063134186,49.176514040581182],[1.960716001793753,49.176863566455012],[1.95688615707361,49.177111477647109],[1.952794817937005,49.177503218633774],[1.948166431065543,49.178440981145762],[1.944262939095849,49.179309162460775],[1.944262939095849,49.179309162460775]]}},
{"type":"Feature","properties":{"GCIdentifi":131337,"GCCalculat":1231.2026227829733,"Nom":"AX_777","code":"OISE210","source_doc":null,"date_visit":null},"geometry":{"type":"LineString","coordinates":[[1.965553358690846,49.177464333152543],[1.963730472523238,49.17912139072817],[1.962667228052722,49.17997246387651],[1.960933938013033,49.180631540614463],[1.958648618538925,49.181578493716664],[1.955601371930912,49.181801975054988],[1.954625474989065,49.182184995334232],[1.952477183137889,49.183104212824333],[1.951873546243205,49.183192020581849],[1.951873546243205,49.183192020581849]]}},
{"type":"Feature","properties":{"GCIdentifi":131338,"GCCalculat":564.59420335365871,"Nom":"AX_778","code":"OISE210","source_doc":null,"date_visit":null},"geometry":{"type":"LineString","coordinates":[[1.968225181194061,49.181374935994292],[1.966604035988128,49.181703206820337],[1.964684464979278,49.181625150411811],[1.962836366904448,49.181159879217461],[1.96075439115382,49.18082073111821],[1.96075439115382,49.18082073111821]]}},
{"type":"Feature","properties":{"GCIdentifi":131339,"GCCalculat":2076.0909217733474,"Nom":"AX_779","code":"OISE210","source_doc":null,"date_visit":"2009-04-01"},"geometry":{"type":"LineString","coordinates":[[1.97528804092079,49.161632472339051],[1.974564738741494,49.16126637173263],[1.973921634442955,49.160939837759045],[1.973477642063938,49.159851495154953],[1.97241047315702,49.158761149897231],[1.971186853612825,49.15729977504818],[1.97016243503879,49.156228644559505],[1.9686988875249,49.154820358333474],[1.966760359550825,49.153528434108956],[1.964936361413265,49.15249847416964],[1.963417280352572,49.151449261807926],[1.963143234824204,49.151243999979521],[1.962818353473077,49.150966709312655],[1.961176062740415,49.149251196044276],[1.96048207495688,49.148449438918995],[1.959706335336155,49.147592382951089]]}},
{"type":"Feature","properties":{"GCIdentifi":131341,"GCCalculat":690.79526438711218,"Nom":"AX_780","code":"OISE210","source_doc":null,"date_visit":null},"geometry":{"type":"LineString","coordinates":[[1.974816307459155,49.156144590806882],[1.973480076654298,49.155330782958067],[1.971565037172118,49.154543180052215],[1.9688703283832,49.153868707575718],[1.966487659030026,49.15336584751153],[1.966487659030026,49.15336584751153]]}},
{"type":"Feature","properties":{"GCIdentifi":131342,"GCCalculat":1077.3207814326151,"Nom":"AX_781","code":"OISE210","source_doc":null,"date_visit":"2010-04-16"},"geometry":{"type":"LineString","coordinates":[[1.957268541620443,49.139609638583714],[1.957509638783572,49.14030661489069],[1.9576196610548,49.141136807031401],[1.95752665910119,49.141879838026703],[1.956765643633565,49.143136063496726],[1.955948076372896,49.143951943807068],[1.954934078100061,49.144712127418416],[1.954290988409234,49.145092890321301],[1.953896904423306,49.145365559986274],[1.953079277066109,49.145810833025187]]}},
{"type":"Feature","properties":{"GCIdentifi":131346,"GCCalculat":717.13350824527743,"Nom":"AX_782","code":"OISE210","source_doc":null,"date_visit":null},"geometry":{"type":"LineString","coordinates":[[1.961134069249927,49.131694535387055],[1.961924770181239,49.130438616467963],[1.962830801355346,49.129503725850256],[1.964754787061847,49.128640002178301],[1.9634063182581,49.127528466702614]]}},
{"type":"Feature","properties":{"GCIdentifi":131349,"GCCalculat":491.69003289228465,"Nom":"AX_783","code":"OISE210","source_doc":null,"date_visit":null},"geometry":{"type":"LineString","coordinates":[[1.954322030612048,49.13643781044523],[1.953509037662136,49.135130302105587],[1.952612116252517,49.134057205187737],[1.950992487335438,49.132622352570941],[1.950992487335438,49.132622352570941]]}},
{"type":"Feature","properties":{"GCIdentifi":131350,"GCCalculat":927.43525810037329,"Nom":"AX_784","code":"OISE210","source_doc":null,"date_visit":"2009-04-01"},"geometry":{"type":"LineString","coordinates":[[1.950165816125389,49.151676004332693],[1.947599532495793,49.150835278869138],[1.946319327296143,49.150153834375665],[1.944263101085239,49.148691554385124],[1.943721377497309,49.147930640992783],[1.943436625393713,49.147362601112469],[1.943274751940095,49.147055512641145],[1.943070884513424,49.1466483118773],[1.942614863120648,49.145875322229557]]}},
{"type":"Feature","properties":{"GCIdentifi":131351,"GCCalculat":2861.8490883486461,"Nom":"AX_785","code":"OISE210","source_doc":null,"date_visit":null},"geometry":{"type":"LineString","coordinates":[[1.975682446942727,49.165999470982321],[1.974489974683219,49.166558273550812],[1.97395891297582,49.166591405051449],[1.973017122677388,49.166588429245309],[1.97173987145667,49.166331714851154],[1.969994116979022,49.166219489736733],[1.969047028264342,49.166237782914386],[1.966309775644731,49.165904482631589],[1.966015953747209,49.165579017885605],[1.965291905142723,49.165317290993549],[1.963147221594457,49.164750009569062],[1.962271777671025,49.164586602458463],[1.961829105169725,49.163801374270562],[1.961615008891184,49.163134814272603],[1.960650937700411,49.161792058606203],[1.959134016892947,49.161336802527472],[1.957369654616871,49.160547224077881],[1.956320877854232,49.159781312488853],[1.955878773319545,49.158274060516447],[1.955363011188317,49.157663752999078],[1.952894048679854,49.156145247178252],[1.951468567746953,49.155406096775664],[1.950723590372462,49.15522170072785],[1.950129770648145,49.155189378158177],[1.949358922220938,49.155247418440389],[1.947648498652585,49.15526744618294],[1.947015457232235,49.15522040600009],[1.946477849913116,49.155008583922594],[1.945461416017724,49.154298844084344],[1.945067340611138,49.15390784069433],[1.943961151886047,49.153514430083973],[1.943108901079569,49.153261105293502],[1.942900592559135,49.153195274786171],[1.942122716152596,49.152850109474436]]}},
{"type":"Feature","properties":{"GCIdentifi":131356,"GCCalculat":481.47097310818214,"Nom":"AX_786","code":"OISE210","source_doc":null,"date_visit":"2009-04-01"},"geometry":{"type":"LineString","coordinates":[[1.963376513268134,49.159560813004326],[1.962358753650673,49.159660814361793],[1.961317656329114,49.160131249238091],[1.960246858464471,49.160446649672338],[1.957369654616871,49.160547224077881]]}},
{"type":"Feature","properties":{"GCIdentifi":131355,"GCCalculat":862.53772671873912,"Nom":"AX_787","code":"OISE210","source_doc":null,"date_visit":"2009-04-01"},"geometry":{"type":"LineString","coordinates":[[1.96724079019401,49.157271409507779],[1.964432927326955,49.156831148061997],[1.962623928111152,49.156752273654902],[1.95798332618962,49.157105363798479],[1.956446793612195,49.157436039483315],[1.95587402002941,49.15755653053715],[1.955363011188317,49.157663752999078]]}},
{"type":"Feature","properties":{"GCIdentifi":131357,"GCCalculat":647.71510457694626,"Nom":"AX_788","code":"OISE210","source_doc":null,"date_visit":null},"geometry":{"type":"LineString","coordinates":[[1.969021534646458,49.161153304803392],[1.967580092711898,49.161355289250245],[1.966669824350467,49.161955360035684],[1.965831801607075,49.162285026464602],[1.96423942331754,49.162513421879275],[1.963511560066389,49.162537998491494],[1.962099408423065,49.162479509786245],[1.960883414191947,49.162071305529011],[1.960883414191947,49.162071305529011]]}},
{"type":"Feature","properties":{"GCIdentifi":131358,"GCCalculat":381.44633497940777,"Nom":"AX_789","code":"OISE210","source_doc":null,"date_visit":null},"geometry":{"type":"LineString","coordinates":[[1.969726829662379,49.163933582405967],[1.968651276880617,49.163049794011883],[1.967091392394921,49.162594505416237],[1.965324328917236,49.1623732056431],[1.965324328917236,49.1623732056431]]}},
{"type":"Feature","properties":{"GCIdentifi":131359,"GCCalculat":313.81287623423316,"Nom":"AX_790","code":"OISE210","source_doc":null,"date_visit":"2009-04-01"},"geometry":{"type":"LineString","coordinates":[[1.973011207381398,49.164136046728174],[1.972171529105809,49.164690319124198],[1.971176893564919,49.165353036784381],[1.970182586668315,49.165742870873714],[1.969510527269944,49.166080949598395]]}},
{"type":"Feature","properties":{"GCIdentifi":131365,"GCCalculat":428.71656814311132,"Nom":"AX_791","code":"OISE210","source_doc":null,"date_visit":null},"geometry":{"type":"LineString","coordinates":[[2.014016344388176,49.189642309905295],[2.015041206839184,49.188269658094626],[2.015735459083555,49.187147618738749],[2.015713588631977,49.186031413297663],[2.015713588631977,49.186031413297663]]}},
{"type":"Feature","properties":{"GCIdentifi":131361,"GCCalculat":731.85887678241431,"Nom":"AX_792","code":"OISE210","source_doc":null,"date_visit":null},"geometry":{"type":"LineString","coordinates":[[1.989262068894835,49.190235999296576],[1.987413136141142,49.189564518333192],[1.985583437429478,49.188605616636167],[1.983120829407181,49.187527966584938],[1.981827935829879,49.186031675476137],[1.981827935829879,49.186031675476137]]}},
{"type":"Feature","properties":{"GCIdentifi":131362,"GCCalculat":448.21005655496333,"Nom":"AX_793","code":"OISE210","source_doc":null,"date_visit":null},"geometry":{"type":"LineString","coordinates":[[1.989742083434711,49.188240973099155],[1.98749311617217,49.188189246669147],[1.985612362623814,49.188156556625607],[1.983708805063806,49.18771840632899],[1.983708805063806,49.18771840632899]]}},
{"type":"Feature","properties":{"GCIdentifi":131374,"GCCalculat":336.72242416533999,"Nom":"AX_794","code":"OISE210","source_doc":null,"date_visit":null},"geometry":{"type":"LineString","coordinates":[[2.004761225253635,49.190748942100157],[2.00556588956993,49.189555397180165],[2.007206421807334,49.188373232974648],[2.007164812777984,49.188444971498448],[2.007096410021633,49.18842681218316],[2.007096410021633,49.18842681218316]]}},
{"type":"Feature","properties":{"GCIdentifi":131367,"GCCalculat":423.66593212831071,"Nom":"AX_795","code":"OISE210","source_doc":null,"date_visit":null},"geometry":{"type":"LineString","coordinates":[[2.009976361906889,49.188659611701922],[2.01146712914821,49.18730629007495],[2.011806493957936,49.185716132838394],[2.011988087001353,49.185194511536807],[2.011988087001353,49.185194511536807]]}},
{"type":"Feature","properties":{"GCIdentifi":131371,"GCCalculat":646.07165652428114,"Nom":"AX_796","code":"OISE210","source_doc":null,"date_visit":null},"geometry":{"type":"LineString","coordinates":[[2.007367601013602,49.19091924805312],[2.00726712326216,49.189542320598157],[2.007168792398607,49.187852114657396],[2.006534368481445,49.186401791564101],[2.005745267176119,49.18528450242075],[2.005745267176119,49.18528450242075]]}},
{"type":"Feature","properties":{"GCIdentifi":131364,"GCCalculat":594.75519398107838,"Nom":"AX_797","code":"OISE210","source_doc":null,"date_visit":null},"geometry":{"type":"LineString","coordinates":[[2.00352800387977,49.190709427845498],[2.003604515706856,49.189522772592497],[2.002930573130516,49.187597340087187],[2.00298645028985,49.185412390213422],[2.00298645028985,49.185412390213422]]}},
{"type":"Feature","properties":{"GCIdentifi":131375,"GCCalculat":1574.3030184582308,"Nom":"AX_798","code":"OISE210","source_doc":null,"date_visit":null},"geometry":{"type":"LineString","coordinates":[[1.997467964695767,49.194009791113174],[1.995698148118742,49.194004563344798],[1.993777195641618,49.19405273091111],[1.992764900647675,49.193519716289103],[1.991148701217324,49.193109516916813],[1.989844950636582,49.193105569347146],[1.988207948561199,49.19370361081549],[1.986788318489531,49.194571760214004],[1.985195249581823,49.194764516880305],[1.983378701459849,49.195541592305723],[1.977661561538427,49.196665836610322],[1.977661561538427,49.196665836610322]]}},
{"type":"Feature","properties":{"GCIdentifi":131376,"GCCalculat":2217.7512326608871,"Nom":"AX_799","code":"OISE210","source_doc":null,"date_visit":null},"geometry":{"type":"LineString","coordinates":[[1.996643243579209,49.192110822302531],[1.99401021081569,49.192076042972445],[1.991954281227516,49.191592679804245],[1.990255225675168,49.191282150106936],[1.986922181027228,49.191155256533435],[1.984024383317415,49.191740394318472],[1.980990331717021,49.191963489185412],[1.977411295452052,49.191503199880884],[1.974333421753526,49.190225797090044],[1.970053649548262,49.190257138718593],[1.967372862825197,49.190896438738683],[1.967372862825197,49.190896438738683]]}},
{"type":"Feature","properties":{"GCIdentifi":131379,"GCCalculat":282.54930315897172,"Nom":"AX_800","code":"OISE210","source_doc":null,"date_visit":null},"geometry":{"type":"LineString","coordinates":[[1.99505542897667,49.195523013520393],[1.993796751585956,49.195186897935351],[1.993114818172266,49.194447127485283],[1.992791140942292,49.193690468893209],[1.992791140942292,49.193690468893209]]}},
{"type":"Feature","properties":{"GCIdentifi":131380,"GCCalculat":930.83730524657813,"Nom":"AX_801","code":"OISE210","source_doc":null,"date_visit":null},"geometry":{"type":"LineString","coordinates":[[1.992773325163208,49.19821447021377],[1.991795742743992,49.198832508593448],[1.990130761452558,49.199492224990941],[1.988202887830955,49.200242093501195],[1.986897420039098,49.200452590362332],[1.983166944488989,49.200225585452429],[1.981111747314592,49.199841957400601],[1.981111747314592,49.199841957400601]]}},
{"type":"Feature","properties":{"GCIdentifi":131381,"GCCalculat":351.1349343481748,"Nom":"AX_802","code":"OISE210","source_doc":null,"date_visit":null},"geometry":{"type":"LineString","coordinates":[[1.991662690762659,49.202177130631561],[1.990322340547768,49.201245626254497],[1.98921514932475,49.2007931238239],[1.987804566225064,49.200356539083963],[1.987804566225064,49.200356539083963]]}},
{"type":"Feature","properties":{"GCIdentifi":131384,"GCCalculat":588.80930459596937,"Nom":"AX_803","code":"OISE210","source_doc":null,"date_visit":null},"geometry":{"type":"LineString","coordinates":[[1.967484388529799,49.197974290625154],[1.969196597106439,49.196531277297105],[1.969756366554697,49.194985745124015],[1.969770334223859,49.193107214621143],[1.969770334223859,49.193107214621143]]}},
{"type":"Feature","properties":{"GCIdentifi":131383,"GCCalculat":2796.8031931661426,"Nom":"AX_804","code":"OISE210","source_doc":null,"date_visit":null},"geometry":{"type":"LineString","coordinates":[[1.982173617162859,49.206590334755695],[1.982934442128725,49.205881915055819],[1.983197499619398,49.205523390955754],[1.983135402284812,49.204623789062325],[1.982778561931303,49.202769940795029],[1.981382143364496,49.200364930780182],[1.980524226910687,49.199337087513463],[1.978085440701632,49.197044448935252],[1.976528725447445,49.195996419730029],[1.973333622731912,49.195716865472995],[1.971857909287376,49.194857682637725],[1.969552253746184,49.192943707733953],[1.965393567945286,49.189604371847835],[1.962790736456375,49.187185104391126],[1.962790736456375,49.187185104391126]]}},
{"type":"Feature","properties":{"GCIdentifi":131387,"GCCalculat":1009.8408662055256,"Nom":"AX_805","code":"OISE210","source_doc":null,"date_visit":null},"geometry":{"type":"LineString","coordinates":[[1.972434336258592,49.205894012227247],[1.968197370145435,49.20368640514269],[1.963872383814287,49.202063370280911],[1.960624210130357,49.201279116028488],[1.960624210130357,49.201279116028488]]}},
{"type":"Feature","properties":{"GCIdentifi":131389,"GCCalculat":2224.5535250997568,"Nom":"AX_806","code":"OISE210","source_doc":null,"date_visit":null},"geometry":{"type":"LineString","coordinates":[[1.967715667873915,49.207372392502094],[1.963478347506008,49.205218502069926],[1.960968716689204,49.203068998133155],[1.960353225187571,49.200863892186611],[1.960350455500633,49.20122433663667],[1.959738522738264,49.198784560360608],[1.956940119594216,49.196814808841914],[1.95334007607477,49.195732746519418],[1.950095388266116,49.193050529522672],[1.950095388266116,49.193050529522672]]}},
{"type":"Feature","properties":{"GCIdentifi":131390,"GCCalculat":1388.2806665775224,"Nom":"AX_807","code":"OISE210","source_doc":null,"date_visit":null},"geometry":{"type":"LineString","coordinates":[[1.960498340304359,49.192842531869822],[1.957243028198227,49.193075492303265],[1.955987142295615,49.192414468249282],[1.953448636415466,49.192343126547847],[1.949643078357535,49.193050138380215],[1.94610833028177,49.194162165688738],[1.942493225972964,49.194805585572169],[1.942493225972964,49.194805585572169]]}},
{"type":"Feature","properties":{"GCIdentifi":131392,"GCCalculat":836.80479104015456,"Nom":"AX_808","code":"OISE210","source_doc":null,"date_visit":null},"geometry":{"type":"LineString","coordinates":[[1.961581330942675,49.205435782689129],[1.958343343122813,49.203527494539344],[1.954552658822136,49.20221241187631],[1.951839175625183,49.201663258785189],[1.951839175625183,49.201663258785189]]}},
{"type":"Feature","properties":{"GCIdentifi":131393,"GCCalculat":965.21405810102613,"Nom":"AX_809","code":"OISE210","source_doc":null,"date_visit":null},"geometry":{"type":"LineString","coordinates":[[1.962090245359072,49.208828513515208],[1.958039061735186,49.207447579845216],[1.954350959842667,49.205242386687551],[1.952100358254488,49.20332823239162],[1.952100358254488,49.20332823239162]]}},
{"type":"Feature","properties":{"GCIdentifi":131394,"GCCalculat":2247.3889593207041,"Nom":"AX_810","code":"OISE210","source_doc":null,"date_visit":null},"geometry":{"type":"LineString","coordinates":[[1.9592766061597,49.210779848062309],[1.955585514042024,49.208923903932259],[1.952975439108934,49.207367907662331],[1.951453531950223,49.205403395678587],[1.95165309988066,49.202669840415894],[1.95129596459033,49.201004550981061],[1.94996480416027,49.199220326836283],[1.947887470795205,49.198206093839325],[1.946001409877295,49.197065571510464],[1.943578733566729,49.194683550866628],[1.943578733566729,49.194683550866628]]}},
{"type":"Feature","properties":{"GCIdentifi":131707,"GCCalculat":254.0935282886586,"Nom":"AX_811","code":"OISE24","source_doc":null,"date_visit":"2010-01-17"},"geometry":{"type":"LineString","coordinates":[[2.164009009517469,49.116741315665728],[2.165787274862313,49.117195602577858],[2.167303699464625,49.117551967387413],[2.168411316353377,49.117847842936563]]}},
{"type":"Feature","properties":{"GCIdentifi":131420,"GCCalculat":593.30447680167276,"Nom":"AX_812","code":"OISE210","source_doc":null,"date_visit":null},"geometry":{"type":"LineString","coordinates":[[2.014899675291557,49.071237295461778],[2.01464399977766,49.072710919693783],[2.015138404364378,49.074214726150167],[2.016783067032524,49.076260723079088],[2.016783067032524,49.076260723079088]]}},
{"type":"Feature","properties":{"GCIdentifi":131704,"GCCalculat":233.26776615565814,"Nom":"AX_813","code":"OISE24","source_doc":null,"date_visit":"2007-03-06"},"geometry":{"type":"LineString","coordinates":[[2.172144937616428,49.100644352918657],[2.173876999842172,49.101241952910485],[2.17435891131613,49.101343694044985],[2.175090821670612,49.101344724749531]]}},
{"type":"Feature","properties":{"GCIdentifi":131428,"GCCalculat":2131.9285753626777,"Nom":"AX_814","code":"OISE210","source_doc":null,"date_visit":null},"geometry":{"type":"LineString","coordinates":[[1.971915336272515,49.0681586818772],[1.973815545407584,49.0702768641898],[1.976036749882411,49.071759339238049],[1.979482886093733,49.074045104161208],[1.981850904822883,49.076075907141131],[1.988788749727158,49.078256486498965],[1.991998161992935,49.079335184568414],[1.993799278847981,49.080150182452897],[1.993799278847981,49.080150182452897]]}},
{"type":"Feature","properties":{"GCIdentifi":131429,"GCCalculat":1677.3593039753998,"Nom":"AX_815","code":"OISE210","source_doc":null,"date_visit":null},"geometry":{"type":"LineString","coordinates":[[1.975476722526444,49.066065680258681],[1.975975443685501,49.067038553332061],[1.978520188356006,49.068907152919394],[1.981975415542381,49.070150829542122],[1.984275311904842,49.071893905925954],[1.98686520816201,49.07325941680282],[1.987360417543276,49.075014868539832],[1.98669755764706,49.075938103583887],[1.986729792876813,49.077178997255686],[1.986795174817716,49.077602518440393],[1.986795174817716,49.077602518440393]]}},
{"type":"Feature","properties":{"GCIdentifi":131432,"GCCalculat":1758.7832710109678,"Nom":"AX_816","code":"OISE210","source_doc":null,"date_visit":null},"geometry":{"type":"LineString","coordinates":[[1.955293153236098,49.07378365537356],[1.957683304785102,49.073945747197577],[1.960424397191397,49.074040158065472],[1.973481711358369,49.076643689218308],[1.977879106792705,49.078131880203934],[1.979658965997363,49.079169556456385],[1.980138665036477,49.080046713839117],[1.97945555102242,49.081305588014274],[1.978195686462047,49.083821329673775],[1.978450552640496,49.084194993237539],[1.978450552640496,49.084194993237539]]}},
{"type":"Feature","properties":{"GCIdentifi":131436,"GCCalculat":1517.9963407834875,"Nom":"AX_817","code":"OISE210","source_doc":null,"date_visit":"2010-03-04"},"geometry":{"type":"LineString","coordinates":[[1.965930355174516,49.079587278854277],[1.968872325044565,49.080614577974998],[1.970607248309515,49.081283145968577],[1.975080687440419,49.08261126710898],[1.977631567216015,49.083977976380574],[1.978422546590502,49.084285871616324],[1.979144353515128,49.084818748348084],[1.98176550078337,49.086943386538067],[1.984109719959371,49.08811160660602]]}},
{"type":"Feature","properties":{"GCIdentifi":131437,"GCCalculat":1644.1438878046683,"Nom":"AX_818","code":"OISE210","source_doc":null,"date_visit":"2010-03-04"},"geometry":{"type":"LineString","coordinates":[[1.957905280273879,49.0794420857478],[1.959026696483614,49.080203642526072],[1.960666481495123,49.081803948889295],[1.961999830755963,49.082928789332826],[1.965545633304932,49.084820174031712],[1.967455800819524,49.086172554352984],[1.968106158628991,49.087561824241298],[1.969063849389444,49.088110794371509],[1.969783226373399,49.088466849821991],[1.970820130990659,49.089131509802137],[1.972750818496876,49.089796031429309]]}},
{"type":"Feature","properties":{"GCIdentifi":131439,"GCCalculat":1791.0091613576758,"Nom":"AX_819","code":"OISE210","source_doc":null,"date_visit":"2010-03-04"},"geometry":{"type":"LineString","coordinates":[[1.950388973832319,49.076723104419713],[1.951261466528842,49.079042554924975],[1.950593603090347,49.080949206400177],[1.949569862747763,49.082892846458265],[1.951082573918884,49.085187878883367],[1.954442445749415,49.086680355812263],[1.956162540807392,49.087840432605731],[1.95667343041891,49.088926358186526],[1.956924725444776,49.089676028394905],[1.957096037256972,49.090790835001627],[1.95684803646287,49.092283686378387]]}},
{"type":"Feature","properties":{"GCIdentifi":131445,"GCCalculat":922.17000185591542,"Nom":"AX_820","code":"OISE210","source_doc":null,"date_visit":"2010-04-28"},"geometry":{"type":"LineString","coordinates":[[1.943126432228372,49.087885702392839],[1.946865727423706,49.089586165716476],[1.949748459614959,49.091250343596847],[1.951749747300775,49.091860806295962],[1.954975430862122,49.092300370929394],[1.956728331263035,49.092374689869303]]}},
{"type":"Feature","properties":{"GCIdentifi":131447,"GCCalculat":818.16076043936278,"Nom":"AX_821","code":"OISE210","source_doc":null,"date_visit":"2010-04-28"},"geometry":{"type":"LineString","coordinates":[[1.951377358871625,49.095971794336705],[1.953739351688284,49.096337015272034],[1.95528131835436,49.096468604445462],[1.95654652640772,49.096194014874747],[1.958399070891424,49.095048044700967],[1.959294921717659,49.0944944958067],[1.960129804286444,49.09398962595251]]}},
{"type":"Feature","properties":{"GCIdentifi":131448,"GCCalculat":1333.1629497983206,"Nom":"AX_822","code":"OISE210","source_doc":null,"date_visit":"2010-04-28"},"geometry":{"type":"LineString","coordinates":[[1.954401826157563,49.103788392886592],[1.955018181208435,49.102560842257603],[1.955911969555412,49.101605930786363],[1.957293297921915,49.100705919175205],[1.958998050027837,49.100349133921078],[1.960056487259501,49.100155623190254],[1.961297978996214,49.099811675943535],[1.962774949060254,49.099267087128567],[1.964047876989782,49.098636270122888],[1.964800006151789,49.098321861359913],[1.966488311864225,49.0975057629351],[1.967018136130675,49.097104976839553],[1.967361150312099,49.096283424213041]]}},
{"type":"Feature","properties":{"GCIdentifi":131449,"GCCalculat":1058.1780556878919,"Nom":"AX_823","code":"OISE210","source_doc":null,"date_visit":"2010-04-28"},"geometry":{"type":"LineString","coordinates":[[1.943134634534944,49.097173105800593],[1.945152840586965,49.098855539127506],[1.947560783991018,49.100902561819737],[1.948286888846082,49.101947240712235],[1.94839963190371,49.102874422409464],[1.948391926356261,49.104175863452866],[1.948358543230494,49.104899986827952]]}},
{"type":"Feature","properties":{"GCIdentifi":131450,"GCCalculat":1599.7856031198692,"Nom":"AX_824","code":"OISE210","source_doc":null,"date_visit":"2010-04-28"},"geometry":{"type":"LineString","coordinates":[[1.935022850325179,49.098631186620516],[1.937911345641083,49.100019630220572],[1.9404677397168,49.101196336316619],[1.942016170255997,49.102290468837012],[1.94371297889704,49.103447261978616],[1.947022326663147,49.104397174160951],[1.949249050721737,49.10525154937276],[1.950450035788069,49.106895054695912],[1.950594597158975,49.108206136509537],[1.949577564340123,49.108562031320368],[1.948275530863268,49.108620501126097],[1.946686415543413,49.108642066971598],[1.945565738590571,49.108476543381322],[1.944811481805319,49.108473965476179],[1.943906584429394,49.108704424532817],[1.943105621688308,49.109412467631429],[1.943059281274657,49.110077054355997],[1.943267177388177,49.111463412342658],[1.943267177388177,49.111463412342658]]}},
{"type":"Feature","properties":{"GCIdentifi":131454,"GCCalculat":1164.0761829700814,"Nom":"AX_825","code":"OISE210","source_doc":null,"date_visit":"2007-03-13"},"geometry":{"type":"LineString","coordinates":[[1.931427196905992,49.090612840692316],[1.934053408132642,49.091025204512576],[1.936799825273875,49.09095847022062],[1.939486727214483,49.091063264978125],[1.941529854096898,49.091281415021058],[1.943051166789459,49.091113735483653],[1.945193350992755,49.089836481716908],[1.946221555136952,49.089321226404451]]}},
{"type":"Feature","properties":{"GCIdentifi":131457,"GCCalculat":1763.1482297436928,"Nom":"AX_826","code":"OISE210","source_doc":null,"date_visit":"2011-01-24"},"geometry":{"type":"LineString","coordinates":[[1.914347754101514,49.092893032109856],[1.918084333514868,49.094193929090913],[1.920991098884621,49.095637105818831],[1.922460274314238,49.097127994359532],[1.923444525608272,49.098578166726519],[1.923877958157847,49.099899068073569],[1.92523916414032,49.101783003548732],[1.926060318199721,49.105599510802243],[1.926342327557828,49.106472205023785]]}},
{"type":"Feature","properties":{"GCIdentifi":131464,"GCCalculat":756.83286487020996,"Nom":"AX_827","code":"OISE210","source_doc":null,"date_visit":"2010-04-28"},"geometry":{"type":"LineString","coordinates":[[1.939303611917732,49.1035529597807],[1.938915511064384,49.104974064094272],[1.939243555379777,49.105725085632145],[1.94079760411519,49.106825113323829],[1.942380799010047,49.107647040483123],[1.943852431363075,49.108632382610054],[1.943852431363075,49.108632382610054]]}},
{"type":"Feature","properties":{"GCIdentifi":131465,"GCCalculat":681.54300038569841,"Nom":"AX_828","code":"OISE210","source_doc":null,"date_visit":null},"geometry":{"type":"LineString","coordinates":[[1.917902280234354,49.098679681810573],[1.920034468751151,49.099552650596721],[1.921721819410174,49.100175292500843],[1.923681142416656,49.100948118880595],[1.924670623289165,49.101465953268345],[1.925329642948398,49.102243535554784]]}},
{"type":"Feature","properties":{"GCIdentifi":131468,"GCCalculat":476.17871600586398,"Nom":"AX_829","code":"OISE210","source_doc":null,"date_visit":"2010-04-28"},"geometry":{"type":"LineString","coordinates":[[1.921013527632234,49.105373715058121],[1.92223728626314,49.105450356757153],[1.924994867236646,49.106328831683129],[1.926841358859305,49.10652591693875],[1.929007137666307,49.107004944676476]]}},
{"type":"Feature","properties":{"GCIdentifi":131469,"GCCalculat":2561.0047929380148,"Nom":"AX_830","code":"OISE210","source_doc":null,"date_visit":"2011-01-24"},"geometry":{"type":"LineString","coordinates":[[1.905070287159584,49.095677072614819],[1.906243852419085,49.096159701844364],[1.90880065320929,49.09721014786885],[1.910708176092879,49.097977028556272],[1.91187076073808,49.098617832845385],[1.912984423269912,49.099763929568276],[1.913515170383615,49.101689399119635],[1.913747178676069,49.103354382338765],[1.914276868232303,49.105613325257629],[1.915798445203524,49.107084305220809],[1.916000572085181,49.107118291432421],[1.916793145861723,49.107486638740532],[1.918981151314019,49.108097410264321],[1.921185935203715,49.107903757667529],[1.922340213910426,49.107717075331479],[1.923420139070118,49.107496886875566],[1.926859240091083,49.106870871850894],[1.929081810690293,49.10702204687292]]}},
{"type":"Feature","properties":{"GCIdentifi":131474,"GCCalculat":1655.3622291355891,"Nom":"AX_831","code":"OISE210","source_doc":null,"date_visit":"2011-01-24"},"geometry":{"type":"LineString","coordinates":[[1.908506781608543,49.099647358931378],[1.907935910212505,49.101130685964407],[1.907909041942716,49.102118851464404],[1.908471637323596,49.103800740134773],[1.909292713795904,49.10597365375795],[1.909921519759032,49.107117601382242],[1.911947424799861,49.108806082643923],[1.915262683797514,49.108917694517828],[1.917379486848637,49.10934724911067],[1.918381039874508,49.10929059263033],[1.91986554366488,49.108860623745841],[1.921059873579999,49.107951884547361]]}},
{"type":"Feature","properties":{"GCIdentifi":131479,"GCCalculat":816.44308269361989,"Nom":"AX_832","code":"OISE210","source_doc":null,"date_visit":"2011-01-24"},"geometry":{"type":"LineString","coordinates":[[1.899767766584156,49.102499886049138],[1.903053674806611,49.103071268325856],[1.905467171359277,49.103912241018726],[1.909921519759032,49.107117601382242]]}},
{"type":"Feature","properties":{"GCIdentifi":131482,"GCCalculat":1303.0207536127509,"Nom":"AX_833","code":"OISE210","source_doc":null,"date_visit":"2008-04-03"},"geometry":{"type":"LineString","coordinates":[[1.893832526133299,49.103490271229418],[1.895489640630864,49.103880685111463],[1.897331617245992,49.104642332810222],[1.899527830796337,49.105964534003796],[1.901393946942668,49.108274680734908],[1.902154450489027,49.110289768470864],[1.903514846947371,49.111391990873067],[1.904082905956966,49.111567052595525],[1.905042641277421,49.111744715820755]]}},
{"type":"Feature","properties":{"GCIdentifi":131483,"GCCalculat":1802.7313128433939,"Nom":"AX_834","code":"OISE210","source_doc":null,"date_visit":"2010-04-28"},"geometry":{"type":"LineString","coordinates":[[1.917628011546076,49.114477391713393],[1.919812172973882,49.114186950825278],[1.921861210080651,49.114084744929912],[1.925539473859933,49.113876488176267],[1.927925675222726,49.11396667603173],[1.929913304150822,49.114294450701784],[1.932053432101852,49.114864743554513],[1.933889754568335,49.114898252967649],[1.936953406022296,49.114706740686138],[1.938311122175723,49.114284642446691],[1.940149730990163,49.1136279978804],[1.939867148881337,49.113217439638362]]}},
{"type":"Feature","properties":{"GCIdentifi":131485,"GCCalculat":2130.1624694016173,"Nom":"AX_835","code":"OISE210","source_doc":null,"date_visit":"2010-04-28"},"geometry":{"type":"LineString","coordinates":[[1.916562924322722,49.120236998381799],[1.919321101372052,49.121265968794688],[1.920369713051956,49.121614806899387],[1.921847115511837,49.122066505960099],[1.926366332898373,49.123393926155373],[1.928319009206737,49.123793199363256],[1.930170138890941,49.123894539442389],[1.932397311329799,49.123964588305356],[1.935104260699887,49.123481435383212],[1.936908168216152,49.123437720236396],[1.93826443325787,49.123797750505631],[1.939681331041733,49.124158281613873]]}},
{"type":"Feature","properties":{"GCIdentifi":131487,"GCCalculat":1161.0052785100988,"Nom":"AX_836","code":"OISE210","source_doc":null,"date_visit":"2010-04-28"},"geometry":{"type":"LineString","coordinates":[[1.912895444994342,49.117423284005419],[1.912491255854643,49.119449449205],[1.91171402345301,49.121151721721318],[1.911161493798425,49.122488067021145],[1.911147031004711,49.12317640277962],[1.91167430898671,49.123905247633743],[1.912462281523422,49.125227611379174]]}},
{"type":"Feature","properties":{"GCIdentifi":131489,"GCCalculat":1051.027965026811,"Nom":"AX_837","code":"OISE210","source_doc":null,"date_visit":"2008-04-03"},"geometry":{"type":"LineString","coordinates":[[1.887643069075962,49.105025878212416],[1.888377661092987,49.105492485570863],[1.889935869703035,49.106609116806744],[1.892040604895763,49.108393713008233],[1.893684575923255,49.109313006273965],[1.895066373960506,49.110485022748321],[1.895307986136288,49.111011472209974],[1.895580757326858,49.111496466446887],[1.896495264885005,49.112514932446452]]}},
{"type":"Feature","properties":{"GCIdentifi":131490,"GCCalculat":331.41375420668044,"Nom":"AX_838","code":"OISE210","source_doc":null,"date_visit":"2008-04-03"},"geometry":{"type":"LineString","coordinates":[[1.886122775985521,49.106513343892871],[1.887320545577496,49.10663932244303],[1.88897752502084,49.107050037097444],[1.889407798588611,49.107132565253266],[1.890514161815817,49.107157101299549]]}},
{"type":"Feature","properties":{"GCIdentifi":131493,"GCCalculat":313.7113519598031,"Nom":"AX_839","code":"OISE210","source_doc":null,"date_visit":null},"geometry":{"type":"LineString","coordinates":[[1.889808731816387,49.10913512812418],[1.892519623011441,49.1093354289115],[1.89402385791822,49.109628713972434],[1.89402385791822,49.109628713972434]]}},
{"type":"Feature","properties":{"GCIdentifi":131494,"GCCalculat":2627.0530972291263,"Nom":"AX_840","code":"OISE210","source_doc":null,"date_visit":"2010-04-28"},"geometry":{"type":"LineString","coordinates":[[1.883542054199876,49.110232279278655],[1.885385251355257,49.110489973145171],[1.887829684572216,49.110694626176127],[1.888697599041093,49.110989617805501],[1.889115737258451,49.111246837665533],[1.88943760354046,49.11148927451962],[1.889897390791393,49.111761766676977],[1.890711366758114,49.111912761039889],[1.892037084512789,49.112020645934791],[1.892740836389448,49.112106120885194],[1.893998427588589,49.111955513306995],[1.895325384446468,49.112117423746895],[1.89950199741281,49.113531582135792],[1.900250074364795,49.113803235975297],[1.90195037786197,49.114735799907855],[1.904495365587158,49.116175110651355],[1.905326916501305,49.11685016577816],[1.906506006108476,49.118170923520545],[1.907511404317253,49.118716539660973],[1.908895407154686,49.119789599024799],[1.909286300965712,49.120635327951994],[1.909165578541075,49.12095237317169],[1.909078648635638,49.121469370077875],[1.908743856919898,49.122021533490518],[1.908014071941143,49.122825892090425],[1.907100149287747,49.123796989681452]]}},
{"type":"Feature","properties":{"GCIdentifi":131496,"GCCalculat":684.87072315992418,"Nom":"AX_841","code":"OISE210","source_doc":null,"date_visit":null},"geometry":{"type":"LineString","coordinates":[[1.900056142621915,49.121358959004489],[1.902023706130394,49.122051536432089],[1.903894427902657,49.122742461081849],[1.906465249490281,49.123400049682068],[1.906465249490281,49.123400049682068]]}},
{"type":"Feature","properties":{"GCIdentifi":131497,"GCCalculat":3033.4310901323174,"Nom":"AX_842","code":"OISE210","source_doc":null,"date_visit":"2010-11-25"},"geometry":{"type":"LineString","coordinates":[[1.880654253111179,49.11122245538818],[1.881437134693178,49.112394493321972],[1.882261437015497,49.113530752838912],[1.883735466549546,49.114327117300412],[1.885849337168406,49.115307871566344],[1.88883521441551,49.116910720159375],[1.891382057729656,49.118467983467603],[1.893400638581462,49.119617783045108],[1.894531324203009,49.121735428562815],[1.896771942797722,49.124108862293447],[1.898608241484885,49.125306411179814]]}},
{"type":"Feature","properties":{"GCIdentifi":131507,"GCCalculat":1190.0302545243142,"Nom":"AX_843","code":"OISE210","source_doc":null,"date_visit":null},"geometry":{"type":"LineString","coordinates":[[1.867648810729841,49.114550975939665],[1.869018097549311,49.114646404984853],[1.871320053310986,49.115968432721807],[1.873472588629502,49.117371802882239],[1.876312515079627,49.118452235319083],[1.878833656573582,49.119795203073082],[1.880481620823365,49.120852799711741],[1.880481620823365,49.120852799711741]]}},
{"type":"Feature","properties":{"GCIdentifi":131508,"GCCalculat":652.91922310943232,"Nom":"AX_844","code":"OISE210","source_doc":null,"date_visit":"2011-01-18"},"geometry":{"type":"LineString","coordinates":[[1.875672212273382,49.114454127670413],[1.876072625690271,49.115757653488174],[1.876925550747796,49.116904608504029],[1.878211182728125,49.117867984866912],[1.879960806265773,49.119090263657711],[1.880481620823365,49.120852799711741],[1.881197073280474,49.122114405619662],[1.882419388984491,49.123334227225456],[1.884396527772795,49.124339162795088],[1.884396527772795,49.124339162795088]]}},
{"type":"Feature","properties":{"GCIdentifi":131509,"GCCalculat":2864.8738918610138,"Nom":"AX_845","code":"OISE210","source_doc":null,"date_visit":"2011-01-18"},"geometry":{"type":"LineString","coordinates":[[1.864482536114425,49.119266763265266],[1.868436067990886,49.119585401901311],[1.871337307698147,49.120416641371861],[1.87289060746987,49.121275381244864],[1.874033104620728,49.122250881523883],[1.874712270029518,49.122940627242834],[1.875828362743042,49.12340672437945],[1.877467087993252,49.123622697542572],[1.879876408810496,49.123940194971667],[1.884396527772795,49.124339162795088],[1.887214137715205,49.124935285808839]]}},
{"type":"Feature","properties":{"GCIdentifi":131511,"GCCalculat":570.985123771183,"Nom":"AX_846","code":"OISE210","source_doc":null,"date_visit":null},"geometry":{"type":"LineString","coordinates":[[1.879331155222097,49.126855664858915],[1.881427320866215,49.126837073535967],[1.884239489572735,49.126542780994654],[1.886849174833049,49.125743457486081],[1.886849174833049,49.125743457486081]]}},
{"type":"Feature","properties":{"GCIdentifi":131514,"GCCalculat":541.01660078542704,"Nom":"AX_847","code":"OISE210","source_doc":null,"date_visit":"2011-01-18"},"geometry":{"type":"LineString","coordinates":[[1.864222502385143,49.122748246218833],[1.865806809840314,49.122421636841338],[1.869282403632541,49.121965124474542],[1.871590101617667,49.121933201316388],[1.874033104620728,49.122250881523883]]}},
{"type":"Feature","properties":{"GCIdentifi":131516,"GCCalculat":338.81154342972889,"Nom":"AX_848","code":"OISE210","source_doc":null,"date_visit":null},"geometry":{"type":"LineString","coordinates":[[1.856422755522184,49.12277909235695],[1.857552308455415,49.123621502403658],[1.858103083144357,49.124340201379262],[1.859114080125387,49.125242722159328]]}},
{"type":"Feature","properties":{"GCIdentifi":131517,"GCCalculat":2937.5265139433968,"Nom":"AX_849","code":"OISE210","source_doc":null,"date_visit":"2008-08-20"},"geometry":{"type":"LineString","coordinates":[[1.852556560852665,49.12485690159015],[1.852989491324606,49.125003704168321],[1.856099422007597,49.125062807680315],[1.859466401656618,49.125258804232196],[1.860484639021053,49.1252327193382],[1.863380192173813,49.125884756865013],[1.864487883907799,49.1265293670535],[1.864852184004479,49.127261872609225],[1.866256570352322,49.128377064141397],[1.870502548288336,49.130102326520507],[1.874068464552868,49.131204855404029],[1.879252358434818,49.132412544815388],[1.880542285660177,49.133559664189328],[1.881638595571679,49.135111368520008],[1.882834113172142,49.136302989935523],[1.883578571068202,49.13742097066325],[1.883578571068202,49.13742097066325]]}},
{"type":"Feature","properties":{"GCIdentifi":131519,"GCCalculat":1262.1188916920623,"Nom":"AX_850","code":"OISE210","source_doc":null,"date_visit":"2008-08-20"},"geometry":{"type":"LineString","coordinates":[[1.850554228039403,49.127499696881586],[1.850932126467081,49.127700057595085],[1.851437100636238,49.12785265159058],[1.853200376551921,49.128806701324052],[1.854642370485304,49.129029488567816],[1.859105138222988,49.12864955184429],[1.861965247966076,49.128910714362888],[1.863155204391803,49.128832540199127],[1.864844222804172,49.128452109804343],[1.866940139422959,49.128648231955395],[1.866940139422959,49.128648231955395]]}},
{"type":"Feature","properties":{"GCIdentifi":131520,"GCCalculat":1193.1793505517753,"Nom":"AX_851","code":"OISE210","source_doc":null,"date_visit":"2008-08-20"},"geometry":{"type":"LineString","coordinates":[[1.847885220649555,49.129556718327962],[1.848743385494284,49.12981190280388],[1.849767228803804,49.130098104286319],[1.851697175418509,49.13063965690209],[1.85381760879521,49.131307754181833],[1.855027346826776,49.132190938868838],[1.85538525419279,49.133043593532967],[1.856394342078742,49.134156122452723],[1.857532012465254,49.135070424397604],[1.859342972982179,49.13573709885366],[1.860130042766664,49.135929032296239]]}},
{"type":"Feature","properties":{"GCIdentifi":131522,"GCCalculat":3875.6526815290558,"Nom":"AX_852","code":"OISE210","source_doc":null,"date_visit":"2008-08-20"},"geometry":{"type":"LineString","coordinates":[[1.845130122176594,49.131541960505309],[1.845786434115694,49.132409999227995],[1.847733246658289,49.133677082396368],[1.849773113978884,49.135231994303929],[1.851575630929261,49.135878555134127],[1.85466791601434,49.136412619032313],[1.856312105860032,49.136630625939539],[1.857661746313666,49.136692423831221],[1.858572311001707,49.136503092601437],[1.85944753946158,49.136071037409295],[1.860213995757861,49.135917023239188],[1.862322361615533,49.135737115010656],[1.865413223080622,49.136072134548648],[1.866395503199241,49.136076176936051],[1.868854198274926,49.135763957413616],[1.871306633966409,49.135934522396639],[1.874001552115232,49.136525962149591],[1.875423439208283,49.13691796378847],[1.882046647210218,49.137073542193463],[1.885574380915915,49.137941990145933],[1.888679582877981,49.13861891865448],[1.89009036823135,49.138742329852441],[1.89009036823135,49.138742329852441]]}},
{"type":"Feature","properties":{"GCIdentifi":131526,"GCCalculat":440.33965200906846,"Nom":"AX_853","code":"OISE210","source_doc":null,"date_visit":null},"geometry":{"type":"LineString","coordinates":[[1.863021634009727,49.132949635982001],[1.864112722201782,49.133376332736617],[1.865655670285249,49.133976684991687],[1.868501308178447,49.134536329875303],[1.868501308178447,49.134536329875303]]}},
{"type":"Feature","properties":{"GCIdentifi":131527,"GCCalculat":483.04000013028917,"Nom":"AX_854","code":"OISE210","source_doc":null,"date_visit":null},"geometry":{"type":"LineString","coordinates":[[1.867156869298575,49.131770755123746],[1.867825539353948,49.133436492499953],[1.86878921162827,49.134492585292143],[1.869612235725966,49.135773796204909],[1.869612235725966,49.135773796204909]]}},
{"type":"Feature","properties":{"GCIdentifi":131528,"GCCalculat":264.23632715624194,"Nom":"AX_855","code":"OISE210","source_doc":null,"date_visit":null},"geometry":{"type":"LineString","coordinates":[[1.865359543606701,49.137752888765441],[1.866201456630398,49.137045557391403],[1.867692285065711,49.135936623407417],[1.867692285065711,49.135936623407417]]}},
{"type":"Feature","properties":{"GCIdentifi":131529,"GCCalculat":1056.9428479715111,"Nom":"AX_856","code":"OISE210","source_doc":null,"date_visit":"2011-01-24"},"geometry":{"type":"LineString","coordinates":[[1.888090804117659,49.135605031472863],[1.890636650171267,49.137376797577545],[1.892614515008882,49.138382708404237],[1.892614515008882,49.138382708404237]]}},
{"type":"Feature","properties":{"GCIdentifi":131531,"GCCalculat":525.08170182600361,"Nom":"AX_857","code":"OISE210","source_doc":null,"date_visit":null},"geometry":{"type":"LineString","coordinates":[[1.892204784622791,49.134086201401274],[1.894602021285676,49.134841388069319],[1.89588598804491,49.135410375152055],[1.897727375518425,49.136738284099472],[1.897727375518425,49.136738284099472]]}},
{"type":"Feature","properties":{"GCIdentifi":131533,"GCCalculat":1800.6547225007932,"Nom":"AX_858","code":"OISE210","source_doc":null,"date_visit":null},"geometry":{"type":"LineString","coordinates":[[1.890515103370076,49.138708049741467],[1.892613457621036,49.138499491829833],[1.8957356799977,49.137279730355743],[1.89812523012917,49.136838615572884],[1.899713187635987,49.137051304564757],[1.902668708078639,49.137638555134892],[1.906198719884399,49.138290767911194],[1.908822968799473,49.139200019489422],[1.912866439123996,49.140407427121517],[1.91310709195843,49.140545419641938],[1.913232909554797,49.140642415827017],[1.913364462641396,49.140755441805808],[1.913579667045759,49.140945121264693]]}},
{"type":"Feature","properties":{"GCIdentifi":131535,"GCCalculat":1284.2838766459506,"Nom":"AX_859","code":"OISE210","source_doc":null,"date_visit":null},"geometry":{"type":"LineString","coordinates":[[1.907233905251908,49.132799248446446],[1.910867560789526,49.134099629222],[1.913455447061013,49.13584517742558],[1.914573448439854,49.136585904288616],[1.916048045770949,49.137257188838582],[1.918184740857187,49.137552460582185],[1.917636025693274,49.137478605357941],[1.917636025693274,49.137478605357941]]}},
{"type":"Feature","properties":{"GCIdentifi":131536,"GCCalculat":2477.751206240735,"Nom":"AX_860","code":"OISE210","source_doc":null,"date_visit":"2007-06-14"},"geometry":{"type":"LineString","coordinates":[[1.853937076308943,49.142554013156591],[1.855185552966338,49.142300981575168],[1.856960331390625,49.142135507942754],[1.860377403900388,49.142758363891204],[1.863316335028578,49.14345437591696],[1.865810466447773,49.143593773390123],[1.868232774395689,49.142830028289701],[1.870369085044758,49.142616386990532],[1.873092360607049,49.142231051109682],[1.87495982554307,49.142028613167625],[1.879674393497981,49.1426594717679],[1.881968853819933,49.14292685704438],[1.884751460947431,49.142781788038818],[1.886980004813466,49.142771460347198]]}},
{"type":"Feature","properties":{"GCIdentifi":131539,"GCCalculat":2241.5622011784667,"Nom":"AX_861","code":"OISE210","source_doc":null,"date_visit":"2007-06-14"},"geometry":{"type":"LineString","coordinates":[[1.874745759967365,49.15595831824038],[1.876494818851856,49.154186688979216],[1.877592576784097,49.15248430167361],[1.878929116132596,49.151056832769882],[1.881480086038815,49.14953312628073],[1.882773491843671,49.148121162513142],[1.884042866786753,49.146707971633298],[1.885896868892011,49.145367805346673],[1.886147937943161,49.144673725943584],[1.886514013517263,49.143196313123696],[1.888241909125329,49.141585019874505],[1.888761681715196,49.140889728283099],[1.889154496195508,49.139466320059064],[1.889293411048725,49.139057005492525],[1.889322093351325,49.138914518024528],[1.889378614742849,49.138719353325008]]}},
{"type":"Feature","properties":{"GCIdentifi":131540,"GCCalculat":530.94526132161297,"Nom":"AX_862","code":"OISE210","source_doc":null,"date_visit":"2007-06-14"},"geometry":{"type":"LineString","coordinates":[[1.882135058870396,49.155184967230241],[1.881596764586686,49.153221161904739],[1.87961587634966,49.151205546091454],[1.879217893884279,49.150927722990119]]}},
{"type":"Feature","properties":{"GCIdentifi":131542,"GCCalculat":2305.448166291043,"Nom":"AX_863","code":"OISE210","source_doc":null,"date_visit":"2007-06-14"},"geometry":{"type":"LineString","coordinates":[[1.888897609368436,49.150251765739299],[1.890097095975805,49.149551290846809],[1.8917313267104,49.148087787301364],[1.893024547258887,49.147038389624456],[1.893658904505179,49.146735414030957],[1.895690405897639,49.146381682392587],[1.896933935329557,49.145900236743685],[1.898782767383783,49.144521684345321],[1.901621656703762,49.142850400804555],[1.904915785476113,49.142332828655981],[1.907192841653229,49.142250419408775],[1.908782027207014,49.142347319501525],[1.911826029373958,49.142241859017645],[1.914065826972322,49.141512385648454],[1.91454410152514,49.141117606520496]]}},
{"type":"Feature","properties":{"GCIdentifi":131544,"GCCalculat":313.92009367769629,"Nom":"AX_864","code":"OISE210","source_doc":null,"date_visit":null},"geometry":{"type":"LineString","coordinates":[[1.895010605704022,49.143347275938154],[1.896331370281022,49.144179909560236],[1.897742362917517,49.144302106768286],[1.898784054891419,49.144377955866403],[1.898784054891419,49.144377955866403]]}},
{"type":"Feature","properties":{"GCIdentifi":131545,"GCCalculat":976.73128293960769,"Nom":"AX_865","code":"OISE210","source_doc":null,"date_visit":null},"geometry":{"type":"LineString","coordinates":[[1.90852092771722,49.150160506556148],[1.909679517961599,49.149401265616525],[1.911683556724499,49.14746610776654],[1.911583817171498,49.146323777239985],[1.91125342354171,49.143345779713982],[1.910357449460569,49.142254377426113],[1.910357449460569,49.142254377426113]]}},
{"type":"Feature","properties":{"GCIdentifi":131546,"GCCalculat":433.44442392732566,"Nom":"AX_866","code":"OISE210","source_doc":null,"date_visit":"2009-04-01"},"geometry":{"type":"LineString","coordinates":[[1.915133593725696,49.145148838814301],[1.916855771988973,49.14531798029585],[1.918023720118631,49.145650132830767],[1.919012989322428,49.146061341661344],[1.919688803378205,49.146501730024816],[1.920342667835984,49.146906103953519],[1.920773501510284,49.147172665730324]]}},
{"type":"Feature","properties":{"GCIdentifi":131547,"GCCalculat":400.42764254980614,"Nom":"AX_867","code":"OISE210","source_doc":null,"date_visit":"2009-04-01"},"geometry":{"type":"LineString","coordinates":[[1.914756824442305,49.147779501636627],[1.916866369284143,49.147495307760394],[1.918174931581921,49.147400130539545],[1.919072476776034,49.14752918505939],[1.919697858113619,49.147456204404435],[1.920497939256218,49.147371533907382]]}},
{"type":"Feature","properties":{"GCIdentifi":131548,"GCCalculat":1318.3388907274036,"Nom":"AX_868","code":"OISE210","source_doc":null,"date_visit":"2009-04-01"},"geometry":{"type":"LineString","coordinates":[[1.893182542256328,49.156326407515643],[1.894237281028554,49.155738720510065],[1.895342303141483,49.155457764476743],[1.898585839600179,49.154958161687915],[1.900812850963042,49.154793731987084],[1.901496116313939,49.154770494688343],[1.903379296517498,49.154768629522962],[1.904899649613818,49.154756403410559],[1.906768505740543,49.154825172208071]]}},
{"type":"Feature","properties":{"GCIdentifi":131549,"GCCalculat":3118.1638451980634,"Nom":"AX_869","code":"OISE210","source_doc":null,"date_visit":"2009-04-01"},"geometry":{"type":"LineString","coordinates":[[1.888293198210496,49.159889412705027],[1.88991504557435,49.159083893425453],[1.891834001791105,49.158547874748606],[1.894321010244124,49.158430590970283],[1.895394767681817,49.158594175756711],[1.896942307840684,49.158616978837514],[1.897831866412053,49.158505844726591],[1.898478860463855,49.158332034989186],[1.899300672124754,49.158140902120991],[1.901833733448367,49.157648596872946],[1.903420663834975,49.157080817086644],[1.904834067727389,49.155991323478787],[1.905714799218196,49.155315284525926],[1.906768505740543,49.154825172208071],[1.908325008850596,49.154591814765197],[1.909720225799763,49.154597014401737],[1.910820989886684,49.154397854140811],[1.912025468246605,49.153889161809289],[1.913673351151468,49.152573621096892],[1.914594452362755,49.15175841294591],[1.915356408688328,49.151334532218009],[1.917563811454805,49.150832820915987],[1.918742831783067,49.150682145180625],[1.919256557615275,49.150458337516298],[1.919857970300804,49.149379165856736],[1.920150875348152,49.148136076013209],[1.920312056805554,49.147695379527207],[1.920497939256218,49.147371533907382],[1.920773501510284,49.147172665730324],[1.921968743662335,49.146913117254407],[1.923360450563716,49.146694679635743],[1.925359076154277,49.146359379005027],[1.92684664669157,49.146136757797052],[1.927851561785316,49.145912391346691],[1.928275337273339,49.145791515374285],[1.928511239341711,49.145621660825377],[1.929090436922595,49.145540622512172],[1.929432583483917,49.145559824220584]]}},
{"type":"Feature","properties":{"GCIdentifi":131552,"GCCalculat":2179.6458758232011,"Nom":"AX_870","code":"OISE210","source_doc":null,"date_visit":"2009-04-01"},"geometry":{"type":"LineString","coordinates":[[1.89292907652829,49.163006591921906],[1.894952716181179,49.163608413994901],[1.900625524083504,49.163989441961668],[1.905039511566134,49.164221712849546],[1.908399547024409,49.164162443066942],[1.91172931999502,49.16443421241285],[1.913613660824085,49.164539983770908],[1.914755221661387,49.164603687597534],[1.916155987313152,49.164388750038292],[1.917289210625849,49.164022330781833],[1.917548695253239,49.163511262156085],[1.91872770143683,49.162589165436728],[1.919513741159652,49.161762220830703],[1.919515540940329,49.161551126790783]]}},
{"type":"Feature","properties":{"GCIdentifi":131554,"GCCalculat":1334.210690741204,"Nom":"AX_871","code":"OISE210","source_doc":null,"date_visit":"2009-04-01"},"geometry":{"type":"LineString","coordinates":[[1.906992759636831,49.158373200254474],[1.908414027640542,49.15854244863587],[1.910109660781502,49.158860932334576],[1.912284017845874,49.159460754513077],[1.917799312415486,49.161015988458765],[1.918643226023996,49.161442402072602],[1.919513741159652,49.161762220830703]]}},
{"type":"Feature","properties":{"GCIdentifi":131555,"GCCalculat":711.833468992544,"Nom":"AX_872","code":"OISE210","source_doc":null,"date_visit":"2010-04-16"},"geometry":{"type":"LineString","coordinates":[[1.926180327963355,49.142039019098718],[1.928437040262776,49.141089585931724],[1.929835731730531,49.140784798496867],[1.930671123279168,49.140575760039361],[1.931705704509904,49.140371469377904],[1.932835178947919,49.140168011365873],[1.933557443367764,49.139987613071511],[1.933925976264098,49.139866344380124],[1.934394038373068,49.13975066751388],[1.934394038373068,49.13975066751388]]}},
{"type":"Feature","properties":{"GCIdentifi":131556,"GCCalculat":511.84342362244593,"Nom":"AX_873","code":"OISE210","source_doc":null,"date_visit":"2009-04-01"},"geometry":{"type":"LineString","coordinates":[[1.919515540940329,49.161551126790783],[1.920246389193955,49.161174252147013],[1.923378171232115,49.160947507817703],[1.927039029858877,49.160919083214452],[1.92736835434296,49.160850643639357],[1.928090200850577,49.160725195134106],[1.928712672331186,49.160608389031474],[1.929434230049497,49.1605211165828],[1.930387931650288,49.160517769548854],[1.931703770400989,49.160410118231248],[1.933684615362849,49.159792775151317]]}},
{"type":"Feature","properties":{"GCIdentifi":131558,"GCCalculat":543.91612278855939,"Nom":"AX_874","code":"OISE210","source_doc":null,"date_visit":null},"geometry":{"type":"LineString","coordinates":[[1.921508238579163,49.169326458560626],[1.923307854339277,49.170574848037937],[1.924735729574728,49.172055462815585],[1.92527228073663,49.173432915275264],[1.92527228073663,49.173432915275264]]}},
{"type":"Feature","properties":{"GCIdentifi":131559,"GCCalculat":445.93287086549572,"Nom":"AX_875","code":"OISE210","source_doc":null,"date_visit":null},"geometry":{"type":"LineString","coordinates":[[1.94460223413491,49.164192974253083],[1.941524363892243,49.16494710949474],[1.939248166927342,49.165011120513761],[1.938698758901918,49.164982263058484],[1.938698758901918,49.164982263058484]]}},
{"type":"Feature","properties":{"GCIdentifi":131560,"GCCalculat":1147.8494980566466,"Nom":"AX_876","code":"OISE210","source_doc":null,"date_visit":null},"geometry":{"type":"LineString","coordinates":[[1.891202739068839,49.165895830925841],[1.892681975663027,49.167636430384228],[1.894688977603052,49.168588522304475],[1.897178180696471,49.169434644775301],[1.899485864711532,49.170486622016718],[1.900602918443104,49.171399273909671],[1.901780000958238,49.173084704015707],[1.901780000958238,49.173084704015707]]}},
{"type":"Feature","properties":{"GCIdentifi":131561,"GCCalculat":886.3545838434693,"Nom":"AX_877","code":"OISE210","source_doc":null,"date_visit":null},"geometry":{"type":"LineString","coordinates":[[1.900156600119547,49.167449525741326],[1.901708257922167,49.168787153435986],[1.903709569488121,49.170412792405862],[1.905394773251563,49.17236172847651],[1.905663734186473,49.174314309897056],[1.905663734186473,49.174314309897056]]}},
{"type":"Feature","properties":{"GCIdentifi":131562,"GCCalculat":936.22813641168273,"Nom":"AX_878","code":"OISE210","source_doc":null,"date_visit":null},"geometry":{"type":"LineString","coordinates":[[1.88545419996938,49.169100547470933],[1.889026278817987,49.169871366703639],[1.892776889204724,49.170794344168392],[1.895438160495734,49.172135241971546],[1.896955948245972,49.172662076822903],[1.896955948245972,49.172662076822903]]}},
{"type":"Feature","properties":{"GCIdentifi":131567,"GCCalculat":305.20505537523337,"Nom":"AX_879","code":"OISE210","source_doc":null,"date_visit":null},"geometry":{"type":"LineString","coordinates":[[1.909275133686882,49.178733996498153],[1.910545576691728,49.177794376344345],[1.912431593079624,49.176964817903936],[1.912431593079624,49.176964817903936]]}},
{"type":"Feature","properties":{"GCIdentifi":131571,"GCCalculat":889.22812493049673,"Nom":"AX_880","code":"OISE210","source_doc":null,"date_visit":null},"geometry":{"type":"LineString","coordinates":[[1.886746382959007,49.180833033705127],[1.887444372964587,49.182437015654145],[1.887022155584789,49.185160598637204],[1.88608368271698,49.188698504115301],[1.88608368271698,49.188698504115301]]}},
{"type":"Feature","properties":{"GCIdentifi":131566,"GCCalculat":3271.2178882187081,"Nom":"AX_881","code":"OISE210","source_doc":null,"date_visit":null},"geometry":{"type":"LineString","coordinates":[[1.885161100194636,49.172688125686676],[1.88905702674419,49.174035155475408],[1.892368715111144,49.174856496871747],[1.894506727140617,49.174981529882807],[1.896395838540583,49.174017502519384],[1.897267845386076,49.17302260148788],[1.898503483746855,49.172928522021635],[1.9020806181972,49.17317568646471],[1.903999845326941,49.173443434597118],[1.905650587503535,49.174449015794544],[1.908175307455461,49.175798047249337],[1.911528239413668,49.1768536702521],[1.91529555856279,49.177334690274932],[1.919496051951303,49.176828996318719],[1.921809707286281,49.175839153189635],[1.924580815053201,49.174204096802832],[1.924580815053201,49.174204096802832]]}},
{"type":"Feature","properties":{"GCIdentifi":131569,"GCCalculat":291.33991308550594,"Nom":"AX_882","code":"OISE210","source_doc":null,"date_visit":null},"geometry":{"type":"LineString","coordinates":[[1.920488400172712,49.173092288693418],[1.921773718254727,49.173599990715786],[1.923175283597433,49.174953614953907],[1.923175283597433,49.174953614953907]]}},
{"type":"Feature","properties":{"GCIdentifi":131570,"GCCalculat":741.72030223639922,"Nom":"AX_883","code":"OISE210","source_doc":null,"date_visit":null},"geometry":{"type":"LineString","coordinates":[[1.887680820741191,49.179037834802948],[1.889922400872364,49.178525581482724],[1.891781140428339,49.177723192256899],[1.893628659431812,49.176642253934055],[1.895057760970961,49.174839928728204],[1.895057760970961,49.174839928728204]]}},
{"type":"Feature","properties":{"GCIdentifi":131572,"GCCalculat":2197.7902413497727,"Nom":"AX_884","code":"OISE210","source_doc":null,"date_visit":null},"geometry":{"type":"LineString","coordinates":[[1.877065813216074,49.181873773998305],[1.87807231371708,49.182687400835114],[1.879539865232272,49.184212510594186],[1.87996193035563,49.185995094736938],[1.881938616460126,49.187315593809252],[1.884275668916546,49.18839495060319],[1.885793808992351,49.188923059316153],[1.886800976277178,49.18988034512634],[1.886795104195946,49.192029528706904],[1.886783388583427,49.193315173824757],[1.887320415076699,49.194549071108476],[1.888721967220687,49.1958683286704],[1.890305272312407,49.196799761959582],[1.892096214487543,49.197518625235077],[1.892096214487543,49.197518625235077]]}},
{"type":"Feature","properties":{"GCIdentifi":131574,"GCCalculat":642.01755558638206,"Nom":"AX_885","code":"OISE210","source_doc":null,"date_visit":null},"geometry":{"type":"LineString","coordinates":[[1.871250067558465,49.183189925821573],[1.873854532710007,49.183291414255031],[1.877323656492999,49.183619766295124],[1.879563696795962,49.184600005805024],[1.879563696795962,49.184600005805024]]}},
{"type":"Feature","properties":{"GCIdentifi":131575,"GCCalculat":1417.4685413907364,"Nom":"AX_886","code":"OISE210","source_doc":null,"date_visit":null},"geometry":{"type":"LineString","coordinates":[[1.866531656546489,49.185985769111483],[1.867648722943386,49.186871812866464],[1.869630562132859,49.187616518792218],[1.8720809578769,49.188275486529108],[1.875699119707431,49.188640413982668],[1.878347041205844,49.188704920874855],[1.881953978674317,49.18880909626062],[1.884780599059531,49.188630494836872],[1.884780599059531,49.188630494836872]]}},
{"type":"Feature","properties":{"GCIdentifi":131576,"GCCalculat":688.01595468658206,"Nom":"AX_887","code":"OISE210","source_doc":null,"date_visit":null},"geometry":{"type":"LineString","coordinates":[[1.85731393786253,49.184374476674805],[1.860587631497808,49.186311614339772],[1.86209995027555,49.187416061717236],[1.86407673161491,49.1886829718337],[1.86407673161491,49.1886829718337]]}},
{"type":"Feature","properties":{"GCIdentifi":131578,"GCCalculat":2424.743839122666,"Nom":"AX_888","code":"OISE210","source_doc":null,"date_visit":null},"geometry":{"type":"LineString","coordinates":[[1.86212139054782,49.18518497897751],[1.863127847431936,49.186161552933001],[1.863952171888216,49.187377672292023],[1.864228081180232,49.188800386585001],[1.864757067036875,49.189377470584162],[1.86552016558324,49.190019515918713],[1.866770125785853,49.191166635630694],[1.869371025749953,49.191870066740456],[1.873121600502492,49.192756624992299],[1.875833381036484,49.19334360645334],[1.880165038169393,49.193856086268589],[1.885780822883615,49.194849597184145],[1.888407869552005,49.195741343707709],[1.888407869552005,49.195741343707709]]}},
{"type":"Feature","properties":{"GCIdentifi":131581,"GCCalculat":638.08733093249998,"Nom":"AX_889","code":"OISE210","source_doc":null,"date_visit":null},"geometry":{"type":"LineString","coordinates":[[1.862293578525942,49.192938088115],[1.865904643034763,49.192818214589813],[1.868048132007639,49.192439593867519],[1.870656549905802,49.192171741925101],[1.870658768604565,49.19211785118712],[1.870573737547758,49.192234281960239],[1.870573737547758,49.192234281960239]]}},
{"type":"Feature","properties":{"GCIdentifi":131582,"GCCalculat":340.41784487003417,"Nom":"AX_890","code":"OISE210","source_doc":null,"date_visit":null},"geometry":{"type":"LineString","coordinates":[[1.876789213974682,49.190973646395634],[1.877575098025503,49.191948087534392],[1.878862483882014,49.193716152544845],[1.878862483882014,49.193716152544845]]}},
{"type":"Feature","properties":{"GCIdentifi":131588,"GCCalculat":359.27874649643161,"Nom":"AX_891","code":"OISE210","source_doc":null,"date_visit":null},"geometry":{"type":"LineString","coordinates":[[1.843220378759171,49.194385946125749],[1.844955407958264,49.195131119532235],[1.847667017903385,49.195717627825516],[1.847667017903385,49.195717627825516]]}},
{"type":"Feature","properties":{"GCIdentifi":131584,"GCCalculat":1265.4927675215765,"Nom":"AX_892","code":"OISE210","source_doc":null,"date_visit":null},"geometry":{"type":"LineString","coordinates":[[1.85211654483168,49.191195524162659],[1.851770534102657,49.192759380322293],[1.852923759652337,49.194139772329642],[1.854714082513414,49.195028768008299],[1.858183637440401,49.196445766644104],[1.8613598367458,49.197386466061168],[1.864061048535119,49.197657019349244],[1.864061048535119,49.197657019349244]]}},
{"type":"Feature","properties":{"GCIdentifi":131585,"GCCalculat":1732.1993737930109,"Nom":"AX_893","code":"OISE210","source_doc":null,"date_visit":null},"geometry":{"type":"LineString","coordinates":[[1.854054060322677,49.190862347976442],[1.858080463530999,49.192947562049596],[1.861506559313866,49.194958287704182],[1.864264790409222,49.197675834567022],[1.864957419188785,49.199962610604899],[1.864004973966842,49.203512638027334],[1.864004973966842,49.203512638027334]]}},
{"type":"Feature","properties":{"GCIdentifi":131586,"GCCalculat":449.65619446028757,"Nom":"AX_894","code":"OISE210","source_doc":null,"date_visit":null},"geometry":{"type":"LineString","coordinates":[[1.846951544705037,49.193053323001529],[1.849222607610168,49.193826564677451],[1.852004409192299,49.194243693943712],[1.852758669808133,49.194201966378166],[1.852758669808133,49.194201966378166]]}},
{"type":"Feature","properties":{"GCIdentifi":131587,"GCCalculat":1434.3824497334986,"Nom":"AX_895","code":"OISE210","source_doc":null,"date_visit":null},"geometry":{"type":"LineString","coordinates":[[1.84479847217383,49.192999213035691],[1.846050031512603,49.194119598459302],[1.848061919534823,49.19598094578793],[1.850102822043102,49.197869307450439],[1.85199978362718,49.200296045424004],[1.854073456616866,49.202895276973088],[1.855617074650667,49.203639490787033],[1.855617074650667,49.203639490787033]]}},
{"type":"Feature","properties":{"GCIdentifi":131589,"GCCalculat":230.85099995133288,"Nom":"AX_896","code":"OISE210","source_doc":null,"date_visit":null},"geometry":{"type":"LineString","coordinates":[[1.841385348827698,49.194045651539341],[1.841992751574605,49.194983644009945],[1.841721873935442,49.196025645543934],[1.841721873935442,49.196025645543934]]}},
{"type":"Feature","properties":{"GCIdentifi":131590,"GCCalculat":4486.9820344912832,"Nom":"AX_897","code":"OISE210","source_doc":null,"date_visit":null},"geometry":{"type":"LineString","coordinates":[[1.839914962816549,49.195612473926644],[1.841584356767814,49.19606997203249],[1.844387880528952,49.197062304205325],[1.846147461346081,49.199488540724467],[1.8476750516689,49.201825050263196],[1.848906187086521,49.203654980197641],[1.85142561153937,49.204142876050284],[1.854475680965963,49.203823358299736],[1.855671470707493,49.203684630556481],[1.859475775820923,49.203510736807431],[1.864030087485674,49.203575624071398],[1.870077381907409,49.201243423111372],[1.871315970933064,49.200916064580099],[1.876210229122102,49.199964501962647],[1.880124019581233,49.198289076583137],[1.885138781634247,49.197607126832949],[1.88759685259446,49.197311343340552],[1.89208248195228,49.197518570886942],[1.89208248195228,49.197518570886942]]}},
{"type":"Feature","properties":{"GCIdentifi":131592,"GCCalculat":349.17188033868604,"Nom":"AX_898","code":"OISE210","source_doc":null,"date_visit":null},"geometry":{"type":"LineString","coordinates":[[1.843502823795508,49.203155777224069],[1.845919431738744,49.203121223444008],[1.848216187513741,49.202725648263637],[1.848216187513741,49.202725648263637]]}},
{"type":"Feature","properties":{"GCIdentifi":131593,"GCCalculat":504.39408053302031,"Nom":"AX_899","code":"OISE210","source_doc":null,"date_visit":null},"geometry":{"type":"LineString","coordinates":[[1.857840807939982,49.207937084597162],[1.856835674849989,49.206790912687119],[1.855947004094959,49.204953535429809],[1.855561698037161,49.20369203074722],[1.855561698037161,49.20369203074722]]}},
{"type":"Feature","properties":{"GCIdentifi":131594,"GCCalculat":348.43091886926038,"Nom":"AX_900","code":"OISE210","source_doc":null,"date_visit":null},"geometry":{"type":"LineString","coordinates":[[1.868419445955813,49.205310513216219],[1.86814801942113,49.203574534685195],[1.867365146867377,49.202284517960649],[1.867365146867377,49.202284517960649]]}},
{"type":"Feature","properties":{"GCIdentifi":131596,"GCCalculat":271.99066933676141,"Nom":"AX_901","code":"OISE210","source_doc":null,"date_visit":null},"geometry":{"type":"LineString","coordinates":[[1.867535712164897,49.200207865465941],[1.870346104058962,49.200551698444599],[1.870959142269146,49.200959547548585],[1.870959142269146,49.200959547548585]]}},
{"type":"Feature","properties":{"GCIdentifi":131597,"GCCalculat":541.28334950090505,"Nom":"AX_902","code":"OISE210","source_doc":null,"date_visit":null},"geometry":{"type":"LineString","coordinates":[[1.873111930504604,49.196704652446407],[1.876047695256239,49.196816421850379],[1.878470907076654,49.197508828933699],[1.87994461621778,49.198234468887044],[1.87994461621778,49.198234468887044]]}},
{"type":"Feature","properties":{"GCIdentifi":131598,"GCCalculat":319.99532679139105,"Nom":"AX_903","code":"OISE210","source_doc":null,"date_visit":null},"geometry":{"type":"LineString","coordinates":[[1.880089954326585,49.215302882954717],[1.879484446852224,49.213871052761149],[1.877762575474878,49.213055692283874],[1.877762575474878,49.213055692283874]]}},
{"type":"Feature","properties":{"GCIdentifi":131599,"GCCalculat":1233.4926392233958,"Nom":"AX_904","code":"OISE210","source_doc":null,"date_visit":null},"geometry":{"type":"LineString","coordinates":[[1.87542363195728,49.215186553025248],[1.875723514083399,49.21390991693908],[1.876965771994195,49.213034549887823],[1.877791947642163,49.212848083719855],[1.878415759230879,49.212302604229883],[1.879549296464509,49.211497524146594],[1.880599480913761,49.2106202338611],[1.881410048006736,49.208960473487217],[1.881822318911647,49.207558498242648],[1.881950160056957,49.205589464424833],[1.881950160056957,49.205589464424833]]}},
{"type":"Feature","properties":{"GCIdentifi":131600,"GCCalculat":967.29913219794867,"Nom":"AX_905","code":"OISE210","source_doc":null,"date_visit":null},"geometry":{"type":"LineString","coordinates":[[1.872264491015244,49.212466535282317],[1.87389131297695,49.211708434418867],[1.875243827262493,49.210769530673026],[1.876848192345812,49.209651950314651],[1.87812209427779,49.208308463823982],[1.87988102843251,49.206768143282332],[1.88017859496261,49.205726160188931],[1.88017859496261,49.205726160188931]]}},
{"type":"Feature","properties":{"GCIdentifi":131601,"GCCalculat":1786.1429807184354,"Nom":"AX_906","code":"OISE210","source_doc":null,"date_visit":null},"geometry":{"type":"LineString","coordinates":[[1.874811451388143,49.20569572043761],[1.877735806901231,49.205617605848296],[1.880013744477726,49.205762561651326],[1.882114239249997,49.205635025116777],[1.884946808451513,49.205098254766284],[1.887452704030999,49.204108702979553],[1.88973512319019,49.202239038841341],[1.890785212732738,49.201523341589812],[1.892250902023646,49.200126547406697],[1.892839687258493,49.198868963533741],[1.893136535397281,49.197871856200187],[1.893136535397281,49.197871856200187]]}},
{"type":"Feature","properties":{"GCIdentifi":131604,"GCCalculat":1311.3084987243917,"Nom":"AX_907","code":"OISE210","source_doc":null,"date_visit":null},"geometry":{"type":"LineString","coordinates":[[1.901467207005172,49.182148575522106],[1.901673615939547,49.183606857141619],[1.901773840919145,49.184677336844068],[1.903176820599131,49.185842584106808],[1.905328977361834,49.18754062005295],[1.906621855852408,49.188778388030613],[1.90703271328057,49.19058666217245],[1.907750404065721,49.191587571246494],[1.908868577327275,49.192446265635049],[1.908868577327275,49.192446265635049]]}},
{"type":"Feature","properties":{"GCIdentifi":131605,"GCCalculat":1470.4908953508409,"Nom":"AX_908","code":"OISE210","source_doc":null,"date_visit":null},"geometry":{"type":"LineString","coordinates":[[1.894045275540769,49.183856166198744],[1.894028619007126,49.185520209299511],[1.89492175546872,49.186980028121049],[1.896394860756155,49.187956981830766],[1.898480283997417,49.189440454191825],[1.901283377510694,49.190564995829249],[1.903239473665732,49.191193359535497],[1.906156963791013,49.191798343138061],[1.907681237110009,49.191660312275594],[1.907681237110009,49.191660312275594]]}},
{"type":"Feature","properties":{"GCIdentifi":131606,"GCCalculat":883.99793021773496,"Nom":"AX_909","code":"OISE210","source_doc":null,"date_visit":null},"geometry":{"type":"LineString","coordinates":[[1.910788778929054,49.18295718238258],[1.91392920498437,49.18308555896111],[1.916018394592103,49.184164474676116],[1.918257788156871,49.185313493157096],[1.920135835133566,49.18565269795608],[1.921657895195988,49.185749151567798],[1.921657895195988,49.185749151567798]]}},
{"type":"Feature","properties":{"GCIdentifi":131607,"GCCalculat":2339.8686223348277,"Nom":"AX_910","code":"OISE210","source_doc":null,"date_visit":null},"geometry":{"type":"LineString","coordinates":[[1.898405942742752,49.208612254485516],[1.90088224526483,49.20805462720412],[1.903309470781098,49.206634376593556],[1.904223299118742,49.205810251489424],[1.904740539366588,49.204670236847903],[1.906617133465128,49.201907134498093],[1.907846947693993,49.200986467390557],[1.907941369333844,49.199583216454336],[1.909043763666519,49.197536940402451],[1.910565129640859,49.196167059279126],[1.912600164896787,49.195626625740552],[1.914948057006498,49.195562288134113],[1.917087761757326,49.195597067242616],[1.918676843274242,49.19590939628511],[1.918676843274242,49.19590939628511]]}},
{"type":"Feature","properties":{"GCIdentifi":131610,"GCCalculat":722.81746746076624,"Nom":"AX_911","code":"OISE210","source_doc":null,"date_visit":null},"geometry":{"type":"LineString","coordinates":[[1.913114111162655,49.206211669469056],[1.911816285270236,49.205479251494964],[1.909765082116517,49.204473428516515],[1.908515848921968,49.2030842539451],[1.907873894606791,49.201040460492976],[1.907873894606791,49.201040460492976]]}},
{"type":"Feature","properties":{"GCIdentifi":131611,"GCCalculat":713.99537553951382,"Nom":"AX_912","code":"OISE210","source_doc":null,"date_visit":null},"geometry":{"type":"LineString","coordinates":[[1.893939221187653,49.215348134503131],[1.895816767996266,49.215850539901105],[1.898339861638882,49.216048853282004],[1.901319877902066,49.215943401291327],[1.903557973123879,49.215808120900107],[1.903557973123879,49.215808120900107]]}},
{"type":"Feature","properties":{"GCIdentifi":131612,"GCCalculat":2906.4661461960727,"Nom":"AX_913","code":"OISE210","source_doc":null,"date_visit":null},"geometry":{"type":"LineString","coordinates":[[1.898789415537173,49.21966623496116],[1.900029881594997,49.217412854491108],[1.901744370197992,49.216206641856147],[1.903667908210773,49.215781599522771],[1.906068244100603,49.214530744246943],[1.909039356797086,49.213859119536849],[1.911371155745883,49.212582075275975],[1.914915070372756,49.210643575027412],[1.918004087009849,49.208963810280316],[1.920302130295764,49.206553471295422],[1.921037979361809,49.205459090654962],[1.921082360545676,49.203651404364862],[1.920559654644812,49.202031458680622],[1.920312180625328,49.200492214882864],[1.920312180625328,49.200492214882864]]}},
{"type":"Feature","properties":{"GCIdentifi":131614,"GCCalculat":661.90448846399022,"Nom":"AX_914","code":"OISE210","source_doc":null,"date_visit":null},"geometry":{"type":"LineString","coordinates":[[1.928281264751898,49.197669809306845],[1.926042508048203,49.197995340115625],[1.92394043163334,49.19815847496568],[1.921843535328153,49.197908378965202],[1.919347965857416,49.197592812182478],[1.919347965857416,49.197592812182478]]}},
{"type":"Feature","properties":{"GCIdentifi":131616,"GCCalculat":1691.6540152806315,"Nom":"AX_915","code":"OISE210","source_doc":null,"date_visit":null},"geometry":{"type":"LineString","coordinates":[[1.942559640782641,49.213943027706875],[1.94149146047828,49.212059658661005],[1.940067082844463,49.209941509081752],[1.937865116333512,49.208836820516986],[1.933956543742271,49.208543601922891],[1.928602540591201,49.20854266801981],[1.924045140562182,49.208581428365413],[1.924045140562182,49.208581428365413]]}},
{"type":"Feature","properties":{"GCIdentifi":131617,"GCCalculat":1035.9782367884186,"Nom":"AX_916","code":"OISE210","source_doc":null,"date_visit":null},"geometry":{"type":"LineString","coordinates":[[1.937300886857436,49.217558492964187],[1.935878659229035,49.215178670246665],[1.933859821213463,49.213670310017918],[1.931849519707899,49.212807620741863],[1.92784168029552,49.211013676837204],[1.92784168029552,49.211013676837204]]}},
{"type":"Feature","properties":{"GCIdentifi":131618,"GCCalculat":1797.4431296587904,"Nom":"AX_917","code":"OISE210","source_doc":null,"date_visit":null},"geometry":{"type":"LineString","coordinates":[[1.931466543661179,49.219156152255273],[1.929730770932456,49.218241598149518],[1.927690607250682,49.216004332643259],[1.927304078003016,49.214455627541831],[1.927580790833371,49.211057668190612],[1.927188948626242,49.21015684372103],[1.925470548529961,49.209053640941761],[1.923662542514891,49.208427349356747],[1.921611495809041,49.207565439158877],[1.920532084424178,49.206922617501483],[1.920442179711303,49.206203652799644],[1.920442179711303,49.206203652799644]]}},
{"type":"Feature","properties":{"GCIdentifi":131620,"GCCalculat":1199.6980506514269,"Nom":"AX_918","code":"OISE210","source_doc":null,"date_visit":null},"geometry":{"type":"LineString","coordinates":[[1.919445238003315,49.218707790238959],[1.916602308402044,49.217196131267059],[1.914887169683119,49.215507772796663],[1.914789837278519,49.213862402204619],[1.915847403278234,49.212256068572366],[1.917216886038173,49.209429191181762],[1.917216886038173,49.209429191181762]]}},
{"type":"Feature","properties":{"GCIdentifi":131622,"GCCalculat":922.30300049421032,"Nom":"AX_919","code":"OISE210","source_doc":null,"date_visit":null},"geometry":{"type":"LineString","coordinates":[[1.942150744634992,49.194778581644329],[1.939966125371414,49.195003497724635],[1.936766147347558,49.193878508732368],[1.934051255410719,49.193581565519871],[1.931448694527653,49.192960437336311],[1.930367978379858,49.192498493199366],[1.930367978379858,49.192498493199366]]}},
{"type":"Feature","properties":{"GCIdentifi":131623,"GCCalculat":261.95711453188721,"Nom":"AX_920","code":"OISE210","source_doc":null,"date_visit":null},"geometry":{"type":"LineString","coordinates":[[1.935632485745411,49.191490673928051],[1.936392255090633,49.192446660603729],[1.935916190558258,49.19368578729042],[1.935916190558258,49.19368578729042]]}},
{"type":"Feature","properties":{"GCIdentifi":131625,"GCCalculat":1341.5892374020659,"Nom":"AX_921","code":"OISE210","source_doc":null,"date_visit":null},"geometry":{"type":"LineString","coordinates":[[1.912003991440957,49.225075317365807],[1.90958442728273,49.223753723535062],[1.907672135842816,49.222658517811837],[1.905750725373141,49.219484825321992],[1.904973210251475,49.217441627670418],[1.905097463227026,49.215777978948168],[1.905641829705456,49.214682974789547],[1.905641829705456,49.214682974789547]]}},
{"type":"Feature","properties":{"GCIdentifi":131647,"GCCalculat":550.31879563494056,"Nom":"AX_922","code":"OISE26","source_doc":null,"date_visit":null},"geometry":{"type":"LineString","coordinates":[[2.140250836504175,49.101384665384018],[2.142030068984393,49.1016313631659],[2.143577534633381,49.101678891106594],[2.146646192330375,49.101495363784039],[2.147728410916907,49.101569037515631],[2.147728410916907,49.101569037515631]]}},
{"type":"Feature","properties":{"GCIdentifi":131649,"GCCalculat":297.03813540901803,"Nom":"AX_923","code":"OISE26","source_doc":null,"date_visit":"2010-02-19"},"geometry":{"type":"LineString","coordinates":[[2.142864410773655,49.103775646494235],[2.144131610251853,49.102389823389188],[2.144926892098507,49.101576034668945],[2.144926892098507,49.101576034668945]]}},
{"type":"Feature","properties":{"GCIdentifi":131661,"GCCalculat":905.0344798253534,"Nom":"AX_924","code":"OISE26","source_doc":null,"date_visit":"2010-02-19"},"geometry":{"type":"LineString","coordinates":[[2.12823069656695,49.113926498498266],[2.130294916706986,49.112354813849613],[2.13110515105181,49.112080680591866],[2.132750587740103,49.111454791418083],[2.134322324695589,49.110983894852609]]}},
{"type":"Feature","properties":{"GCIdentifi":131643,"GCCalculat":304.43724850364504,"Nom":"AX_925","code":"OISE26","source_doc":null,"date_visit":null},"geometry":{"type":"LineString","coordinates":[[2.145715379482851,49.098084792005203],[2.147162427060711,49.098869841998727],[2.148349425021887,49.100157474233967],[2.148349425021887,49.100157474233967]]}},
{"type":"Feature","properties":{"GCIdentifi":131654,"GCCalculat":1174.2763335456887,"Nom":"AX_926","code":"OISE26","source_doc":null,"date_visit":"2010-01-17"},"geometry":{"type":"LineString","coordinates":[[2.156057023313727,49.118533786466912],[2.153730486464604,49.118380033581204],[2.150597940268494,49.11792160611553],[2.148903494428238,49.116803843063607],[2.148017617231783,49.114097016676595],[2.146985216552854,49.113230844034049],[2.146165253586326,49.112177238899939],[2.146470013958944,49.111148787537488]]}},
{"type":"Feature","properties":{"GCIdentifi":131641,"GCCalculat":401.05865424759759,"Nom":"AX_927","code":"OISE26","source_doc":null,"date_visit":null},"geometry":{"type":"LineString","coordinates":[[2.159318490227095,49.104230780807974],[2.1607335187822,49.103073020391399],[2.161600011294251,49.102264772890479],[2.162970540418442,49.10157514817331],[2.162970540418442,49.10157514817331]]}},
{"type":"Feature","properties":{"GCIdentifi":131633,"GCCalculat":426.20304118932228,"Nom":"AX_928","code":"OISE26","source_doc":null,"date_visit":null},"geometry":{"type":"LineString","coordinates":[[2.15917648058899,49.090445065231798],[2.160440086419052,49.089448780107048],[2.162362170362945,49.087886426558377],[2.162886576119428,49.0875211830353],[2.162859180370153,49.087539083705877]]}},
{"type":"Feature","properties":{"GCIdentifi":131626,"GCCalculat":423.12330022047649,"Nom":"AX_929","code":"OISE26","source_doc":null,"date_visit":"2007-02-13"},"geometry":{"type":"LineString","coordinates":[[2.165166612960272,49.076857319082883],[2.166672104156244,49.076958377402555],[2.168219408331821,49.076837148803719],[2.169685739641711,49.076893181851915],[2.170925332076314,49.076779323711897]]}},
{"type":"Feature","properties":{"GCIdentifi":131652,"GCCalculat":1043.5875474870506,"Nom":"AX_930","code":"OISE26","source_doc":null,"date_visit":null},"geometry":{"type":"LineString","coordinates":[[2.160601752136826,49.113171930852516],[2.160361634841759,49.111435604493195],[2.159640863398015,49.110193717716264],[2.158123782676327,49.109238048361178],[2.15552347083629,49.108452458369584],[2.153430163052402,49.107953940027407],[2.151157489181479,49.10740233623131],[2.151157489181479,49.10740233623131]]}},
{"type":"Feature","properties":{"GCIdentifi":131651,"GCCalculat":411.92037084495718,"Nom":"AX_931","code":"OISE26","source_doc":null,"date_visit":null},"geometry":{"type":"LineString","coordinates":[[2.145554017376284,49.10797702636431],[2.147544951613234,49.106603685640003],[2.148738824605002,49.106129543834783],[2.150039589016635,49.105871171299412],[2.150039589016635,49.105871171299412]]}},
{"type":"Feature","properties":{"GCIdentifi":131634,"GCCalculat":628.24414153520684,"Nom":"AX_932","code":"OISE26","source_doc":null,"date_visit":"2007-02-13"},"geometry":{"type":"LineString","coordinates":[[2.171877680163479,49.092074206257642],[2.1705091863836,49.092275493442955],[2.169212941475728,49.092345454754913],[2.166190234573775,49.092287106458308],[2.164237906119777,49.09221119340166],[2.163318076215457,49.092209813207653]]}},
{"type":"Feature","properties":{"GCIdentifi":131635,"GCCalculat":708.99003802092261,"Nom":"AX_933","code":"OISE26","source_doc":null,"date_visit":"2007-02-13"},"geometry":{"type":"LineString","coordinates":[[2.166621740397294,49.096076316410368],[2.165370789780327,49.094885339566964],[2.164900388842922,49.093950397808904],[2.164041469689689,49.092648830664288],[2.163458132644182,49.092245954419333],[2.162371687781156,49.091969213827994],[2.1605442928151,49.091866479391939]]}},
{"type":"Feature","properties":{"GCIdentifi":131640,"GCCalculat":494.04166997111054,"Nom":"AX_934","code":"OISE26","source_doc":null,"date_visit":null},"geometry":{"type":"LineString","coordinates":[[2.169321551036224,49.102681656282478],[2.167090901582216,49.102362840530908],[2.164270673171866,49.101936438357441],[2.163202549753934,49.101253252447187],[2.163151429691726,49.101198146566915]]}},
{"type":"Feature","properties":{"GCIdentifi":131628,"GCCalculat":440.59954814974287,"Nom":"AX_935","code":"OISE26","source_doc":null,"date_visit":null},"geometry":{"type":"LineString","coordinates":[[2.175177740630895,49.083642775688958],[2.173732795666014,49.081699292286743],[2.172411547382579,49.080123136536244],[2.172411547382579,49.080123136536244]]}},
{"type":"Feature","properties":{"GCIdentifi":131629,"GCCalculat":800.58883750160123,"Nom":"AX_936","code":"OISE26","source_doc":null,"date_visit":"2007-02-13"},"geometry":{"type":"LineString","coordinates":[[2.155208935841948,49.083261455917842],[2.158106458375736,49.08374210165492],[2.160500405782997,49.084514964451913],[2.161613127542134,49.085047796811743],[2.162002798111512,49.085561553124144],[2.164590753248518,49.086626577249888]]}},
{"type":"Feature","properties":{"GCIdentifi":131662,"GCCalculat":527.26825071485916,"Nom":"AX_937","code":"OISE26","source_doc":null,"date_visit":null},"geometry":{"type":"LineString","coordinates":[[2.136147644663767,49.115449394695311],[2.139561133630358,49.11523634879741]]}},
{"type":"Feature","properties":{"GCIdentifi":131663,"GCCalculat":258.26865603362296,"Nom":"AX_938","code":"OISE26","source_doc":null,"date_visit":"2009-01-20"},"geometry":{"type":"LineString","coordinates":[[2.129372656690026,49.121002322352616],[2.131276312584385,49.121586613554499],[2.132711025258107,49.121262058736583]]}},
{"type":"Feature","properties":{"GCIdentifi":131630,"GCCalculat":565.67627979045812,"Nom":"AX_939","code":"OISE26","source_doc":null,"date_visit":"2007-02-13"},"geometry":{"type":"LineString","coordinates":[[2.170628256309722,49.08991313605015],[2.16870784070902,49.089031135350055],[2.16765375799975,49.087803400313611],[2.167628580618499,49.086668150563803],[2.168079762094253,49.085709873248788],[2.168079762094253,49.085709873248788]]}},
{"type":"Feature","properties":{"GCIdentifi":131631,"GCCalculat":912.40631918852591,"Nom":"AX_940","code":"OISE26","source_doc":null,"date_visit":"2007-02-13"},"geometry":{"type":"LineString","coordinates":[[2.148576289308612,49.090867194986402],[2.15044504603133,49.09041323898677],[2.152674913238844,49.090306804310501],[2.154109705162395,49.09067965315819],[2.157467387393391,49.091211569568436],[2.160173679328149,49.09128313292215],[2.160732700310929,49.091299723885349]]}},
{"type":"Feature","properties":{"GCIdentifi":131636,"GCCalculat":976.75918611122029,"Nom":"AX_941","code":"OISE26","source_doc":null,"date_visit":"2007-02-13"},"geometry":{"type":"LineString","coordinates":[[2.140658657351105,49.094709892316324],[2.14347865708824,49.094597898638781],[2.146980414915351,49.095503163474028],[2.150089077186404,49.095941691508621],[2.151759984460144,49.096310443456716],[2.152791534238925,49.096642235660269],[2.153347954890334,49.096917101718532]]}},
{"type":"Feature","properties":{"GCIdentifi":131638,"GCCalculat":1799.6922695050619,"Nom":"AX_942","code":"OISE26","source_doc":null,"date_visit":"2010-01-17"},"geometry":{"type":"LineString","coordinates":[[2.168120517008755,49.107072058288452],[2.166433598874502,49.107384282163444],[2.164616162604063,49.107445286019903],[2.163490502214045,49.10730917879431],[2.162887292070923,49.106881153820247],[2.162589317666969,49.106584622493074],[2.162119702754453,49.104742612431089],[2.162640089755595,49.102663848252512],[2.163371410459139,49.100887442235752],[2.163499058209659,49.099598576166457],[2.163238023998655,49.098945799469483],[2.1624606999565,49.09824956666052],[2.15987262192372,49.096579263033767],[2.159847367768065,49.095993088836828],[2.159989973637539,49.095316200910496],[2.159852463283042,49.094564810299538]]}},
{"type":"Feature","properties":{"GCIdentifi":131639,"GCCalculat":300.358079699347,"Nom":"AX_943","code":"OISE26","source_doc":null,"date_visit":null},"geometry":{"type":"LineString","coordinates":[[2.167581526143324,49.09942614962187],[2.166126181872844,49.099452059770783],[2.165175487990728,49.099428190326947],[2.164469067875431,49.099477656482264],[2.163487152670646,49.099586210736149]]}},
{"type":"Feature","properties":{"GCIdentifi":131642,"GCCalculat":6515.6559594167202,"Nom":"AX_944","code":"OISE26","source_doc":null,"date_visit":"2009-01-20"},"geometry":{"type":"LineString","coordinates":[[2.130763777083928,49.12258805347669],[2.133378656292078,49.120744472361672],[2.135640617291295,49.118818227551628],[2.136282034923656,49.118015530248684],[2.137558537226501,49.116380469345906],[2.139716829804443,49.115224280817543],[2.144148538508894,49.113136521903819],[2.146466337691226,49.111372049337852],[2.148793493466565,49.109295021664899],[2.15063514004215,49.108039282271001],[2.151007562582232,49.107249373726241],[2.150175605096385,49.106086978314998],[2.148746428945967,49.103683945547658],[2.147741900330018,49.101613974541877],[2.148403775541309,49.100257495895029],[2.151926014401818,49.098551967199462],[2.152654538748186,49.097620034430619],[2.153605096422911,49.096742351069395],[2.154833208711815,49.096177256298112],[2.156592468869724,49.095776926157534],[2.158060599230408,49.095964486676714],[2.159139005356177,49.095640527062429],[2.159693620134645,49.094995733875969],[2.160234464778247,49.093405461672909],[2.160694979105906,49.091324358682485],[2.161187124072224,49.090435794658717],[2.161642005044175,49.089449488534811],[2.161831266042575,49.089103933275133],[2.162170404773522,49.088931542432874],[2.163565891709477,49.087353781947044],[2.164583979932942,49.086615326430362],[2.166050783770088,49.086123463954486],[2.167140118739551,49.08602626168522],[2.167828101329323,49.085807193829353],[2.168413963292903,49.085461081156893],[2.168419640630423,49.083794744538046],[2.167782016128398,49.082786595366024],[2.168173894215984,49.082165105607238],[2.169598602514001,49.081435092060694],[2.171946596400369,49.079095055051496]]}},
{"type":"Feature","properties":{"GCIdentifi":131658,"GCCalculat":952.5514751588446,"Nom":"AX_945","code":"OISE26","source_doc":null,"date_visit":"2010-02-19"},"geometry":{"type":"LineString","coordinates":[[2.125691434194495,49.111341462657677],[2.1290859154418,49.110977211995625],[2.13183962285941,49.110670464151859],[2.135196832270412,49.111114629572],[2.138063842245734,49.111878966793491],[2.141279967789052,49.113276261360184],[2.142007231367417,49.113372239135657],[2.143451453758614,49.113444754019014]]}},
{"type":"Feature","properties":{"GCIdentifi":131678,"GCCalculat":319.39232924098479,"Nom":"AX_946","code":"OISE23","source_doc":null,"date_visit":"2010-01-17"},"geometry":{"type":"LineString","coordinates":[[2.210947004091667,49.154472399878806],[2.210734194155008,49.153534777133451],[2.210422457623694,49.152702869388634],[2.209978705943071,49.152019050006899]]}},
{"type":"Feature","properties":{"GCIdentifi":131698,"GCCalculat":353.32611431252519,"Nom":"AX_947","code":"OISE24","source_doc":null,"date_visit":"2007-03-06"},"geometry":{"type":"LineString","coordinates":[[2.187075305468333,49.092265727991403],[2.189067312044968,49.092800545529698],[2.190747512772548,49.09356625070938],[2.191328321750506,49.093744417299924]]}},
{"type":"Feature","properties":{"GCIdentifi":131677,"GCCalculat":1191.1983341602104,"Nom":"AX_948","code":"OISE23","source_doc":null,"date_visit":"2010-01-27"},"geometry":{"type":"LineString","coordinates":[[2.213069651288062,49.153550066748544],[2.21158825828012,49.152838175489315],[2.209560345872103,49.151803537202674],[2.206808636887101,49.149317139050723],[2.205271031405474,49.148051585917393],[2.204731731300773,49.147260737642831],[2.204517485000963,49.14642945263769],[2.204365451772463,49.145768817263367]]}},
{"type":"Feature","properties":{"GCIdentifi":131670,"GCCalculat":501.12171753371797,"Nom":"AX_949","code":"OISE23","source_doc":null,"date_visit":null},"geometry":{"type":"LineString","coordinates":[[2.202943119203182,49.160207352555531],[2.20185947649191,49.158944748680987],[2.200961995928458,49.158236618124135],[2.20023231082382,49.1571678648695],[2.199922049414857,49.156250840869106]]}},
{"type":"Feature","properties":{"GCIdentifi":131676,"GCCalculat":153.33986695789571,"Nom":"AX_950","code":"OISE23","source_doc":null,"date_visit":null},"geometry":{"type":"LineString","coordinates":[[2.20099899828618,49.168486499484288],[2.201947643800543,49.167255834255087],[2.201947643800543,49.167255834255087]]}},
{"type":"Feature","properties":{"GCIdentifi":131669,"GCCalculat":2475.6973871606829,"Nom":"AX_951","code":"OISE23","source_doc":null,"date_visit":"2010-01-27"},"geometry":{"type":"LineString","coordinates":[[2.198654910953337,49.167896487325677],[2.201289952073823,49.167395464651435],[2.202128026205028,49.167135947622832],[2.202531104237662,49.164996236466955],[2.202662448790738,49.163429437378447],[2.202214135126982,49.162388324767591],[2.201676611405406,49.161263944928095],[2.199518846243953,49.159248383594502],[2.198958288934149,49.158643196100314],[2.198921894168775,49.157988986411532],[2.199423638279777,49.157013543281806],[2.200554805908146,49.155191143243073],[2.20067148413976,49.153936504550785],[2.199392114063979,49.152757679729824],[2.199339399134447,49.151970036967455],[2.200661858672476,49.148255114928318],[2.201292205999887,49.147344328882397],[2.202047354168758,49.146753553878256]]}},
{"type":"Feature","properties":{"GCIdentifi":131681,"GCCalculat":1432.0347498074873,"Nom":"AX_952","code":"OISE23","source_doc":null,"date_visit":null},"geometry":{"type":"LineString","coordinates":[[2.216417922856496,49.152702205442182],[2.217030497876759,49.151266620840062],[2.21752271584028,49.149414974502818],[2.217988225211988,49.147030512244584],[2.217264853849672,49.145339846086678],[2.216379601766792,49.143369418010238],[2.216119187639658,49.14176495643617],[2.218460663491241,49.140395948481562],[2.219113153733478,49.139099016520383]]}},
{"type":"Feature","properties":{"GCIdentifi":131683,"GCCalculat":1142.5327821305025,"Nom":"AX_953","code":"OISE23","source_doc":null,"date_visit":"2010-01-17"},"geometry":{"type":"LineString","coordinates":[[2.228642006998697,49.145251033066259],[2.226899879465845,49.143218914283992],[2.225691995479873,49.142159142154675],[2.224190878752612,49.140959037687111],[2.223948096773217,49.140265363636473],[2.223872410261354,49.139683502383917]]}},
{"type":"Feature","properties":{"GCIdentifi":131689,"GCCalculat":644.98440416133758,"Nom":"AX_954","code":"OISE22","source_doc":null,"date_visit":"2010-01-27"},"geometry":{"type":"LineString","coordinates":[[2.214401725854441,49.159021560920479],[2.216585836891195,49.158492102709225],[2.218761203574115,49.158540197813373],[2.220832971484786,49.15858761012322],[2.229330826505305,49.158540375561266],[2.234813215167027,49.15918698841368]]}},
{"type":"Feature","properties":{"GCIdentifi":131694,"GCCalculat":1555.5297445883803,"Nom":"AX_956","code":"OISE22","source_doc":null,"date_visit":null},"geometry":{"type":"LineString","coordinates":[[2.208203525890053,49.168788820958781],[2.208878143719021,49.169574787712008],[2.20952273196119,49.170632421968058],[2.210282609381118,49.171775727238085],[2.212562165294784,49.172897836791357],[2.214839297164027,49.173142828000046],[2.217870360262607,49.172933839937834],[2.219063801748192,49.172835392895252],[2.220742349899109,49.1732200464632],[2.222776636544203,49.17407420444524],[2.225228114591544,49.174761110101393]]}},
{"type":"Feature","properties":{"GCIdentifi":131695,"GCCalculat":730.96497794899994,"Nom":"AX_957","code":"OISE22","source_doc":null,"date_visit":"2010-01-27"},"geometry":{"type":"LineString","coordinates":[[2.205611776519937,49.16967646984682],[2.206019267444818,49.170137886399488],[2.20639498007702,49.170490211125781],[2.206782433477081,49.171064626021128],[2.20730536039784,49.171603247959858],[2.207909706819469,49.171904555841046],[2.208502763801974,49.172095359346223],[2.209586960987568,49.172365816601221],[2.210640837763674,49.172924908626989],[2.211026108906807,49.173148296058159],[2.211813525526037,49.173340338037157],[2.213226437810642,49.173298616338222],[2.214602510383151,49.173120694711088]]}},
{"type":"Feature","properties":{"GCIdentifi":131758,"GCCalculat":409.8261230470834,"Nom":"AX_958","code":"OISE24","source_doc":null,"date_visit":null},"geometry":{"type":"LineString","coordinates":[[2.177123375304769,49.16404968228921],[2.177743771200885,49.16281876239708],[2.178543596344191,49.161677921296516],[2.179821608803499,49.160915000400976],[2.179821608803499,49.160915000400976]]}},
{"type":"Feature","properties":{"GCIdentifi":131719,"GCCalculat":122.99129400988828,"Nom":"AX_959","code":"OISE24","source_doc":null,"date_visit":null},"geometry":{"type":"LineString","coordinates":[[2.126551647802446,49.126620528536556],[2.129831289603377,49.128324274930741],[2.130526777824258,49.129358553395583],[2.130697849469227,49.130185302130144],[2.131252627320483,49.131332748578124]]}},
{"type":"Feature","properties":{"GCIdentifi":131924,"GCCalculat":411.54237595408722,"Nom":"AX_960","code":"OISE29","source_doc":null,"date_visit":"2008-12-18"},"geometry":{"type":"LineString","coordinates":[[2.080089346454626,49.081301106368592],[2.081983696384866,49.081903822450819],[2.083516814059792,49.082616881635843],[2.084352786547308,49.083281226234675]]}},
{"type":"Feature","properties":{"GCIdentifi":131726,"GCCalculat":307.44509035846113,"Nom":"AX_961","code":"OISE24","source_doc":null,"date_visit":null},"geometry":{"type":"LineString","coordinates":[[2.110433317094265,49.122714860224391],[2.110578448477649,49.123902013396211],[2.110133358159954,49.125448462110519],[2.110133358159954,49.125448462110519]]}},
{"type":"Feature","properties":{"GCIdentifi":131730,"GCCalculat":322.7866155077171,"Nom":"AX_962","code":"OISE24","source_doc":null,"date_visit":null},"geometry":{"type":"LineString","coordinates":[[2.09860399028167,49.129579744366815],[2.10065827654562,49.129728837960862],[2.103014292174196,49.129759489584082],[2.103014292174196,49.129759489584082]]}},
{"type":"Feature","properties":{"GCIdentifi":131756,"GCCalculat":589.22694258568367,"Nom":"AX_963","code":"OISE24","source_doc":null,"date_visit":null},"geometry":{"type":"LineString","coordinates":[[2.18888551604749,49.160432947171458],[2.187625467248621,49.159837333117508],[2.186037707431932,49.159475929236415],[2.183911291241276,49.159473132731719],[2.18201919223397,49.159542471080407],[2.181195613486644,49.15955932353441],[2.181195613486644,49.15955932353441]]}},
{"type":"Feature","properties":{"GCIdentifi":131757,"GCCalculat":805.19802882550334,"Nom":"AX_964","code":"OISE24","source_doc":null,"date_visit":null},"geometry":{"type":"LineString","coordinates":[[2.182987360419814,49.165865501734693],[2.181250658939165,49.163821797553972],[2.180216016280606,49.161796970467087],[2.179820484003939,49.160726341518668],[2.17992337199893,49.159063516885773],[2.17992337199893,49.159063516885773]]}},
{"type":"Feature","properties":{"GCIdentifi":131759,"GCCalculat":588.50955289424553,"Nom":"AX_965","code":"OISE24","source_doc":null,"date_visit":null},"geometry":{"type":"LineString","coordinates":[[2.192521616162516,49.169384562640275],[2.189980461973664,49.170497476342234],[2.188782366510873,49.17198824600996],[2.187476752772481,49.173344086314124],[2.187476752772481,49.173344086314124]]}},
{"type":"Feature","properties":{"GCIdentifi":131781,"GCCalculat":507.23933559667876,"Nom":"AX_966","code":"OISE24","source_doc":null,"date_visit":null},"geometry":{"type":"LineString","coordinates":[[2.129470943637095,49.193407334394244],[2.128169956776361,49.192739102836477],[2.12695186759305,49.191927315494098],[2.125788513946906,49.191143666981688],[2.125872366413725,49.191161789690234],[2.124281530060089,49.19059180276119],[2.124281530060089,49.19059180276119]]}},
{"type":"Feature","properties":{"GCIdentifi":131767,"GCCalculat":343.84764219001647,"Nom":"AX_967","code":"OISE24","source_doc":null,"date_visit":null},"geometry":{"type":"LineString","coordinates":[[2.173187859809297,49.180285272447293],[2.17379751585274,49.178765779859724],[2.173912135663946,49.177246726801265],[2.173912135663946,49.177246726801265]]}},
{"type":"Feature","properties":{"GCIdentifi":131769,"GCCalculat":664.16529445893696,"Nom":"AX_968","code":"OISE24","source_doc":null,"date_visit":null},"geometry":{"type":"LineString","coordinates":[[2.177309390735344,49.170075250273499],[2.173946551320914,49.17096995119622],[2.171089945177622,49.172035941881582],[2.169455642871413,49.172699447628013],[2.169249745045266,49.172814811584665],[2.169249745045266,49.172814811584665]]}},
{"type":"Feature","properties":{"GCIdentifi":131773,"GCCalculat":911.78363323057238,"Nom":"AX_969","code":"OISE24","source_doc":null,"date_visit":null},"geometry":{"type":"LineString","coordinates":[[2.161556373402035,49.18404546578077],[2.16138266692107,49.182803321230281],[2.16079701644538,49.181310137579644],[2.160197180224008,49.180445721544551],[2.159434103102156,49.178781594656968],[2.159111305857955,49.177099028216979],[2.159019087343932,49.176073718147244],[2.159019087343932,49.176073718147244]]}},
{"type":"Feature","properties":{"GCIdentifi":131775,"GCCalculat":870.32206878882744,"Nom":"AX_970","code":"OISE24","source_doc":null,"date_visit":null},"geometry":{"type":"LineString","coordinates":[[2.153033033391719,49.188555056903681],[2.152155104181781,49.188769247650107],[2.150167149036225,49.188505527127155],[2.14782341176478,49.187665170825241],[2.145877998643573,49.187049991625578],[2.144110671259082,49.18647214426688],[2.142303071699169,49.185686473220215],[2.142303071699169,49.185686473220215]]}},
{"type":"Feature","properties":{"GCIdentifi":131787,"GCCalculat":1071.6693506832546,"Nom":"AX_971","code":"OISE24","source_doc":null,"date_visit":"2009-01-20"},"geometry":{"type":"LineString","coordinates":[[2.130941752877851,49.170217145140647],[2.129547549448102,49.167827422588346],[2.128912255534929,49.167008846143887],[2.128722939420996,49.166422362141809],[2.128886598653093,49.165375002460451],[2.129432387078921,49.164664092693471],[2.132859266573092,49.162450317246126],[2.138389406221126,49.160827350041899]]}},
{"type":"Feature","properties":{"GCIdentifi":131786,"GCCalculat":797.079865208863,"Nom":"AX_972","code":"OISE24","source_doc":null,"date_visit":"2009-11-04"},"geometry":{"type":"LineString","coordinates":[[2.12338582328636,49.171371758702612],[2.123172709118737,49.171137401287886],[2.122603035293175,49.170824408505233],[2.122105278001105,49.170386745358996],[2.121345681071027,49.169979807292847],[2.120252080860956,49.169806242847997],[2.119348659167423,49.169664215486009],[2.119380166479443,49.169574912596566],[2.119380166479443,49.169574912596566]]}},
{"type":"Feature","properties":{"GCIdentifi":131763,"GCCalculat":253.72328633274736,"Nom":"AX_973","code":"OISE24","source_doc":null,"date_visit":null},"geometry":{"type":"LineString","coordinates":[[2.18231039498437,49.171530565534859],[2.182265595756828,49.172717378189837],[2.181796473290366,49.173767746325936],[2.181796473290366,49.173767746325936]]}},
{"type":"Feature","properties":{"GCIdentifi":131804,"GCCalculat":739.9271204092812,"Nom":"AX_974","code":"OISE24","source_doc":null,"date_visit":null},"geometry":{"type":"LineString","coordinates":[[2.106152071501126,49.165395646877982],[2.107981967039819,49.16699939890178],[2.110337151861746,49.167596939579155],[2.112531897711968,49.167719122529014],[2.114890364579904,49.16760581377266],[2.114890364579904,49.16760581377266]]}},
{"type":"Feature","properties":{"GCIdentifi":131799,"GCCalculat":370.09851251230737,"Nom":"AX_975","code":"OISE24","source_doc":null,"date_visit":null},"geometry":{"type":"LineString","coordinates":[[2.086603054966725,49.155831671883483],[2.088881926275336,49.155449225483693],[2.091352603609816,49.154699964823251],[2.091352603609816,49.154699964823251]]}},
{"type":"Feature","properties":{"GCIdentifi":131805,"GCCalculat":743.84833680911959,"Nom":"AX_976","code":"OISE24","source_doc":null,"date_visit":"2009-11-01"},"geometry":{"type":"LineString","coordinates":[[2.100406972779587,49.169750111143358],[2.103296371593248,49.169910017062925],[2.104824756925027,49.17006724227037],[2.107410481565767,49.170512929204079],[2.109240179010408,49.170935095837244],[2.110330705441312,49.171322779371003],[2.110917924359486,49.171533227938824]]}},
{"type":"Feature","properties":{"GCIdentifi":131812,"GCCalculat":1096.834375122382,"Nom":"AX_977","code":"OISE24","source_doc":null,"date_visit":"2009-11-04"},"geometry":{"type":"LineString","coordinates":[[2.08562612386778,49.180443652131288],[2.088435610819604,49.178496304879879],[2.090974501330112,49.178384970924398],[2.093897990897517,49.178076786389433],[2.094406610712998,49.177745488395324],[2.094406610712998,49.177745488395324]]}},
{"type":"Feature","properties":{"GCIdentifi":131840,"GCCalculat":564.94350840532195,"Nom":"AX_978","code":"OISE24","source_doc":null,"date_visit":null},"geometry":{"type":"LineString","coordinates":[[2.035386146877726,49.195284355043178],[2.037046525301155,49.19526286915184],[2.03954441101413,49.195295188441591],[2.041575563945984,49.195157824694775],[2.04296875460606,49.194797446770743],[2.042939830159196,49.194816259873328]]}},
{"type":"Feature","properties":{"GCIdentifi":131822,"GCCalculat":308.3883306405254,"Nom":"AX_979","code":"OISE24","source_doc":null,"date_visit":null},"geometry":{"type":"LineString","coordinates":[[2.070384936052992,49.150524444218306],[2.071106350056337,49.151335690010157],[2.071281524765551,49.15219061427301],[2.071303681337058,49.153161945367337],[2.071303681337058,49.153161945367337]]}},
{"type":"Feature","properties":{"GCIdentifi":131887,"GCCalculat":606.40362013409435,"Nom":"AX_980","code":"OISE24","source_doc":null,"date_visit":"2007-05-03"},"geometry":{"type":"LineString","coordinates":[[2.025145542534398,49.14288731924475],[2.025239604045784,49.144528112815621],[2.025647815572302,49.1457542627492],[2.02671088646712,49.147094476042916],[2.027714003860978,49.147906793422436]]}},
{"type":"Feature","properties":{"GCIdentifi":131879,"GCCalculat":335.9134059053639,"Nom":"AX_981","code":"OISE24","source_doc":null,"date_visit":"2007-05-03"},"geometry":{"type":"LineString","coordinates":[[2.045769794011929,49.153610989684694],[2.045894604511702,49.154803815560591],[2.045989294543776,49.155585570017372],[2.045986075335698,49.156132405199877],[2.045974616574477,49.156626431784332]]}},
{"type":"Feature","properties":{"GCIdentifi":131865,"GCCalculat":596.27255952239079,"Nom":"AX_982","code":"OISE24","source_doc":null,"date_visit":"2009-11-24"},"geometry":{"type":"LineString","coordinates":[[2.017445102365468,49.168864432616125],[2.017600916369774,49.168158219210831],[2.01766100509236,49.167637711722463],[2.017682137932659,49.167290651073174],[2.017647632179883,49.166782255877855],[2.016540410756648,49.165514656694135],[2.016299542815823,49.164757754924914],[2.016945973307767,49.162465707246881],[2.016945973307767,49.162465707246881]]}},
{"type":"Feature","properties":{"GCIdentifi":131885,"GCCalculat":449.05691955522002,"Nom":"AX_983","code":"OISE24","source_doc":null,"date_visit":"2007-05-03"},"geometry":{"type":"LineString","coordinates":[[2.018733661665623,49.14534905260507],[2.019633457002798,49.146232996670108],[2.020252818736498,49.147872996316821],[2.020177004697993,49.148754239397519],[2.020017016165737,49.149143433945326]]}},
{"type":"Feature","properties":{"GCIdentifi":131870,"GCCalculat":609.85551974072473,"Nom":"AX_984","code":"OISE24","source_doc":null,"date_visit":"2007-05-03"},"geometry":{"type":"LineString","coordinates":[[2.000095509916777,49.155426532752095],[2.002555167252363,49.156507182496831],[2.003537632746138,49.157049028104879],[2.004240912855445,49.157358728240773],[2.005057869195344,49.157823709218526],[2.005804996134803,49.158488371958626],[2.006129896500079,49.159059730093659]]}},
{"type":"Feature","properties":{"GCIdentifi":131876,"GCCalculat":286.60048155880492,"Nom":"AX_985","code":"OISE24","source_doc":null,"date_visit":null},"geometry":{"type":"LineString","coordinates":[[2.026802566592567,49.155127786151979],[2.026742582451083,49.153770065448292],[2.02699322413467,49.152843256844008],[2.027150608408535,49.15258540664599]]}},
{"type":"Feature","properties":{"GCIdentifi":131871,"GCCalculat":423.95853158435824,"Nom":"AX_986","code":"OISE24","source_doc":null,"date_visit":"2007-05-03"},"geometry":{"type":"LineString","coordinates":[[2.003528192157519,49.15413624770293],[2.003849364288746,49.155252209964324],[2.004058610337843,49.156465501770803],[2.004522517822266,49.157237138237917],[2.0049656259015,49.157792007595773]]}},
{"type":"Feature","properties":{"GCIdentifi":131868,"GCCalculat":535.24101119532986,"Nom":"AX_987","code":"OISE24","source_doc":null,"date_visit":null},"geometry":{"type":"LineString","coordinates":[[2.010411349649614,49.169762872718927],[2.010205342165955,49.169322119293888],[2.010117431771135,49.169150059514713],[2.009868940526112,49.168663154530748],[2.009892962133194,49.168655367820186],[2.009621515411679,49.16827057577963],[2.00928833268556,49.167901315425155],[2.009146067560115,49.167665113344157],[2.008614164231084,49.166793365954661],[2.008237785938086,49.165969219471307]]}},
{"type":"Feature","properties":{"GCIdentifi":131882,"GCCalculat":430.48702421794331,"Nom":"AX_988","code":"OISE24","source_doc":null,"date_visit":"2007-05-03"},"geometry":{"type":"LineString","coordinates":[[2.011103704597451,49.148650267044196],[2.013231954846916,49.148304821451632],[2.01532784739364,49.148454429227272],[2.01599889635585,49.148449567861199],[2.016928290416489,49.148463402204875]]}},
{"type":"Feature","properties":{"GCIdentifi":131878,"GCCalculat":807.77685178111346,"Nom":"AX_989","code":"OISE24","source_doc":null,"date_visit":"2007-05-03"},"geometry":{"type":"LineString","coordinates":[[2.036505615619012,49.152373329164313],[2.036999010164906,49.153723183706205],[2.037976042596505,49.154931699102562],[2.039806122618326,49.156353524325993],[2.043039255822346,49.157938333908895]]}},
{"type":"Feature","properties":{"GCIdentifi":131881,"GCCalculat":597.97427534102053,"Nom":"AX_990","code":"OISE24","source_doc":null,"date_visit":"2007-05-03"},"geometry":{"type":"LineString","coordinates":[[2.011023118940033,49.150488179296893],[2.013257946624122,49.150611287988042],[2.014867543466546,49.150533829563727],[2.015543342621301,49.150330236414973],[2.016903344792384,49.149671536758376],[2.018727038087905,49.149306054172371]]}},
{"type":"Feature","properties":{"GCIdentifi":131903,"GCCalculat":570.27027412310758,"Nom":"AX_991","code":"OISE24","source_doc":null,"date_visit":"2010-01-05"},"geometry":{"type":"LineString","coordinates":[[2.071508276232223,49.138018233716821],[2.074439884515841,49.139207625627165],[2.07568282945403,49.140357766883731],[2.075867649958306,49.140836234476055],[2.075287946318498,49.144167561612946]]}},
{"type":"Feature","properties":{"GCIdentifi":131904,"GCCalculat":609.79435061067022,"Nom":"AX_992","code":"OISE24","source_doc":null,"date_visit":"2010-01-05"},"geometry":{"type":"LineString","coordinates":[[2.076465781183943,49.133994718741441],[2.075232371193314,49.135002630310964],[2.074935234157724,49.136080966577566],[2.07490927279595,49.137050656383906],[2.075704790088376,49.140139282369567],[2.07568260563685,49.140398730036942]]}},
{"type":"Feature","properties":{"GCIdentifi":131898,"GCCalculat":305.67392623194274,"Nom":"AX_993","code":"OISE24","source_doc":null,"date_visit":"2007-04-03"},"geometry":{"type":"LineString","coordinates":[[2.051233720748093,49.136524458409681],[2.051989214225752,49.137573980921537],[2.052175101837399,49.137983154228927],[2.052304401678894,49.138711096242439],[2.052389232071801,49.139135765360784]]}},
{"type":"Feature","properties":{"GCIdentifi":131725,"GCCalculat":479.99187168481643,"Nom":"AX_994","code":"OISE24","source_doc":null,"date_visit":null},"geometry":{"type":"LineString","coordinates":[[2.113405986905061,49.123269749567186],[2.111947867881452,49.124121416019015],[2.110394502159007,49.125215409489883],[2.109189173091425,49.126514430040771],[2.109209615009414,49.126527951740286]]}},
{"type":"Feature","properties":{"GCIdentifi":131728,"GCCalculat":526.05319802073541,"Nom":"AX_995","code":"OISE24","source_doc":null,"date_visit":null},"geometry":{"type":"LineString","coordinates":[[2.103781760766765,49.124130958386623],[2.105227945201047,49.125483580102063],[2.107389680287793,49.126414280087097],[2.108679799837304,49.126776185225992],[2.109355055820553,49.126902148313114]]}},
{"type":"Feature","properties":{"GCIdentifi":131731,"GCCalculat":337.55253516766697,"Nom":"AX_996","code":"OISE24","source_doc":null,"date_visit":null},"geometry":{"type":"LineString","coordinates":[[2.10133251141592,49.131869303229259],[2.102717294405043,49.131773313714504],[2.10459348179464,49.131974743735405],[2.105855012718974,49.132255765336687],[2.105855012718974,49.132255765336687]]}},
{"type":"Feature","properties":{"GCIdentifi":131727,"GCCalculat":514.0251108035834,"Nom":"AX_997","code":"OISE24","source_doc":null,"date_visit":null},"geometry":{"type":"LineString","coordinates":[[2.103043589110117,49.12103594811466],[2.104362507582276,49.122874527657963],[2.106140544420381,49.12387522760681],[2.107575508611117,49.124346318072405],[2.107575508611117,49.124346318072405]]}},
{"type":"Feature","properties":{"GCIdentifi":131724,"GCCalculat":1465.0600062812421,"Nom":"AX_998","code":"OISE24","source_doc":null,"date_visit":"2007-01-30"},"geometry":{"type":"LineString","coordinates":[[2.105101323439244,49.120375369352118],[2.106147511161637,49.12201462676763],[2.107904924254174,49.124517657721185],[2.109292767359963,49.126680829261659],[2.109439367452366,49.127166204978828],[2.109437461255002,49.127581651345189],[2.109116651767172,49.128508518575948],[2.108924509685184,49.12898872390906],[2.107834694804732,49.130812343757384],[2.106350794507372,49.131618960719727],[2.10595072039709,49.132282902351932],[2.10595072039709,49.132282902351932]]}},
{"type":"Feature","properties":{"GCIdentifi":131729,"GCCalculat":2389.0706208792876,"Nom":"AX_999","code":"OISE24","source_doc":null,"date_visit":"2007-01-30"},"geometry":{"type":"LineString","coordinates":[[2.09878832123945,49.122574519124051],[2.099519037823019,49.123600089343341],[2.09972250484468,49.123986773180206],[2.099908208581369,49.124860753907392],[2.100050362975814,49.125899707704001],[2.100341848038665,49.126842408003355],[2.101053410456788,49.127965612119212],[2.101535576472073,49.128755986551354],[2.102062635706211,49.12910403403739],[2.102975406694092,49.129660581236685],[2.104409817812198,49.130643774476034],[2.105636811984933,49.131716347260202],[2.106238557491561,49.132573171454005],[2.106517120078351,49.132648970025834],[2.108489480440952,49.135746416939021],[2.108980499824025,49.136518818880717],[2.109331831199715,49.136774401798952],[2.109649941908311,49.137193848784577],[2.110268856879183,49.13769363627987],[2.111114546497322,49.138384750770001],[2.111695008384109,49.138693556938492],[2.11153601855086,49.139034586131167],[2.112193202870751,49.139401932390911],[2.114594828053383,49.140437403250267]]}},
{"type":"Feature","properties":{"GCIdentifi":131734,"GCCalculat":605.76399088208859,"Nom":"AX_1000","code":"OISE24","source_doc":"modifié sur carte le 17/01/2012","date_visit":null},"geometry":{"type":"LineString","coordinates":[[2.076003247933729,49.122282473236062],[2.077191631846828,49.123049844743015],[2.078708478457246,49.123835913228753],[2.081801573676711,49.124534501529247],[2.082735982921934,49.124713376818349]]}},
{"type":"Feature","properties":{"GCIdentifi":131732,"GCCalculat":874.69926192249159,"Nom":"AX_1001","code":"OISE24","source_doc":"modifié sur carte le 17/01/2012","date_visit":null},"geometry":{"type":"LineString","coordinates":[[2.092572214812586,49.121662041125553],[2.092894343710221,49.122949533783256],[2.092120849276116,49.124368318468733],[2.090636573128587,49.125246613648727],[2.088136077828787,49.126428101147461],[2.088130029726389,49.126946200469845],[2.088098544223072,49.127929561144157]]}},
{"type":"Feature","properties":{"GCIdentifi":131733,"GCCalculat":1655.9083537080148,"Nom":"AX_1002","code":"OISE24","source_doc":null,"date_visit":"2010-01-05"},"geometry":{"type":"LineString","coordinates":[[2.082735982921934,49.124713376818349],[2.084933735429484,49.125638473775879],[2.086846652262722,49.126640888634874],[2.088098544223072,49.127929561144157],[2.088913170875304,49.130116161208939],[2.090095558077286,49.131828849446862],[2.091365322995814,49.134378324156799],[2.091278172722827,49.134865074161361],[2.091318013313759,49.135407729556405],[2.091654327088285,49.136020562149888],[2.091820311245098,49.136786068166572],[2.092368354279293,49.137468884219587],[2.092747810403919,49.137781751535123],[2.096520753061759,49.14061950701084],[2.097659233378586,49.143168910548106]]}},
{"type":"Feature","properties":{"GCIdentifi":131736,"GCCalculat":1688.6856216918368,"Nom":"AX_1003","code":"OISE24","source_doc":"Modifié sur plan le 17/01/2012","date_visit":null},"geometry":{"type":"LineString","coordinates":[[2.063622970245163,49.126435256179469],[2.065278413858627,49.126888328094232],[2.067413987574805,49.127153867291419],[2.070084869351167,49.127466648315796],[2.072254627732601,49.12842657400563],[2.074476880378193,49.129192843999718],[2.076610660524003,49.129103983961812],[2.078562469594695,49.128205796281009],[2.080334375098319,49.127355268377407],[2.082807874538778,49.126145808918935],[2.08402327557253,49.125711642069561],[2.084933735429484,49.125638473775879]]}},
{"type":"Feature","properties":{"GCIdentifi":131798,"GCCalculat":1246.1428430815392,"Nom":"AX_1004","code":"OISE24","source_doc":null,"date_visit":null},"geometry":{"type":"LineString","coordinates":[[2.086706396326585,49.151649191956075],[2.087712860924081,49.150653143103874],[2.091514606611129,49.149654118190327],[2.095777896460199,49.149806882992479],[2.098246346306269,49.149794066058973],[2.101028633541834,49.149656073197825],[2.10229306755744,49.149416127321309],[2.102182140968485,49.149344034967442],[2.102250124701232,49.149442987736087],[2.102250124701232,49.149442987736087]]}},
{"type":"Feature","properties":{"GCIdentifi":131800,"GCCalculat":1290.9363077376122,"Nom":"AX_1005","code":"OISE24","source_doc":null,"date_visit":null},"geometry":{"type":"LineString","coordinates":[[2.088324651486853,49.159710433425055],[2.088553743758436,49.157732424836141],[2.090112591315293,49.155838144264202],[2.091711590626089,49.154457059583564],[2.092472111230598,49.152992210163198],[2.092479752790283,49.151446045667782],[2.094693937015754,49.150236899446931],[2.095640950405414,49.149807697389214],[2.095640950405414,49.149807697389214]]}},
{"type":"Feature","properties":{"GCIdentifi":131803,"GCCalculat":2565.4055534238187,"Nom":"AX_1006","code":"OISE24","source_doc":null,"date_visit":null},"geometry":{"type":"LineString","coordinates":[[2.075455066356185,49.1745105127683],[2.076878504158304,49.172186043984631],[2.07955960169919,49.171022039231509],[2.083294614573846,49.170014149010193],[2.086944098670938,49.169977211601854],[2.089264744457989,49.169244520083495],[2.09132796298318,49.168269805023812],[2.093023650962987,49.16610514853668],[2.093114676007476,49.164316600968569],[2.092648270750276,49.161680233766234],[2.093029888111134,49.159639677360055],[2.093938231383275,49.158760153394923],[2.094006469418074,49.158805200459312],[2.094006469418074,49.158805200459312]]}},
{"type":"Feature","properties":{"GCIdentifi":131808,"GCCalculat":612.7809918409522,"Nom":"AX_1007","code":"OISE24","source_doc":null,"date_visit":"2009-11-04"},"geometry":{"type":"LineString","coordinates":[[2.095267107112331,49.172924010202948],[2.096056147323663,49.173090876030813],[2.096643907391208,49.173169184194172],[2.098487221531463,49.17428566369815],[2.099058323667055,49.174341878947381],[2.099932001823803,49.174376652767506]]}},
{"type":"Feature","properties":{"GCIdentifi":131809,"GCCalculat":420.77248046371972,"Nom":"AX_1008","code":"OISE24","source_doc":null,"date_visit":null},"geometry":{"type":"LineString","coordinates":[[2.09173780793424,49.174016403433448],[2.09292602135669,49.174783604040975],[2.094775016921701,49.175613932833912],[2.096611725978982,49.175816527722141],[2.096611725978982,49.175816527722141]]}},
{"type":"Feature","properties":{"GCIdentifi":131810,"GCCalculat":521.28461056866922,"Nom":"AX_1009","code":"OISE24","source_doc":null,"date_visit":null},"geometry":{"type":"LineString","coordinates":[[2.09654164130725,49.175789442375674],[2.097695871482201,49.175458359098144],[2.099331718515802,49.174697084342625],[2.10088706944084,49.173918759496971],[2.102740052126145,49.1735710931925],[2.102740052126145,49.1735710931925]]}},
{"type":"Feature","properties":{"GCIdentifi":131811,"GCCalculat":1437.6658381242742,"Nom":"AX_1010","code":"OISE24","source_doc":null,"date_visit":"2009-11-04"},"geometry":{"type":"LineString","coordinates":[[2.081768620331686,49.173876643756103],[2.082624561432215,49.17409881857008],[2.084202458575505,49.174454728400896],[2.086333150420641,49.17517535500172],[2.089805393676157,49.176504696969921],[2.092337938940266,49.177567609433687],[2.094365678820902,49.17770834427369],[2.096251127732318,49.17671407945403],[2.096830738557357,49.175861911902466],[2.096830738557357,49.175861911902466]]}},
{"type":"Feature","properties":{"GCIdentifi":131815,"GCCalculat":823.29190648953204,"Nom":"AX_1011","code":"OISE24","source_doc":null,"date_visit":"2009-11-26"},"geometry":{"type":"LineString","coordinates":[[2.07682891882136,49.179001749853803],[2.078413752505097,49.180219129153812],[2.079205965450804,49.181030507232805],[2.079858666760782,49.182002130683301],[2.080595783252888,49.183776132036463],[2.080691700823076,49.184837830395686],[2.080384123330966,49.185633272270429],[2.080329946976054,49.186346339163883],[2.080268269826711,49.18711939906202]]}},
{"type":"Feature","properties":{"GCIdentifi":131816,"GCCalculat":994.19903837328025,"Nom":"AX_1012","code":"OISE24","source_doc":null,"date_visit":"2009-11-26"},"geometry":{"type":"LineString","coordinates":[[2.071881130931208,49.180970816557043],[2.074783978923988,49.182287446611817],[2.076242672294738,49.184015533164818],[2.076618757005166,49.184696375337687],[2.076565723765124,49.185177230618955],[2.076437875680827,49.185442339319181]]}},
{"type":"Feature","properties":{"GCIdentifi":131817,"GCCalculat":470.57507910142402,"Nom":"AX_1013","code":"OISE24","source_doc":null,"date_visit":"2009-11-26"},"geometry":{"type":"LineString","coordinates":[[2.070675858445556,49.185489084164459],[2.07252877898414,49.185277762699492],[2.074161622775595,49.185254917337588],[2.078764667513599,49.185646396344652],[2.080306385709847,49.185997992002015]]}},
{"type":"Feature","properties":{"GCIdentifi":131818,"GCCalculat":2379.7616953768534,"Nom":"AX_1014","code":"OISE24","source_doc":null,"date_visit":"2009-11-04"},"geometry":{"type":"LineString","coordinates":[[2.082985388223882,49.163538982320205],[2.083879606500836,49.162456254064359],[2.08435949409432,49.161697135552764],[2.084466396529523,49.16121452701524],[2.084149620919173,49.160211116377376],[2.084006378300422,49.15909915137091],[2.084653351030556,49.157796925812775],[2.084131705785039,49.156688626206851],[2.082179677955068,49.155092088534978],[2.079909468103459,49.153801350517391],[2.078007245889764,49.153204205591166],[2.078007245889764,49.153204205591166]]}},
{"type":"Feature","properties":{"GCIdentifi":131820,"GCCalculat":1395.054301280712,"Nom":"AX_1015","code":"OISE24","source_doc":null,"date_visit":"2009-04-20"},"geometry":{"type":"LineString","coordinates":[[2.073939503132156,49.165155804091384],[2.074919096830831,49.164159799913328],[2.076375140467433,49.163393940399139],[2.077591778115351,49.162236765798006],[2.078266656432505,49.160878496836723],[2.078722546312271,49.159806041727329],[2.078752093182794,49.159395143558775],[2.078472053366882,49.158929636804622],[2.077504778402467,49.157933722209521],[2.076073260266714,49.156685214509089],[2.075637937445834,49.156126167400707],[2.075485083024963,49.155896759170986],[2.075369766079121,49.155360865621901],[2.075373953941623,49.154898260441882],[2.075106970914396,49.154555179086316],[2.075106970914396,49.154555179086316]]}},
{"type":"Feature","properties":{"GCIdentifi":131826,"GCCalculat":1677.6699549077216,"Nom":"AX_1016","code":"OISE24","source_doc":null,"date_visit":null},"geometry":{"type":"LineString","coordinates":[[2.045744385201072,49.171012123879393],[2.04669072214588,49.170881658607492],[2.048299214360573,49.170547780564718],[2.048805477736427,49.170178403867908],[2.049217235620922,49.169061228021512],[2.049632738675677,49.167290841327663],[2.04893189457863,49.165871951959403],[2.049084666803892,49.164089029247499],[2.049815363219702,49.163280137701321],[2.051627787549456,49.16283550529446],[2.05439362144024,49.163036589589169],[2.056256307586682,49.163374636920594],[2.05817935783567,49.163948634499917],[2.059660933818695,49.164174547252195],[2.060338751015135,49.164217718983657]]}},
{"type":"Feature","properties":{"GCIdentifi":131827,"GCCalculat":989.73097142481129,"Nom":"AX_1017","code":"OISE24","source_doc":null,"date_visit":"2009-11-24"},"geometry":{"type":"LineString","coordinates":[[2.054783998317826,49.169037061957162],[2.0548529742292,49.168051341996424],[2.05489765375859,49.167426013408232],[2.055247429154199,49.166746416046891],[2.055678338989664,49.166550955755831],[2.056407962172305,49.16621925368915],[2.057575240592784,49.166015483672744],[2.058992710634673,49.16607506821687],[2.059777494105424,49.165980398413524],[2.060158254952088,49.165870135784083],[2.060561199628726,49.165773432937762],[2.060773820754509,49.16571891459148],[2.061049817983639,49.165663442513008]]}},
{"type":"Feature","properties":{"GCIdentifi":131832,"GCCalculat":236.64637777724153,"Nom":"AX_1018","code":"OISE24","source_doc":null,"date_visit":"2009-11-24"},"geometry":{"type":"LineString","coordinates":[[2.069686169080325,49.177094806278397],[2.069185411268231,49.176546355553512],[2.06868506196829,49.175922425218062],[2.067998754858917,49.17509045564104]]}},
{"type":"Feature","properties":{"GCIdentifi":131833,"GCCalculat":626.47894181993149,"Nom":"AX_1019","code":"OISE24","source_doc":null,"date_visit":"2009-11-24"},"geometry":{"type":"LineString","coordinates":[[2.067407597890896,49.177929287432804],[2.068304756516514,49.177044404949896],[2.068515589825407,49.176691984458877],[2.068517433773869,49.176354005384141],[2.068395770417412,49.176185964744001],[2.068282036936826,49.175930924447329],[2.067984536672382,49.1750621135185],[2.06774303900385,49.174476541189662],[2.066643733610318,49.172598114726696]]}},
{"type":"Feature","properties":{"GCIdentifi":131834,"GCCalculat":483.92680516949952,"Nom":"AX_1020","code":"OISE24","source_doc":null,"date_visit":"2009-11-26"},"geometry":{"type":"LineString","coordinates":[[2.067573351666925,49.186552481516742],[2.069026044935411,49.187576526799589],[2.069934158909697,49.188761316392139],[2.070429926492906,49.189295233326142],[2.070809084013085,49.189842553113188],[2.071258370554861,49.190276190744846]]}},
{"type":"Feature","properties":{"GCIdentifi":131835,"GCCalculat":564.08234104541089,"Nom":"AX_1021","code":"OISE24","source_doc":null,"date_visit":"2009-11-24"},"geometry":{"type":"LineString","coordinates":[[2.063734173214343,49.188922895997536],[2.063929430679169,49.190055659321906],[2.06423908527607,49.191339674592292],[2.064408928280097,49.19186849374811],[2.064435940764743,49.19218938419683]]}},
{"type":"Feature","properties":{"GCIdentifi":131836,"GCCalculat":674.26569308316812,"Nom":"AX_1022","code":"OISE24","source_doc":null,"date_visit":null},"geometry":{"type":"LineString","coordinates":[[2.060170365403062,49.185816470076666],[2.060547293081171,49.186875261725412],[2.060469659377909,49.187946537488259],[2.060038053267099,49.189150356123903],[2.058724051400376,49.190983077948523],[2.058720944105243,49.191531017790155],[2.058720944105243,49.191531017790155]]}},
{"type":"Feature","properties":{"GCIdentifi":131837,"GCCalculat":511.74138230105677,"Nom":"AX_1023","code":"OISE24","source_doc":null,"date_visit":"2009-11-24"},"geometry":{"type":"LineString","coordinates":[[2.053926183405556,49.187144107415413],[2.053375692451246,49.187746631569723],[2.053114416237799,49.188123441511287],[2.052852028558124,49.188688945345504],[2.052963630433087,49.189311982382094],[2.054195299127096,49.190428468389385],[2.054650465737413,49.191392026640735],[2.054647577590842,49.191901576736889]]}},
{"type":"Feature","properties":{"GCIdentifi":131838,"GCCalculat":352.64401408793316,"Nom":"AX_1024","code":"OISE24","source_doc":null,"date_visit":"2009-11-24"},"geometry":{"type":"LineString","coordinates":[[2.039855831868367,49.190505545675499],[2.048726645299318,49.190075202157715],[2.050769945257545,49.190250136711619],[2.051717393831186,49.190724293932128],[2.05363147554306,49.191998379915717]]}},
{"type":"Feature","properties":{"GCIdentifi":131841,"GCCalculat":1454.3283435477958,"Nom":"AX_1026","code":"OISE24","source_doc":null,"date_visit":null},"geometry":{"type":"LineString","coordinates":[[2.036280367442837,49.199252700710595],[2.037865406951069,49.200372942446599],[2.039455696774675,49.200637573949855],[2.04253101471644,49.200716238573257],[2.045031301286746,49.200102778466423],[2.046519445263411,49.199090336170592],[2.047798774094697,49.198617478735429],[2.049680773762768,49.198217945404899],[2.051701025577183,49.197907447171204],[2.054237055633549,49.198183199111448],[2.054237055633549,49.198183199111448]]}},
{"type":"Feature","properties":{"GCIdentifi":131842,"GCCalculat":1611.3576542176277,"Nom":"AX_1027","code":"OISE24","source_doc":null,"date_visit":null},"geometry":{"type":"LineString","coordinates":[[2.035135551715765,49.186947510132264],[2.036986056862035,49.187169067230116],[2.038755787763614,49.187146725555849],[2.041035855851052,49.186865146030293],[2.04251964008062,49.186535460353802],[2.04588843619996,49.185213443945024],[2.047348582456642,49.183930315930617],[2.049123743857242,49.183252066797067],[2.050291981052641,49.182362293867143],[2.050675876370589,49.182034241978215],[2.051087402394276,49.181663599974385],[2.051446731672578,49.181136757005049],[2.051727990720741,49.180479448879758],[2.051903230937566,49.179797173125927],[2.051858728100971,49.179788074470899]]}},
{"type":"Feature","properties":{"GCIdentifi":131844,"GCCalculat":1057.6880240654075,"Nom":"AX_1028","code":"OISE24","source_doc":null,"date_visit":null},"geometry":{"type":"LineString","coordinates":[[2.064997343770595,49.185466808961344],[2.065582602813104,49.183705278611107],[2.065564731018027,49.181969283965991],[2.064738537578253,49.179900132920714],[2.063154695385886,49.178565775254945],[2.060488007367228,49.177326475596523],[2.060488007367228,49.177326475596523]]}},
{"type":"Feature","properties":{"GCIdentifi":131846,"GCCalculat":750.55944183729423,"Nom":"AX_1029","code":"OISE24","source_doc":null,"date_visit":null},"geometry":{"type":"LineString","coordinates":[[2.041086868130347,49.173771470634023],[2.042987309020821,49.1747296610001],[2.044503126510034,49.175866497819733],[2.044975592996731,49.177063557132456],[2.045942445511638,49.178082208481861],[2.04625214880701,49.179296833624328],[2.04625214880701,49.179296833624328]]}},
{"type":"Feature","properties":{"GCIdentifi":131853,"GCCalculat":438.03551351647889,"Nom":"AX_1030","code":"OISE24","source_doc":null,"date_visit":null},"geometry":{"type":"LineString","coordinates":[[2.029839463671758,49.175809191771577],[2.029090787816459,49.175025665682398],[2.029142417774844,49.173335885322217],[2.029506721418765,49.172033202675657],[2.029506721418765,49.172033202675657]]}},
{"type":"Feature","properties":{"GCIdentifi":131854,"GCCalculat":272.44870443661728,"Nom":"AX_1031","code":"OISE24","source_doc":null,"date_visit":null},"geometry":{"type":"LineString","coordinates":[[2.033140478650711,49.174586165126449],[2.032143594507684,49.17377505745123],[2.031274695347733,49.172487052889224],[2.031274695347733,49.172487052889224]]}},
{"type":"Feature","properties":{"GCIdentifi":131855,"GCCalculat":1059.5541329976202,"Nom":"AX_1032","code":"OISE24","source_doc":null,"date_visit":null},"geometry":{"type":"LineString","coordinates":[[2.039386884780621,49.17139220101275],[2.037354094907338,49.171675509508901],[2.034607479408789,49.172189324753731],[2.03228879499827,49.172444828682764],[2.030479545934006,49.172295174692735],[2.029152161827381,49.171770607170522],[2.027745302914343,49.170813508441313],[2.02651626861076,49.169910778905077],[2.02651626861076,49.169910778905077]]}},
{"type":"Feature","properties":{"GCIdentifi":131856,"GCCalculat":385.8587705261159,"Nom":"AX_1033","code":"OISE24","source_doc":null,"date_visit":null},"geometry":{"type":"LineString","coordinates":[[2.03266634353704,49.168982896728032],[2.031602633067666,49.169031719913853],[2.030653946274421,49.169028087846335],[2.029683800140496,49.168898605120738],[2.02860905162385,49.168513945003248],[2.027789861167104,49.168070459025607],[2.027789861167104,49.168070459025607]]}},
{"type":"Feature","properties":{"GCIdentifi":131859,"GCCalculat":527.63797588331988,"Nom":"AX_1034","code":"OISE24","source_doc":null,"date_visit":null},"geometry":{"type":"LineString","coordinates":[[2.0397741973826,49.16366108954746],[2.039094869108582,49.163872691786558],[2.038335043341402,49.164084069876935],[2.037601866238934,49.164136052497959],[2.036979372058484,49.164009792251953],[2.035815587608858,49.163632825914121],[2.034653683082559,49.163239022487126],[2.033296323238949,49.16260888533143],[2.033296323238949,49.16260888533143]]}},
{"type":"Feature","properties":{"GCIdentifi":131860,"GCCalculat":944.70564028263664,"Nom":"AX_1035","code":"OISE24","source_doc":null,"date_visit":null},"geometry":{"type":"LineString","coordinates":[[2.041861896872121,49.167882865570093],[2.042024779945549,49.165841895704766],[2.042172214830263,49.164088347722767],[2.040877774961193,49.162655600086644],[2.039800360397518,49.16187018518179],[2.037888495242753,49.160345970331321],[2.037888495242753,49.160345970331321]]}},
{"type":"Feature","properties":{"GCIdentifi":131867,"GCCalculat":263.08451467765366,"Nom":"AX_1036","code":"OISE24","source_doc":null,"date_visit":null},"geometry":{"type":"LineString","coordinates":[[2.011299032885745,49.167071602661565],[2.0107006662746,49.166405173574312],[2.010701744028401,49.164946545843343],[2.01083680468155,49.16472012207867]]}},
{"type":"Feature","properties":{"GCIdentifi":131863,"GCCalculat":810.73881418917767,"Nom":"AX_1037","code":"OISE24","source_doc":null,"date_visit":"2009-11-24"},"geometry":{"type":"LineString","coordinates":[[2.020664532357376,49.168030332727177],[2.020559923154143,49.166653938103579],[2.02071353897298,49.166282455119159],[2.021166803668173,49.165840399100752],[2.021872822363886,49.165331036159287],[2.022140809148355,49.164811090132446],[2.022050736968652,49.164116601191857],[2.021320898883951,49.162949258521422]]}},
{"type":"Feature","properties":{"GCIdentifi":131866,"GCCalculat":286.9984489584632,"Nom":"AX_1038","code":"OISE24","source_doc":null,"date_visit":"2009-11-24"},"geometry":{"type":"LineString","coordinates":[[2.014600076282155,49.167356432716915],[2.015378502781274,49.16685030793321],[2.016042620904856,49.166480261764534],[2.016840886644687,49.165825439045882]]}},
{"type":"Feature","properties":{"GCIdentifi":131872,"GCCalculat":817.22147188345753,"Nom":"AX_1039","code":"OISE24","source_doc":null,"date_visit":"2007-05-03"},"geometry":{"type":"LineString","coordinates":[[2.005929817064148,49.155446843312895],[2.007433277204733,49.155393899585192],[2.008611629518382,49.15531980988149],[2.011496989155729,49.155733366796397],[2.013761625142639,49.156570684967981],[2.015463299371522,49.158160966864031],[2.015463299371522,49.158160966864031]]}},
{"type":"Feature","properties":{"GCIdentifi":131874,"GCCalculat":677.61395010680292,"Nom":"AX_1040","code":"OISE24","source_doc":null,"date_visit":"2007-05-03"},"geometry":{"type":"LineString","coordinates":[[2.012452736323451,49.152012621147236],[2.013538857497106,49.15293979936574],[2.014497874090939,49.153933990826268],[2.015062327315554,49.155321195161719],[2.014889773663299,49.157630470727398]]}},
{"type":"Feature","properties":{"GCIdentifi":131875,"GCCalculat":1247.6607297791602,"Nom":"AX_1041","code":"OISE24","source_doc":null,"date_visit":"2007-05-03"},"geometry":{"type":"LineString","coordinates":[[2.01634376883025,49.153337297239965],[2.018795017680983,49.154167182174461],[2.021264122338516,49.154894875375476],[2.022194754295465,49.154999598663103],[2.022862558724279,49.154977858196645],[2.023242194731578,49.154776772420647],[2.023766901629115,49.154372848085544],[2.024800359974504,49.153915274377759],[2.025481557879235,49.153671217680603],[2.026939014200256,49.152753273621364],[2.029502273249641,49.15100959844316],[2.030324508991646,49.150643487216243]]}},
{"type":"Feature","properties":{"GCIdentifi":131877,"GCCalculat":1084.0773620120763,"Nom":"AX_1042","code":"OISE24","source_doc":null,"date_visit":"2007-05-03"},"geometry":{"type":"LineString","coordinates":[[2.027997653955977,49.155105180638344],[2.028803108744623,49.155523925495189],[2.032070017705685,49.156281601087152],[2.035314894839853,49.156458602420877],[2.037066727009793,49.156666417543008],[2.038042995261757,49.157164150249343],[2.039010685699035,49.157668576625412],[2.039935150209052,49.157964042910983],[2.04135674406107,49.158723402286356]]}},
{"type":"Feature","properties":{"GCIdentifi":131880,"GCCalculat":303.46783127811489,"Nom":"AX_1043","code":"OISE24","source_doc":null,"date_visit":null},"geometry":{"type":"LineString","coordinates":[[2.049826332259163,49.151967217995164],[2.051610782483884,49.151549463050053],[2.052504434290279,49.151237271850121],[2.053607372832363,49.150846993363196]]}},
{"type":"Feature","properties":{"GCIdentifi":131883,"GCCalculat":426.68184808053553,"Nom":"AX_1044","code":"OISE24","source_doc":null,"date_visit":"2007-05-03"},"geometry":{"type":"LineString","coordinates":[[2.0124923565724,49.145978380260914],[2.014476935421482,49.146909220166052],[2.016019547026699,49.147907275059829],[2.016928290416489,49.148463402204875]]}},
{"type":"Feature","properties":{"GCIdentifi":131884,"GCCalculat":315.25701676853532,"Nom":"AX_1045","code":"OISE24","source_doc":null,"date_visit":"2007-05-03"},"geometry":{"type":"LineString","coordinates":[[2.017053810511418,49.145730654185762],[2.016427382987629,49.147042683677782],[2.016926562267241,49.14846562695412],[2.016926562267241,49.14846562695412]]}},
{"type":"Feature","properties":{"GCIdentifi":131886,"GCCalculat":565.95269244855376,"Nom":"AX_1046","code":"OISE24","source_doc":null,"date_visit":"2007-05-03"},"geometry":{"type":"LineString","coordinates":[[2.018658337990658,49.143754370754479],[2.021277561367787,49.144214104135919],[2.024654872885004,49.145244030727149],[2.025332608280133,49.145523229291321],[2.025671593074577,49.145783533526263]]}},
{"type":"Feature","properties":{"GCIdentifi":131888,"GCCalculat":661.32380008543623,"Nom":"AX_1047","code":"OISE24","source_doc":null,"date_visit":null},"geometry":{"type":"LineString","coordinates":[[2.029419110943214,49.146492053009183],[2.030677796513916,49.146945679998879],[2.032374799157899,49.147381364462682],[2.034508604856214,49.14805287593088],[2.035876383801237,49.148595455849097],[2.03717381143005,49.149453360288717],[2.03717381143005,49.149453360288717]]}},
{"type":"Feature","properties":{"GCIdentifi":131889,"GCCalculat":369.49973270225519,"Nom":"AX_1048","code":"OISE24","source_doc":null,"date_visit":null},"geometry":{"type":"LineString","coordinates":[[2.032143567211578,49.144908195604806],[2.032958003817734,49.146070275082764],[2.034400110797827,49.147881924281783],[2.034400110797827,49.147881924281783]]}},
{"type":"Feature","properties":{"GCIdentifi":131890,"GCCalculat":1340.0055176148508,"Nom":"AX_1049","code":"OISE24","source_doc":null,"date_visit":"2007-04-03"},"geometry":{"type":"LineString","coordinates":[[2.031036672656273,49.140952735154642],[2.032345618206045,49.141285206225646],[2.035247265464327,49.141733024405845],[2.037475857057484,49.142545083336003],[2.041902188011786,49.144791052489033],[2.043541843853176,49.146242647327675],[2.043928738802224,49.14681068683511],[2.044842131272504,49.148077371781788]]}},
{"type":"Feature","properties":{"GCIdentifi":131891,"GCCalculat":284.79227423982331,"Nom":"AX_1050","code":"OISE24","source_doc":null,"date_visit":"2007-04-03"},"geometry":{"type":"LineString","coordinates":[[2.034519811144215,49.139510066125617],[2.035445999470037,49.140582613549917],[2.036368110424508,49.141765157159476]]}},
{"type":"Feature","properties":{"GCIdentifi":131892,"GCCalculat":326.41641908712865,"Nom":"AX_1051","code":"OISE24","source_doc":null,"date_visit":"2007-04-03"},"geometry":{"type":"LineString","coordinates":[[2.038501903348058,49.137308409695862],[2.040355273211443,49.138452929477467],[2.04089711848351,49.13884509636663],[2.041813607622784,49.13926965522306]]}},
{"type":"Feature","properties":{"GCIdentifi":131893,"GCCalculat":501.77758739642081,"Nom":"AX_1052","code":"OISE24","source_doc":null,"date_visit":"2007-04-03"},"geometry":{"type":"LineString","coordinates":[[2.044403745258993,49.137405565726539],[2.04357785745668,49.138444371753707],[2.041863255830053,49.139269771780846],[2.042355704610894,49.139629241003703],[2.043862233832016,49.140706572575581]]}},
{"type":"Feature","properties":{"GCIdentifi":131894,"GCCalculat":558.23068836450955,"Nom":"AX_1053","code":"OISE24","source_doc":null,"date_visit":"2007-04-03"},"geometry":{"type":"LineString","coordinates":[[2.043862128750856,49.140723403738797],[2.042263267836028,49.143078488214158],[2.042209288146318,49.143518503903721],[2.042665062125979,49.145162444116252],[2.042740137856145,49.145488269627549]]}},
{"type":"Feature","properties":{"GCIdentifi":131895,"GCCalculat":135.129076830196,"Nom":"AX_1054","code":"OISE24","source_doc":null,"date_visit":"2007-04-03"},"geometry":{"type":"LineString","coordinates":[[2.045157342171634,49.139912623437198],[2.044857451199965,49.140270045778301],[2.044408550612778,49.140642837451615],[2.043911856015772,49.140706688070338]]}},
{"type":"Feature","properties":{"GCIdentifi":131896,"GCCalculat":1036.246679338384,"Nom":"AX_1055","code":"OISE24","source_doc":null,"date_visit":"2007-04-03"},"geometry":{"type":"LineString","coordinates":[[2.04819924435186,49.143023930680485],[2.049651906177274,49.144867968475687],[2.051134085592394,49.14576770741445],[2.05461802458144,49.146832962807231],[2.05554357501463,49.146914947336846],[2.056959196924546,49.14690268747033],[2.057884316528755,49.147064377116479],[2.059688309189065,49.147388767246049]]}},
{"type":"Feature","properties":{"GCIdentifi":131897,"GCCalculat":1284.2694373225297,"Nom":"AX_1056","code":"OISE24","source_doc":null,"date_visit":"2007-04-03"},"geometry":{"type":"LineString","coordinates":[[2.045832483723368,49.138319844525604],[2.048409515107272,49.138666577061827],[2.050867808281413,49.138838917334674],[2.052408060678409,49.139135814713988],[2.057044679100459,49.140573253847407],[2.057675814835792,49.140647773050681],[2.05825001487787,49.140795141553689],[2.05919337122071,49.14165079800398],[2.059913692255961,49.14229819830517],[2.060783017381801,49.143239022344567]]}},
{"type":"Feature","properties":{"GCIdentifi":131899,"GCCalculat":435.44689633703166,"Nom":"AX_1057","code":"OISE24","source_doc":null,"date_visit":"2007-04-03"},"geometry":{"type":"LineString","coordinates":[[2.053840955011115,49.136070523946543],[2.055298901734174,49.137284569858387],[2.056824706156536,49.138622274909281],[2.057492493474359,49.139167380404828]]}},
{"type":"Feature","properties":{"GCIdentifi":131900,"GCCalculat":579.74736686944073,"Nom":"AX_1058","code":"OISE24","source_doc":null,"date_visit":"2007-04-03"},"geometry":{"type":"LineString","coordinates":[[2.059225828686897,49.13587145662914],[2.057992962900481,49.137517959424123],[2.057597515589499,49.13814469695712],[2.057491761458118,49.139296500835172],[2.057976051687893,49.140513750469069],[2.058171433347485,49.140772497599606]]}},
{"type":"Feature","properties":{"GCIdentifi":131901,"GCCalculat":826.88770721758442,"Nom":"AX_1059","code":"OISE24","source_doc":null,"date_visit":null},"geometry":{"type":"LineString","coordinates":[[2.056291044860294,49.13374658180259],[2.061204256317292,49.134918399767457],[2.0638058877877,49.135446758827086],[2.065851473717117,49.137213401300116],[2.065851473717117,49.137213401300116]]}},
{"type":"Feature","properties":{"GCIdentifi":131902,"GCCalculat":1263.3045370421391,"Nom":"AX_1060","code":"OISE24","source_doc":null,"date_visit":null},"geometry":{"type":"LineString","coordinates":[[2.063284722804669,49.130669937338553],[2.063486364161108,49.133503425447984],[2.064135104737508,49.135330767107135],[2.06611274348696,49.137313939514748],[2.067186019972239,49.138835721633072],[2.067993643863108,49.141382047485429],[2.067993643863108,49.141382047485429]]}},
{"type":"Feature","properties":{"GCIdentifi":131905,"GCCalculat":604.35864756328942,"Nom":"AX_1061","code":"OISE24","source_doc":null,"date_visit":"2010-01-05"},"geometry":{"type":"LineString","coordinates":[[2.080838198519344,49.137774276011292],[2.0808670358297,49.140246515564087],[2.080881892168773,49.140908441254041],[2.080473310569796,49.14390607880226],[2.080550079759986,49.145162822390624]]}},
{"type":"Feature","properties":{"GCIdentifi":131906,"GCCalculat":321.79045850748412,"Nom":"AX_1062","code":"OISE24","source_doc":null,"date_visit":null},"geometry":{"type":"LineString","coordinates":[[2.084807359099583,49.139107904850711],[2.082197705741462,49.140563601583175],[2.080774975135772,49.141939944789591]]}},
{"type":"Feature","properties":{"GCIdentifi":132108,"GCCalculat":478.65319448236676,"Nom":"AX_1063","code":"OISE29","source_doc":null,"date_visit":null},"geometry":{"type":"LineString","coordinates":[[2.027061011624661,49.135479266256901],[2.02652501500381,49.133625076722971],[2.025418953646391,49.132911303367436],[2.023974357697378,49.131882182071216],[2.023974357697378,49.131882182071216]]}},
{"type":"Feature","properties":{"GCIdentifi":132110,"GCCalculat":614.40830152728779,"Nom":"AX_1064","code":"OISE29","source_doc":null,"date_visit":"2007-05-03"},"geometry":{"type":"LineString","coordinates":[[2.033933390120545,49.13913236654836],[2.032214124828297,49.13763100974694],[2.031156326392052,49.135995539372239],[2.030605214541263,49.13490375681998],[2.030368272648904,49.134200221071239]]}},
{"type":"Feature","properties":{"GCIdentifi":132119,"GCCalculat":424.2565750843242,"Nom":"AX_1065","code":"OISE29","source_doc":null,"date_visit":"2007-04-03"},"geometry":{"type":"LineString","coordinates":[[2.046304743777744,49.13018132071943],[2.043514046121485,49.129585849499556],[2.042349385852333,49.129199947122984],[2.040899097616432,49.128797612950891]]}},
{"type":"Feature","properties":{"GCIdentifi":132151,"GCCalculat":946.70627172749823,"Nom":"AX_1066","code":"OISE29","source_doc":null,"date_visit":null},"geometry":{"type":"LineString","coordinates":[[2.073425327222325,49.120298074314832],[2.072173042854542,49.118702960066294],[2.071127712570938,49.117127402207998],[2.069875116994374,49.115299812608306],[2.069155545030655,49.114244876003674],[2.068563185475471,49.112445770622429],[2.068563185475471,49.112445770622429]]}},
{"type":"Feature","properties":{"GCIdentifi":132144,"GCCalculat":285.00262880921457,"Nom":"AX_1067","code":"OISE29","source_doc":null,"date_visit":"2010-04-29"},"geometry":{"type":"LineString","coordinates":[[2.045772134742438,49.1023618191061],[2.046723993832774,49.101313219520094],[2.047631180045802,49.100406580105954],[2.048123788492484,49.100041277052476]]}},
{"type":"Feature","properties":{"GCIdentifi":132145,"GCCalculat":431.36324300648084,"Nom":"AX_1068","code":"OISE29","source_doc":null,"date_visit":"2010-04-29"},"geometry":{"type":"LineString","coordinates":[[2.046052664295722,49.099032087166009],[2.046444880564338,49.099482271168313],[2.047436569293662,49.100002952059484]]}},
{"type":"Feature","properties":{"GCIdentifi":132165,"GCCalculat":404.79600606417904,"Nom":"AX_1069","code":"OISE29","source_doc":null,"date_visit":"2010-03-02"},"geometry":{"type":"LineString","coordinates":[[2.066833386716092,49.094490052595958],[2.068118969140655,49.095422800309329],[2.069532606878435,49.095906385015219],[2.073134044811697,49.096710688249019]]}},
{"type":"Feature","properties":{"GCIdentifi":131159,"GCCalculat":483.03484291548176,"Nom":"AX_1070","code":"OISE19","source_doc":null,"date_visit":"2007-02-08"},"geometry":{"type":"LineString","coordinates":[[2.173716022655427,49.059820100549842],[2.173508253916385,49.061168369382997],[2.173238928361333,49.062001170244542],[2.172384419033812,49.063589923968117],[2.172081327503622,49.063781495968612],[2.171852055811682,49.063872119650043]]}},
{"type":"Feature","properties":{"GCIdentifi":131431,"GCCalculat":271.95602954978284,"Nom":"AX_1072","code":"OISE210","source_doc":null,"date_visit":null},"geometry":{"type":"LineString","coordinates":[[1.982744849355644,49.067706456924455],[1.981833727593195,49.068936558849664],[1.981619253672614,49.070004872463109],[1.981619253672614,49.070004872463109]]}},
{"type":"Feature","properties":{"GCIdentifi":131754,"GCCalculat":373.13841282837444,"Nom":"AX_1073","code":"OISE24","source_doc":null,"date_visit":null},"geometry":{"type":"LineString","coordinates":[[2.189238230452266,49.156988456565735],[2.187895229781451,49.156681294859581],[2.186677950659325,49.15613064240555],[2.18478850365537,49.15537246132628],[2.18478850365537,49.15537246132628]]}},
{"type":"Feature","properties":{"GCIdentifi":131242,"GCCalculat":213.20148988565336,"Nom":"AX_1074","code":"OISE210","source_doc":null,"date_visit":null},"geometry":{"type":"LineString","coordinates":[[2.070195739590277,49.076135747891684],[2.069148663697425,49.075063207007602],[2.068686827141421,49.074496190505734],[2.068686827141421,49.074496190505734]]}},
{"type":"Feature","properties":{"GCIdentifi":131244,"GCCalculat":245.00199546899822,"Nom":"AX_1075","code":"OISE210","source_doc":null,"date_visit":null},"geometry":{"type":"LineString","coordinates":[[2.069539153464888,49.081251167671383],[2.06864105477096,49.08042264513486],[2.067673849058387,49.079421005297377],[2.067673849058387,49.079421005297377]]}},
{"type":"Feature","properties":{"GCIdentifi":131269,"GCCalculat":909.13852300040571,"Nom":"AX_1076","code":"OISE210","source_doc":null,"date_visit":"2007-02-22"},"geometry":{"type":"LineString","coordinates":[[2.014548795347266,49.103870612022298],[2.01535023590436,49.102919520736251],[2.015796557115786,49.101608136997761],[2.014947942502783,49.099564355120705],[2.014677542828846,49.098807893472035],[2.014165634014046,49.098115891705099],[2.013079267366289,49.097150523108802],[2.012403674519132,49.096390673768539]]}},
{"type":"Feature","properties":{"GCIdentifi":131300,"GCCalculat":423.12790177611453,"Nom":"AX_1077","code":"OISE210","source_doc":null,"date_visit":null},"geometry":{"type":"LineString","coordinates":[[2.004036333257235,49.127491810989362],[2.005027755700993,49.128654627704691],[2.005744578543485,49.130204025488794],[2.005738877179204,49.131057397660364],[2.005738877179204,49.131057397660364]]}},
{"type":"Feature","properties":{"GCIdentifi":131047,"GCCalculat":594.23544250582302,"Nom":"AX_1078","code":"OISE19","source_doc":null,"date_visit":"2008-10-29"},"geometry":{"type":"LineString","coordinates":[[2.139089776156856,49.03889585836707],[2.13713836396225,49.037863925232394],[2.13555501739889,49.037051555516548],[2.132564888166924,49.035715661270523],[2.132564888166924,49.035715661270523]]}},
{"type":"Feature","properties":{"GCIdentifi":131311,"GCCalculat":391.13726893431976,"Nom":"AX_1079","code":"OISE210","source_doc":null,"date_visit":null},"geometry":{"type":"LineString","coordinates":[[1.983992808516154,49.140300149103354],[1.984869088374491,49.138612897989617],[1.984655979502626,49.137542147559692],[1.984235792808932,49.136947963450012],[1.984235792808932,49.136947963450012]]}},
{"type":"Feature","properties":{"GCIdentifi":131110,"GCCalculat":290.50068938355651,"Nom":"AX_1080","code":"OISE27","source_doc":null,"date_visit":"2007-02-13"},"geometry":{"type":"LineString","coordinates":[[2.14738560056855,49.080787462317872],[2.149192836390332,49.080673662591096],[2.151137381425887,49.080416324544615],[2.150959614374559,49.080416031148609],[2.150959614374559,49.080416031148609]]}},
{"type":"Feature","properties":{"GCIdentifi":131245,"GCCalculat":490.51546807976723,"Nom":"AX_1081","code":"OISE210","source_doc":null,"date_visit":null},"geometry":{"type":"LineString","coordinates":[[2.066423860855749,49.082638477329404],[2.064333202941663,49.082012577577849],[2.063036526979733,49.08125380775563],[2.06116834744356,49.07999058063276],[2.06116834744356,49.07999058063276]]}},
{"type":"Feature","properties":{"GCIdentifi":131246,"GCCalculat":315.78341963191758,"Nom":"AX_1082","code":"OISE210","source_doc":null,"date_visit":null},"geometry":{"type":"LineString","coordinates":[[2.056767892082242,49.078577425970401],[2.059040745388685,49.078367365847143],[2.060960986972099,49.077939699092532],[2.060960986972099,49.077939699092532]]}},
{"type":"Feature","properties":{"GCIdentifi":131706,"GCCalculat":786.40752018803948,"Nom":"AX_1083","code":"OISE24","source_doc":null,"date_visit":null},"geometry":{"type":"LineString","coordinates":[[2.163294891656427,49.114894024385883],[2.165815043815868,49.115248134761529],[2.169143882961028,49.115235082213488],[2.171130329539659,49.115094231674732],[2.173430801217797,49.115169396800241],[2.173908521194147,49.115248270226495],[2.175864972748271,49.115301945619315],[2.173979602636958,49.115260015742976]]}},
{"type":"Feature","properties":{"GCIdentifi":131708,"GCCalculat":1157.0203852933876,"Nom":"AX_1084","code":"OISE24","source_doc":null,"date_visit":"2010-01-17"},"geometry":{"type":"LineString","coordinates":[[2.161438786328336,49.11819812261411],[2.162002572506784,49.118634380586336],[2.16242610562824,49.118690182265432],[2.16453538370624,49.118589561089486],[2.168323492596989,49.117847235775287],[2.171068935557023,49.117080509009469],[2.171797142678185,49.117001463409132]]}},
{"type":"Feature","properties":{"GCIdentifi":131710,"GCCalculat":899.58267068974715,"Nom":"AX_1085","code":"OISE24","source_doc":null,"date_visit":"2010-01-17"},"geometry":{"type":"LineString","coordinates":[[2.16116785213142,49.120510849924401],[2.161827951728867,49.12108860357062],[2.163008585403811,49.121880106427675],[2.165053176697739,49.123250747231658],[2.166006275495357,49.123715877010646],[2.168956986381825,49.124863480248216],[2.169763659467321,49.125308496740516]]}},
{"type":"Feature","properties":{"GCIdentifi":131712,"GCCalculat":440.83208372437412,"Nom":"AX_1086","code":"OISE24","source_doc":null,"date_visit":"2010-01-17"},"geometry":{"type":"LineString","coordinates":[[2.157413858236084,49.131202327006193],[2.159899631707339,49.132308672309257],[2.161626820198869,49.133524294373373],[2.162232595207047,49.133872397025229]]}},
{"type":"Feature","properties":{"GCIdentifi":131714,"GCCalculat":452.21620194027184,"Nom":"AX_1087","code":"OISE24","source_doc":null,"date_visit":"2009-01-20"},"geometry":{"type":"LineString","coordinates":[[2.139945351428656,49.122702983666123],[2.142949957535458,49.126099175491866],[2.143405790663434,49.128099762909372],[2.14380304161995,49.130652710650978],[2.142351112472638,49.133487761791535]]}},
{"type":"Feature","properties":{"GCIdentifi":132102,"GCCalculat":429.59470387691687,"Nom":"AX_1088","code":"OISE29","source_doc":null,"date_visit":"2008-12-16"},"geometry":{"type":"LineString","coordinates":[[2.098854320338688,49.061581215777238],[2.100429706465406,49.062315470446769],[2.101701500789573,49.063289365650377],[2.102869727719193,49.063051459429175],[2.104150609152819,49.062472413853065]]}},
{"type":"Feature","properties":{"GCIdentifi":132106,"GCCalculat":697.39127314954476,"Nom":"AX_1090","code":"OISE29","source_doc":null,"date_visit":null},"geometry":{"type":"LineString","coordinates":[[2.017796122315407,49.137594110908523],[2.019112371385644,49.135700100696376],[2.022457174494747,49.133398429918287],[2.023652202770617,49.132762781917066],[2.023652202770617,49.132762781917066]]}},
{"type":"Feature","properties":{"GCIdentifi":132107,"GCCalculat":1817.3473225211806,"Nom":"AX_1091","code":"OISE29","source_doc":null,"date_visit":"2007-05-03"},"geometry":{"type":"LineString","coordinates":[[2.024834620669473,49.141442470391993],[2.026046752082499,49.138387035196814],[2.025577015603071,49.136068143930011],[2.02472111023662,49.135023777024927],[2.023851473589784,49.133995107401418],[2.023611138499135,49.1327626645081],[2.024486415602121,49.131002131391114],[2.024494369866686,49.129743411913694],[2.026060871127171,49.129064946686796],[2.028542856297101,49.12863933536066],[2.030392002429258,49.128716140397437],[2.030392002429258,49.128716140397437]]}},
{"type":"Feature","properties":{"GCIdentifi":132109,"GCCalculat":1892.3581254090175,"Nom":"AX_1092","code":"OISE29","source_doc":null,"date_visit":null},"geometry":{"type":"LineString","coordinates":[[2.030852811262904,49.139691243525483],[2.030277738280695,49.137488884120295],[2.030394357720191,49.13551628667571],[2.030332226653529,49.134222580266638],[2.029967090899292,49.131839981399949],[2.029841252186203,49.12923681780908],[2.03143919638727,49.127882378594499],[2.033642350639088,49.126313951229768],[2.034397411157084,49.125948768624959],[2.035726769369891,49.125115712941756],[2.036701938440221,49.124560210010948]]}},
{"type":"Feature","properties":{"GCIdentifi":132111,"GCCalculat":382.78693062906166,"Nom":"AX_1093","code":"OISE29","source_doc":null,"date_visit":null},"geometry":{"type":"LineString","coordinates":[[2.034175358229698,49.135390456542922],[2.03287939439046,49.134361830279829],[2.03191108267486,49.133765278689275],[2.03067964955823,49.133384707159024],[2.030201369299494,49.133246447891416]]}},
{"type":"Feature","properties":{"GCIdentifi":132112,"GCCalculat":797.34626771755052,"Nom":"AX_1094","code":"OISE29","source_doc":null,"date_visit":null},"geometry":{"type":"LineString","coordinates":[[2.037115334211851,49.134264065800728],[2.035815828346894,49.133811493089816],[2.0344517052036,49.132737827816563],[2.032759817301816,49.131546473301682],[2.032149084937677,49.130690340934819],[2.03043451121208,49.128761171095157],[2.03043451121208,49.128761171095157]]}},
{"type":"Feature","properties":{"GCIdentifi":132113,"GCCalculat":642.02156455935221,"Nom":"AX_1095","code":"OISE29","source_doc":null,"date_visit":"2010-03-02"},"geometry":{"type":"LineString","coordinates":[[2.014003306913808,49.131690183823181],[2.014563012185424,49.130442619724903],[2.015753466123753,49.12984740082689],[2.017802663548053,49.12918884204776],[2.018425609731648,49.129123584520443],[2.019586578862778,49.128950143340731]]}},
{"type":"Feature","properties":{"GCIdentifi":132116,"GCCalculat":1137.3513969718365,"Nom":"AX_1096","code":"OISE29","source_doc":null,"date_visit":"2010-03-02"},"geometry":{"type":"LineString","coordinates":[[2.00420772960294,49.123759009796622],[2.004924025081121,49.12441211992008],[2.006237510306866,49.125224914723191],[2.007389554689935,49.125515800579279],[2.009078776281134,49.125740759258882],[2.011997260607925,49.125581853882153],[2.014223435353993,49.125754887852857],[2.016165893777848,49.126192854659088],[2.018427339495046,49.127899599639072],[2.019804112961157,49.128783098603492],[2.020993596931522,49.129369602447824],[2.022203192911715,49.130026616512922],[2.02446450056683,49.130621799249305]]}},
{"type":"Feature","properties":{"GCIdentifi":132117,"GCCalculat":4885.4568295664149,"Nom":"AX_1097","code":"OISE29","source_doc":null,"date_visit":"2007-04-03"},"geometry":{"type":"LineString","coordinates":[[2.04593853255796,49.135132277903452],[2.043953136900944,49.134318749057137],[2.042697484758884,49.133388044099519],[2.04112258261054,49.130911437941315],[2.041175684097288,49.129470929365503],[2.040271457819844,49.127604606194822],[2.038545811442867,49.126060686087698],[2.036732864486714,49.12454007366091],[2.037278745212944,49.123114309394708],[2.038262109070082,49.121192266294045],[2.041588180463582,49.119708557705422],[2.044997177165852,49.117765734652096],[2.048772218322948,49.116372788348293],[2.050946347240721,49.114902758201943],[2.052851505702932,49.112299056052791],[2.054731003617267,49.10797275299452],[2.055672019384441,49.105524196410663],[2.056516117826375,49.103154300221235],[2.056516130593058,49.102095573122043],[2.056805864218788,49.101242601809481],[2.057405268141224,49.100324528623617],[2.057982411668943,49.099687612751374],[2.058467688335109,49.099387562646825],[2.059328542420202,49.099169235375598],[2.059322984742191,49.099060445080752]]}},
{"type":"Feature","properties":{"GCIdentifi":132120,"GCCalculat":1563.0214653705846,"Nom":"AX_1098","code":"OISE29","source_doc":null,"date_visit":"2010-03-02"},"geometry":{"type":"LineString","coordinates":[[2.025604282222536,49.123119334961387],[2.027884193899704,49.123856803840027],[2.028985332283101,49.124472369982421],[2.029321312171052,49.124812113952679],[2.029789192126206,49.125422560952899],[2.031173982077636,49.126433604330877],[2.031699119292106,49.126729941837546],[2.032635079971251,49.127029580788864]]}},
{"type":"Feature","properties":{"GCIdentifi":132125,"GCCalculat":1067.3442112494747,"Nom":"AX_1099","code":"OISE29","source_doc":null,"date_visit":"2010-03-02"},"geometry":{"type":"LineString","coordinates":[[2.032059055126739,49.117321636135301],[2.032924202395601,49.119631476820139],[2.033122189164411,49.120474731737275],[2.033680174810896,49.122068999863892],[2.034485717544189,49.122702768587516],[2.036250200455104,49.123165526754228],[2.037195936371638,49.12322525963981]]}},
{"type":"Feature","properties":{"GCIdentifi":132129,"GCCalculat":1113.9447916027357,"Nom":"AX_1100","code":"OISE29","source_doc":null,"date_visit":"2007-04-03"},"geometry":{"type":"LineString","coordinates":[[2.061476629866086,49.128111065267774],[2.058382673860622,49.127277184349815],[2.055016495472616,49.126486321123373],[2.052499105959508,49.12568849059884],[2.051713884508095,49.125377732396487],[2.050242709049358,49.125040596339254],[2.048922930203969,49.124272593105481],[2.04808502474329,49.123612493021632]]}},
{"type":"Feature","properties":{"GCIdentifi":132130,"GCCalculat":1089.2532232775288,"Nom":"AX_1101","code":"OISE29","source_doc":null,"date_visit":"2007-04-03"},"geometry":{"type":"LineString","coordinates":[[2.047639902105243,49.126585877350983],[2.047476572181853,49.125844370865188],[2.047960542777837,49.124128713590217],[2.048549741016472,49.12166884806205],[2.047945928728673,49.119310396036411],[2.047400532557574,49.116917303254446],[2.047400532557574,49.116917303254446]]}},
{"type":"Feature","properties":{"GCIdentifi":132131,"GCCalculat":542.59251394546311,"Nom":"AX_1102","code":"OISE29","source_doc":null,"date_visit":null},"geometry":{"type":"LineString","coordinates":[[2.055713348517474,49.129410862961315],[2.054927744990868,49.127646029545652],[2.053237378033937,49.126140581190946],[2.052235935834038,49.125635048861291],[2.051821367118022,49.125428536732912]]}},
{"type":"Feature","properties":{"GCIdentifi":132132,"GCCalculat":577.44648696866125,"Nom":"AX_1103","code":"OISE29","source_doc":null,"date_visit":"2011-09-27"},"geometry":{"type":"LineString","coordinates":[[2.054706590106759,49.124171208843855],[2.05396875884288,49.123857914904519],[2.053180740191665,49.123504091827506],[2.051978479031919,49.122966502450446],[2.051251824339383,49.122599788242582],[2.050081511312043,49.121988897676488]]}},
{"type":"Feature","properties":{"GCIdentifi":132133,"GCCalculat":657.33008554708431,"Nom":"AX_1104","code":"OISE29","source_doc":null,"date_visit":null},"geometry":{"type":"LineString","coordinates":[[2.043022961954917,49.124693333815131],[2.04343044856872,49.123200938404644],[2.044848808220508,49.122036770383183],[2.046513225526955,49.12090688717813],[2.048066498719863,49.12004843932116],[2.048066498719863,49.12004843932116]]}},
{"type":"Feature","properties":{"GCIdentifi":132135,"GCCalculat":462.08711176635654,"Nom":"AX_1105","code":"OISE29","source_doc":null,"date_visit":null},"geometry":{"type":"LineString","coordinates":[[2.039021963607901,49.115753899793184],[2.040522290061837,49.116872805602071],[2.042283556860449,49.117848634414116],[2.043800923818652,49.118427431446996],[2.043800923818652,49.118427431446996]]}},
{"type":"Feature","properties":{"GCIdentifi":132136,"GCCalculat":1867.6284219249746,"Nom":"AX_1106","code":"OISE29","source_doc":null,"date_visit":"2010-03-02"},"geometry":{"type":"LineString","coordinates":[[2.038119369243544,49.1129774416343],[2.038700181318996,49.110594496772563],[2.039986882987716,49.109795869160514],[2.041867951564815,49.109093302032598],[2.043241156611968,49.108986810798015],[2.047671231207851,49.109074158910438],[2.051417025513872,49.109228925495337],[2.053131693250528,49.109326024012042],[2.054107725265736,49.109203225366862]]}},
{"type":"Feature","properties":{"GCIdentifi":132138,"GCCalculat":319.6178357352602,"Nom":"AX_1107","code":"OISE29","source_doc":null,"date_visit":null},"geometry":{"type":"LineString","coordinates":[[2.048646151477467,49.112172910572802],[2.050277996628919,49.111870459006582],[2.052302435937009,49.112298822277083],[2.052837263626395,49.112397843512568],[2.052837263626395,49.112397843512568]]}},
{"type":"Feature","properties":{"GCIdentifi":132141,"GCCalculat":843.66730543675749,"Nom":"AX_1108","code":"OISE29","source_doc":null,"date_visit":"2010-02-03"},"geometry":{"type":"LineString","coordinates":[[2.046461336937743,49.106764377796651],[2.048299002309883,49.106001831028969],[2.05134398382773,49.105290813276852],[2.052868202026698,49.105196571586596],[2.054247260540804,49.105196104061712],[2.055808404365774,49.105195935475017]]}},
{"type":"Feature","properties":{"GCIdentifi":132142,"GCCalculat":518.07838906931624,"Nom":"AX_1109","code":"OISE29","source_doc":null,"date_visit":"2010-02-03"},"geometry":{"type":"LineString","coordinates":[[2.046930112327166,49.103768873524629],[2.048384292753655,49.104368918859976],[2.050494058166907,49.104940171029384],[2.051801046622736,49.105108926938641],[2.052609481189227,49.105205845337387]]}},
{"type":"Feature","properties":{"GCIdentifi":132147,"GCCalculat":596.86782557053732,"Nom":"AX_1110","code":"OISE29","source_doc":null,"date_visit":null},"geometry":{"type":"LineString","coordinates":[[2.055471896579989,49.094571921028944],[2.05734114801637,49.095718438202077],[2.059030385328739,49.097575307938037],[2.059418659851485,49.099078655579248],[2.059418659851485,49.099078655579248]]}},
{"type":"Feature","properties":{"GCIdentifi":132148,"GCCalculat":1251.6174044310542,"Nom":"AX_1111","code":"OISE29","source_doc":"modifié sur carte le 17/01/2012","date_visit":null},"geometry":{"type":"LineString","coordinates":[[2.062584997917933,49.117207615130901],[2.06638685286222,49.11492439807845],[2.068463887924697,49.113160324624623],[2.068790925796526,49.111650611104423],[2.069011122874675,49.110343918193571],[2.069046919375098,49.109480201687624]]}},
{"type":"Feature","properties":{"GCIdentifi":132149,"GCCalculat":1008.1472232248262,"Nom":"AX_1112","code":"OISE29","source_doc":null,"date_visit":"2010-01-05"},"geometry":{"type":"LineString","coordinates":[[2.068674239925915,49.120165103876147],[2.066492227757732,49.119208604164328],[2.064908711420013,49.118652654266626],[2.063793467167283,49.11824263877071],[2.062803695953148,49.117588433463204],[2.062584997917933,49.117207615130901]]}},
{"type":"Feature","properties":{"GCIdentifi":132152,"GCCalculat":1430.6661768772326,"Nom":"AX_1113","code":"OISE29","source_doc":null,"date_visit":"2010-01-05"},"geometry":{"type":"LineString","coordinates":[[2.069047028767697,49.109459620545159],[2.069119723192271,49.10752649944645],[2.069251848516703,49.106210541165865],[2.069917974459457,49.10460781158551],[2.070390518143632,49.104094692127461],[2.07091121916958,49.103628816655103],[2.072066716940159,49.102776967479038],[2.072837399974738,49.102248738949626],[2.072837399974738,49.102248738949626]]}},
{"type":"Feature","properties":{"GCIdentifi":132155,"GCCalculat":1874.1598324784168,"Nom":"AX_1114","code":"OISE29","source_doc":null,"date_visit":"2010-03-02"},"geometry":{"type":"LineString","coordinates":[[2.081699632118961,49.116956952115267],[2.080079412453554,49.114890507960716],[2.077321824329227,49.111286887794506],[2.075696473750016,49.108744373903122],[2.075382451762823,49.107960303014849],[2.076150135294531,49.106157251012654],[2.076141216271356,49.105011619451226]]}},
{"type":"Feature","properties":{"GCIdentifi":132160,"GCCalculat":2198.9922996568707,"Nom":"AX_1115","code":"OISE29","source_doc":null,"date_visit":"2010-03-02"},"geometry":{"type":"LineString","coordinates":[[2.087918940150936,49.113325753557895],[2.086796136485843,49.112274536420443],[2.085579012598899,49.111305349528813],[2.081267111098108,49.108992732481212],[2.079767724346266,49.108125719285567],[2.078424808501456,49.107300150225328],[2.077333873595081,49.106207763364672],[2.076386687195319,49.10522530498703],[2.07407068228973,49.103551739910202],[2.072876449399011,49.102302729773662],[2.071899323771414,49.100825030585028],[2.071551493622769,49.09935773837833],[2.071551493622769,49.09935773837833]]}},
{"type":"Feature","properties":{"GCIdentifi":132164,"GCCalculat":3262.8178572218067,"Nom":"AX_1116","code":"OISE29","source_doc":null,"date_visit":null},"geometry":{"type":"LineString","coordinates":[[2.094742524687708,49.120407893903952],[2.094999771722853,49.118528747620246],[2.094323602647535,49.11653086160586],[2.092852008079687,49.114891707167644],[2.091889426675532,49.112722497242828],[2.090890056715274,49.110058041492643],[2.087776246757405,49.105483458290983],[2.085044690838882,49.10385832466735],[2.083760424453771,49.100501461665431],[2.082729068400687,49.098538645442282],[2.08168684518833,49.096378156364779],[2.080508126202924,49.093847944829136],[2.079936204805867,49.093352598314446],[2.079936204805867,49.093352598314446]]}},
{"type":"Feature","properties":{"GCIdentifi":132166,"GCCalculat":410.26750681339917,"Nom":"AX_1117","code":"OISE29","source_doc":null,"date_visit":null},"geometry":{"type":"LineString","coordinates":[[2.072807364970592,49.092176471194321],[2.073885475259913,49.092961594399952],[2.075357912427426,49.094205742571724],[2.076545925183602,49.09491810486913],[2.076545925183602,49.09491810486913]]}},
{"type":"Feature","properties":{"GCIdentifi":132167,"GCCalculat":3331.8101772638297,"Nom":"AX_1118","code":"OISE29","source_doc":null,"date_visit":null},"geometry":{"type":"LineString","coordinates":[[2.103704810977782,49.117225135487899],[2.103538974077324,49.114671375544418],[2.101113321407829,49.111815455094302],[2.098594500164268,49.108833523641216],[2.09608298327809,49.106867742914424],[2.093476481599245,49.104784916849873],[2.090596547024873,49.103051780190796],[2.087975648010485,49.101203507530975],[2.086730330567453,49.098231901638144],[2.086833584952644,49.096748817901762],[2.084679592455539,49.09496434771178],[2.083504587562382,49.094358772713299],[2.083238622749679,49.092873742968919],[2.082929319174519,49.091838897619333],[2.082929319174519,49.091838897619333]]}},
{"type":"Feature","properties":{"GCIdentifi":132171,"GCCalculat":793.40364917370334,"Nom":"AX_1119","code":"OISE29","source_doc":null,"date_visit":"2010-03-02"},"geometry":{"type":"LineString","coordinates":[[2.093046559724541,49.09230884660429],[2.091309297711961,49.092105174410911],[2.087217829386207,49.091036776302097],[2.086257209696563,49.090669563054313],[2.084525794183743,49.09013768802896]]}},
{"type":"Feature","properties":{"GCIdentifi":132172,"GCCalculat":899.54236139080035,"Nom":"AX_1120","code":"OISE29","source_doc":null,"date_visit":"2010-03-02"},"geometry":{"type":"LineString","coordinates":[[2.09286037576227,49.090052670171147],[2.089699635490509,49.089224252496088],[2.088031060016615,49.088788171574244],[2.086681088112865,49.088566201220331],[2.084601439762957,49.088829904927678],[2.084601439762957,49.088829904927678]]}},
{"type":"Feature","properties":{"GCIdentifi":132173,"GCCalculat":938.78956854840862,"Nom":"AX_1121","code":"OISE29","source_doc":null,"date_visit":null},"geometry":{"type":"LineString","coordinates":[[2.071887883238171,49.090186853258388],[2.074602232869323,49.089670980959887],[2.076768708025009,49.088966238472189],[2.079112192142216,49.088404488797877],[2.08114292784468,49.087473669006897],[2.083489186588777,49.086679388344329],[2.083489186588777,49.086679388344329]]}},
{"type":"Feature","properties":{"GCIdentifi":132174,"GCCalculat":497.52031071763719,"Nom":"AX_1122","code":"OISE29","source_doc":null,"date_visit":"2010-03-02"},"geometry":{"type":"LineString","coordinates":[[2.072776357501054,49.087964049048459],[2.077182771736222,49.087795385133994],[2.080317634440047,49.087830665805939]]}},
{"type":"Feature","properties":{"GCIdentifi":132176,"GCCalculat":848.96731497080759,"Nom":"AX_1123","code":"OISE29","source_doc":null,"date_visit":"2008-12-18"},"geometry":{"type":"LineString","coordinates":[[2.072548082293475,49.084379755454698],[2.074409763394689,49.083731634352333],[2.078854487818447,49.083394742819827],[2.082354681594028,49.084223384509279],[2.083866036566365,49.084526537381947],[2.083954442824133,49.084288683100063]]}},
{"type":"Feature","properties":{"GCIdentifi":132177,"GCCalculat":370.12744488130983,"Nom":"AX_1124","code":"OISE29","source_doc":null,"date_visit":"2008-12-18"},"geometry":{"type":"LineString","coordinates":[[2.074752999345895,49.081866205077226],[2.076270062575443,49.082363715514454],[2.077920941550122,49.083105194446532],[2.078398735131195,49.083267970436786],[2.078781079910712,49.083378867052545]]}},
{"type":"Feature","properties":{"GCIdentifi":132178,"GCCalculat":662.05896116351914,"Nom":"AX_1125","code":"OISE29","source_doc":null,"date_visit":null},"geometry":{"type":"LineString","coordinates":[[2.077647244649196,49.078239131643393],[2.080269254878208,49.07924327575617],[2.083401311048702,49.079799334783644],[2.086041045677414,49.080380037413619],[2.086041045677414,49.080380037413619]]}},
{"type":"Feature","properties":{"GCIdentifi":132179,"GCCalculat":426.17432762682233,"Nom":"AX_1126","code":"OISE29","source_doc":null,"date_visit":"2008-12-18"},"geometry":{"type":"LineString","coordinates":[[2.0825134847555,49.076937401370046],[2.084822668918466,49.077617344839297],[2.085964558628223,49.077937614039975],[2.086229001097089,49.078033644546593]]}},
{"type":"Feature","properties":{"GCIdentifi":132180,"GCCalculat":713.21682127448662,"Nom":"AX_1127","code":"OISE29","source_doc":null,"date_visit":"2008-12-18"},"geometry":{"type":"LineString","coordinates":[[2.081157409510515,49.074411276313036],[2.081949038150361,49.074688137421134],[2.084983718284722,49.075522409726055],[2.088581352230994,49.075916527490904],[2.088581352230994,49.075916527490904]]}},
{"type":"Feature","properties":{"GCIdentifi":132182,"GCCalculat":666.7625710471691,"Nom":"AX_1128","code":"OISE29","source_doc":null,"date_visit":"2010-02-19"},"geometry":{"type":"LineString","coordinates":[[2.100201894953906,49.073399736174871],[2.098579859235286,49.071747156512778],[2.098261300261052,49.071181688333979],[2.098134664125599,49.070858042407465]]}},
{"type":"Feature","properties":{"GCIdentifi":132185,"GCCalculat":940.80111305937703,"Nom":"AX_1129","code":"OISE29","source_doc":null,"date_visit":null},"geometry":{"type":"LineString","coordinates":[[2.124048106044975,49.114386710424952],[2.12300350798259,49.11505063474128],[2.121234821228414,49.11543471336563],[2.11887746744844,49.115474070328659],[2.117002329747514,49.115165054425965],[2.114881552560335,49.114701722396347],[2.112022921713645,49.114013458710637],[2.112022921713645,49.114013458710637]]}},
{"type":"Feature","properties":{"GCIdentifi":132187,"GCCalculat":5939.7998186673294,"Nom":"AX_1130","code":"OISE29","source_doc":null,"date_visit":"2010-02-19"},"geometry":{"type":"LineString","coordinates":[[2.119414176118831,49.118290112098435],[2.117899079440162,49.117001553840041],[2.116681074984882,49.116620814589211],[2.113754492321164,49.11541931439789],[2.111774853238932,49.114021958457585],[2.111533613907224,49.112906467760602],[2.110438806654902,49.109936562116339],[2.110145150630826,49.107957495658582],[2.109694363417294,49.104818153219817],[2.109701756099832,49.102808708836662],[2.110241304355256,49.101739398371478],[2.11186644157842,49.099912111696511],[2.112203691142366,49.097818359725274],[2.111644831891241,49.09725424435414],[2.109921046106248,49.097157243863968],[2.108770854230795,49.097028081830977],[2.107912536990507,49.09627067146166],[2.107449619231446,49.095434328956273],[2.107592319828044,49.094156776008717],[2.108573463928944,49.092370013278369],[2.110291964947761,49.090844048157642],[2.110545098122708,49.08932530704633],[2.108347729169455,49.087936445635499],[2.105000912952401,49.086337490878002],[2.101112570318967,49.083623435746283],[2.099466208529168,49.081155337675263],[2.096409962173515,49.079008772078211],[2.094325033791703,49.077169605575648],[2.092283969847666,49.07479149959989],[2.091670809378001,49.074008674859115],[2.091670809378001,49.074008674859115]]}},
{"type":"Feature","properties":{"GCIdentifi":132189,"GCCalculat":734.94660974218516,"Nom":"AX_1131","code":"OISE29","source_doc":null,"date_visit":null},"geometry":{"type":"LineString","coordinates":[[2.106464274434632,49.119020564582279],[2.108960450004776,49.118224930047376],[2.110378829273599,49.117057703364644],[2.111828523603402,49.114256738741865],[2.111761630474199,49.113923124065757],[2.111761630474199,49.113923124065757]]}},
{"type":"Feature","properties":{"GCIdentifi":132191,"GCCalculat":689.22272684997779,"Nom":"AX_1132","code":"OISE29","source_doc":null,"date_visit":null},"geometry":{"type":"LineString","coordinates":[[2.104818529654004,49.116480671454049],[2.106764814440803,49.1161971317607],[2.108576340853495,49.11546303662292],[2.109773314829838,49.114440214896334],[2.111412232203483,49.112518841927162],[2.111412232203483,49.112518841927162]]}},
{"type":"Feature","properties":{"GCIdentifi":132193,"GCCalculat":1233.8977484826805,"Nom":"AX_1133","code":"OISE29","source_doc":null,"date_visit":"2010-02-19"},"geometry":{"type":"LineString","coordinates":[[2.120836262037179,49.108412800896645],[2.118294081799758,49.107429756021737],[2.117188044543444,49.106986095680433],[2.11594548314662,49.106214754306677],[2.112812863116771,49.103749492307003],[2.110871008044829,49.102319597018997],[2.110408987659654,49.101631749358503]]}},
{"type":"Feature","properties":{"GCIdentifi":132194,"GCCalculat":471.41934411603688,"Nom":"AX_1134","code":"OISE29","source_doc":null,"date_visit":"2010-02-19"},"geometry":{"type":"LineString","coordinates":[[2.104495190661941,49.101121185241738],[2.105246751004696,49.101500115892748],[2.107106497424786,49.10218281467106],[2.108310562710172,49.10242509267961],[2.109802651777357,49.102451693946762]]}},
{"type":"Feature","properties":{"GCIdentifi":132197,"GCCalculat":1286.4683934805601,"Nom":"AX_1135","code":"OISE29","source_doc":null,"date_visit":"2010-02-19"},"geometry":{"type":"LineString","coordinates":[[2.12396272017111,49.10561917966313],[2.121898560116257,49.104805738045116],[2.120508459110258,49.103165955588779],[2.118269025220237,49.101425759111031],[2.11701474152017,49.100444228469961],[2.115430567627883,49.099442939096221],[2.114814737223471,49.098895397010878],[2.113971084363287,49.098360289898551],[2.112274469125659,49.097834455976489]]}},
{"type":"Feature","properties":{"GCIdentifi":132198,"GCCalculat":1292.8509485320906,"Nom":"AX_1136","code":"OISE29","source_doc":null,"date_visit":"2010-02-19"},"geometry":{"type":"LineString","coordinates":[[2.123862088791583,49.099008325258659],[2.12194668997085,49.097407683243866],[2.120958527598121,49.097011579721077],[2.118876309870749,49.096871902660602],[2.116935422356772,49.096779894625804],[2.11506375429388,49.096797236726296],[2.111995030970635,49.097552380791619]]}},
{"type":"Feature","properties":{"GCIdentifi":131304,"GCCalculat":866.64790188766369,"Nom":"AX_1137","code":"OISE210","source_doc":null,"date_visit":null},"geometry":{"type":"LineString","coordinates":[[2.01721621616579,49.140469310186155],[2.016142174695893,49.139297403227701],[2.01466691490615,49.138511739837078],[2.012861113065511,49.137768933433051],[2.010728058454209,49.137098164716384],[2.009004985773978,49.136544171531909],[2.007595073797869,49.136252663664195],[2.007595073797869,49.136252663664195]]}},
{"type":"Feature","properties":{"GCIdentifi":131298,"GCCalculat":988.67258680841201,"Nom":"AX_1138","code":"OISE210","source_doc":null,"date_visit":null},"geometry":{"type":"LineString","coordinates":[[1.998058416129547,49.127941446549173],[2.00080594339126,49.129002782872917],[2.004086360700181,49.13022617011751],[2.005629550577563,49.131030130869128],[2.007351038242352,49.133841157234137],[2.007351038242352,49.133841157234137]]}},
{"type":"Feature","properties":{"GCIdentifi":131299,"GCCalculat":357.31160655019914,"Nom":"AX_1139","code":"OISE210","source_doc":null,"date_visit":null},"geometry":{"type":"LineString","coordinates":[[2.011186366056042,49.131954438318928],[2.009637182829858,49.132040973420658],[2.008155098279926,49.132584714905036],[2.007462399437816,49.133563004626033],[2.007462399437816,49.133563004626033]]}},
{"type":"Feature","properties":{"GCIdentifi":131295,"GCCalculat":474.95599511606849,"Nom":"AX_1140","code":"OISE210","source_doc":null,"date_visit":null},"geometry":{"type":"LineString","coordinates":[[1.995315296151803,49.128482409848836],[1.994269789551602,49.128740924192442],[1.992530082403631,49.128923241173368],[1.990899260862993,49.128945262359721],[1.989678992882249,49.128987631869641],[1.988911240425049,49.128912324585606],[1.988911240425049,49.128912324585606]]}},
{"type":"Feature","properties":{"GCIdentifi":131309,"GCCalculat":436.31972414010841,"Nom":"AX_1141","code":"oise210","source_doc":null,"date_visit":null},"geometry":{"type":"LineString","coordinates":[[1.998303421010937,49.134138224071478],[1.997431783602599,49.135224843525123],[1.996988381056469,49.136248713209419],[1.996660643349156,49.137865799995133],[1.996660643349156,49.137865799995133]]}},
{"type":"Feature","properties":{"GCIdentifi":131276,"GCCalculat":278.15489231747222,"Nom":"AX_1142","code":"OISE210","source_doc":null,"date_visit":"2010-03-02"},"geometry":{"type":"LineString","coordinates":[[2.014478198499262,49.117106589243292],[2.013363383705748,49.116764622473553],[2.011980052750385,49.116190054213035],[2.010769387888826,49.115764075074914],[2.010279041776937,49.115401631423666],[2.00988471456894,49.115018917377753]]}},
{"type":"Feature","properties":{"GCIdentifi":131294,"GCCalculat":258.53847871273103,"Nom":"AX_1143","code":"OISE210","source_doc":null,"date_visit":null},"geometry":{"type":"LineString","coordinates":[[1.993917014615615,49.126562600683663],[1.992579422868297,49.125768090993141],[1.992197137286914,49.125141488467392],[1.991881802832659,49.124723962097264]]}},
{"type":"Feature","properties":{"GCIdentifi":131302,"GCCalculat":532.61849437607907,"Nom":"AX_1144","code":"oise210","source_doc":null,"date_visit":null},"geometry":{"type":"LineString","coordinates":[[2.007500590049456,49.133994294328019],[2.007889508539025,49.135209230731931],[2.00752231000646,49.13689923863641],[2.006099845834206,49.138486273827127],[2.006099845834206,49.138486273827127]]}},
{"type":"Feature","properties":{"GCIdentifi":131301,"GCCalculat":445.96679729247614,"Nom":"AX_1145","code":"OISE210","source_doc":null,"date_visit":null},"geometry":{"type":"LineString","coordinates":[[2.00200534229992,49.132045928336588],[2.004026487706235,49.13302309271328],[2.005680740459781,49.133602793287736],[2.007170836986203,49.134174129725245],[2.007170836986203,49.134174129725245]]}},
{"type":"Feature","properties":{"GCIdentifi":131291,"GCCalculat":392.28290568242664,"Nom":"AX_1146","code":"OISE210","source_doc":null,"date_visit":"2006-12-08"},"geometry":{"type":"LineString","coordinates":[[1.99622835768144,49.120879856908267],[1.995642099611748,49.1205513525179],[1.994169908944355,49.119451037795542],[1.993531937633076,49.118692294933922],[1.993166941721757,49.118044417153243],[1.993166941721757,49.118044417153243]]}},
{"type":"Feature","properties":{"GCIdentifi":131273,"GCCalculat":3951.0254963798347,"Nom":"AX_1147","code":"OISE210","source_doc":null,"date_visit":"2010-03-02"},"geometry":{"type":"LineString","coordinates":[[2.004806416324768,49.119097570500436],[2.005488732235269,49.118873502446782],[2.006476776317738,49.118707848391779],[2.007147308281461,49.118458254081254],[2.008220270179458,49.11814804364505],[2.008643087605716,49.117848319725113],[2.009731367029044,49.115997546063376],[2.009915118623479,49.114854978684427],[2.009434484309991,49.113039033471679],[2.007500755722311,49.111368276792419],[2.003846047041488,49.109104091464481],[1.999288747542755,49.107281358500146],[1.99546916946064,49.105319878796003],[1.994168376398041,49.104199467047366],[1.993725594288297,49.10261659553327],[1.99294320342902,49.101264547902922],[1.992872115828626,49.100174011014026],[1.993478089061198,49.098854202030545],[1.994603891389957,49.097532558783278],[1.994659287528395,49.097186869582337],[1.993875152275683,49.096094222621453],[1.993564221610952,49.09555768018685],[1.993486658474582,49.095158805561198],[1.994017350777954,49.094572009664965],[1.994338938399139,49.093812786419441],[1.99418547366432,49.093258741195982],[1.993238394682538,49.092001652953584],[1.993653599012837,49.091301094824431],[1.993653599012837,49.091301094824431]]}},
{"type":"Feature","properties":{"GCIdentifi":131267,"GCCalculat":764.43983289878781,"Nom":"AX_1148","code":"OISE210","source_doc":null,"date_visit":"2010-03-02"},"geometry":{"type":"LineString","coordinates":[[2.013165225137511,49.109298152853881],[2.014908582861253,49.10795090088493],[2.016223584482596,49.107095252304099],[2.017874183152256,49.106214797233108],[2.019440649125221,49.105347417678367],[2.020945305886711,49.104424484374199],[2.022002898092664,49.10276899334545]]}},
{"type":"Feature","properties":{"GCIdentifi":131270,"GCCalculat":262.2615811797495,"Nom":"AX_1149","code":"OISE210","source_doc":null,"date_visit":"2007-02-22"},"geometry":{"type":"LineString","coordinates":[[2.012237724344888,49.099532024744782],[2.012164230973923,49.098481908445585],[2.012535487580927,49.098194385541071],[2.01303244872808,49.097773581680684],[2.013512832875699,49.09753127229542],[2.013512832875699,49.09753127229542]]}},
{"type":"Feature","properties":{"GCIdentifi":131263,"GCCalculat":614.16439627506952,"Nom":"AX_1150","code":"OISE210","source_doc":null,"date_visit":null},"geometry":{"type":"LineString","coordinates":[[2.032858018542371,49.098325275326516],[2.033428401930666,49.097333016643084],[2.033737471471166,49.096846514830311],[2.034960623263658,49.094237934214526],[2.035235473720168,49.093464986084669],[2.035238006250256,49.093052899390344]]}},
{"type":"Feature","properties":{"GCIdentifi":131271,"GCCalculat":852.92392950160456,"Nom":"AX_1151","code":"OISE210","source_doc":null,"date_visit":"2007-02-22"},"geometry":{"type":"LineString","coordinates":[[2.008715008439529,49.097731007207244],[2.010881251367437,49.09725994885887],[2.012077443235517,49.096597486782244],[2.013386503192072,49.095665804405186],[2.014071463126506,49.09499065555876],[2.014218432085153,49.094476786587641],[2.014784118288433,49.093205013019443],[2.015594853276354,49.092110251885373]]}},
{"type":"Feature","properties":{"GCIdentifi":131266,"GCCalculat":4015.5721845525381,"Nom":"AX_1152","code":"OISE210","source_doc":null,"date_visit":"2010-03-02"},"geometry":{"type":"LineString","coordinates":[[2.019485427202179,49.109624885032176],[2.020024238195667,49.107717653329395],[2.020287282617431,49.107100919181427],[2.021367185184382,49.105376858953761],[2.02215901143554,49.104701334953553],[2.022330406450011,49.104284465763037],[2.022247481485233,49.103128550809018],[2.021512550362585,49.100949140928776],[2.020399706576676,49.098475729687891],[2.019311005967283,49.097849536986054],[2.016314673519574,49.095539289837603],[2.015844231754115,49.095049518220129],[2.015744317507792,49.09437214993379],[2.015914214939694,49.093749412591038],[2.015454282827311,49.091378848653697],[2.014759883378306,49.090360704418011],[2.013725086857675,49.089642512723621],[2.012142484099919,49.0882467902683],[2.01062043470756,49.086503130662955],[2.009553562234314,49.085741033126055],[2.00906056023291,49.08532079402049],[2.008713718191514,49.084777443687926],[2.008615894036764,49.084059650964214],[2.008378185981655,49.083557033488688],[2.00754117854057,49.082173475550555]]}},
{"type":"Feature","properties":{"GCIdentifi":131421,"GCCalculat":520.02582984335515,"Nom":"AX_1153","code":"OISE210","source_doc":null,"date_visit":null},"geometry":{"type":"LineString","coordinates":[[1.997102868297932,49.061562834809635],[1.997859483863531,49.063112408206926],[1.998163497894194,49.064633688759152],[1.997468344764619,49.066077898106649],[1.997468344764619,49.066077898106649]]}},
{"type":"Feature","properties":{"GCIdentifi":131285,"GCCalculat":456.47875860675663,"Nom":"AX_1154","code":"OISE210","source_doc":null,"date_visit":"2007-02-22"},"geometry":{"type":"LineString","coordinates":[[1.987709392813264,49.095330013044425],[1.989254166571896,49.095712001709167],[1.991992221513271,49.095890943350895],[1.993840780720561,49.095870656674016],[1.993840780720561,49.095870656674016]]}},
{"type":"Feature","properties":{"GCIdentifi":131409,"GCCalculat":434.71321108517674,"Nom":"AX_1155","code":"OISE210","source_doc":null,"date_visit":null},"geometry":{"type":"LineString","coordinates":[[2.02229618160813,49.066716898811251],[2.022738773835575,49.066992106373654],[2.023404552144577,49.067368956810611],[2.023723200951624,49.067515797691982],[2.024734118615942,49.067910460775117],[2.025521532682834,49.068247219040707],[2.026414919228811,49.068584246066564],[2.027219661627031,49.068886234831048]]}},
{"type":"Feature","properties":{"GCIdentifi":131419,"GCCalculat":1163.4151631465627,"Nom":"AX_1156","code":"OISE210","source_doc":null,"date_visit":"2010-03-02"},"geometry":{"type":"LineString","coordinates":[[2.002339600227153,49.064429242171336],[2.004342064082179,49.066968954783825],[2.004657103616269,49.067691224687849],[2.005183054433183,49.068139738059237],[2.006399907950992,49.069342711625133],[2.006985638131641,49.069973099572039],[2.008215368271957,49.070506955926035],[2.009596722334074,49.071216648735373],[2.009863442653513,49.07232444409977]]}},
{"type":"Feature","properties":{"GCIdentifi":131408,"GCCalculat":627.71259639568189,"Nom":"AX_1157","code":"OISE210","source_doc":null,"date_visit":null},"geometry":{"type":"LineString","coordinates":[[2.01974372320743,49.06314807953116],[2.022143231143359,49.063359074099857],[2.025033632472785,49.063498335647644],[2.026033255952859,49.063501047127865],[2.026946016331794,49.063459740680074],[2.028300796080103,49.063507185317491]]}},
{"type":"Feature","properties":{"GCIdentifi":131425,"GCCalculat":450.98935067509331,"Nom":"AX_1159","code":"OISE210","source_doc":null,"date_visit":null},"geometry":{"type":"LineString","coordinates":[[1.983952270815743,49.067341868852878],[1.986548689235818,49.067988741467957],[1.988599597797193,49.068210610229961],[1.989897370769899,49.068358269714587],[1.989897370769899,49.068358269714587]]}},
{"type":"Feature","properties":{"GCIdentifi":131424,"GCCalculat":541.40306748910132,"Nom":"AX_1160","code":"OISE210","source_doc":null,"date_visit":null},"geometry":{"type":"LineString","coordinates":[[1.99173907363999,49.063534295669207],[1.99128449709055,49.065745015523959],[1.990738695556404,49.067551214699066],[1.990186893504911,49.068260332426171],[1.990186893504911,49.068260332426171]]}},
{"type":"Feature","properties":{"GCIdentifi":131288,"GCCalculat":828.6383025334967,"Nom":"AX_1161","code":"OISE210","source_doc":null,"date_visit":"2007-02-22"},"geometry":{"type":"LineString","coordinates":[[2.005330727321139,49.105930647508458],[2.004484252328038,49.103626294897879],[2.003128963672702,49.10146418190935],[2.002016157481566,49.100129218163168],[2.001258200901996,49.099179290789039],[2.001127359599624,49.099057640834246]]}},
{"type":"Feature","properties":{"GCIdentifi":131260,"GCCalculat":529.65655902287256,"Nom":"AX_1162","code":"OISE210","source_doc":null,"date_visit":"2008-06-03"},"geometry":{"type":"LineString","coordinates":[[2.022224922279424,49.087885266014446],[2.024145884486699,49.087179729182019],[2.025270438594351,49.08669658801039],[2.026084223141214,49.08614970170612],[2.026401349743239,49.085737327510181],[2.027324237927431,49.084692189972948]]}},
{"type":"Feature","properties":{"GCIdentifi":131284,"GCCalculat":849.86698835534594,"Nom":"AX_1163","code":"OISE210","source_doc":null,"date_visit":"2007-02-22"},"geometry":{"type":"LineString","coordinates":[[1.986644528596188,49.10155764113442],[1.98714996387836,49.100694551338243],[1.98858369083314,49.099141490371601],[1.990201401006707,49.097675406040054],[1.992238923106605,49.096557550078742],[1.993558083833009,49.096197691647546],[1.99382200684575,49.096112031491735],[1.993867956803997,49.095897688995301]]}},
{"type":"Feature","properties":{"GCIdentifi":131287,"GCCalculat":1586.6061273316368,"Nom":"AX_1164","code":"OISE210","source_doc":null,"date_visit":"2007-02-22"},"geometry":{"type":"LineString","coordinates":[[2.011802728094789,49.105095773542168],[2.009792968160031,49.10254449119337],[2.007280657916787,49.101278559803831],[2.004178454664105,49.100271358146188],[2.002771292781005,49.099727171102415],[2.001783952434497,49.099318930281243],[1.999840441057739,49.098448614484163],[1.998840466047143,49.09839290548625],[1.997339058467863,49.098147046594924],[1.996156687035953,49.097762875675151],[1.995471820699561,49.097639577990577],[1.994684101845822,49.097308225006266],[1.994658205252053,49.097342969014115]]}},
{"type":"Feature","properties":{"GCIdentifi":131422,"GCCalculat":1561.7092003323698,"Nom":"AX_1165","code":"OISE210","source_doc":null,"date_visit":"2010-03-02"},"geometry":{"type":"LineString","coordinates":[[1.994692408899124,49.062651457897658],[1.996087643079031,49.064508376296416],[1.996998012175689,49.065993331377051],[1.999247943345536,49.068104620690569],[1.999783224644022,49.068837180643094],[2.000499562903478,49.069357086759013],[2.00281657749093,49.07089983638155],[2.004446765951192,49.072000589029955]]}},
{"type":"Feature","properties":{"GCIdentifi":131423,"GCCalculat":1950.788026482445,"Nom":"AX_1166","code":"OISE210","source_doc":null,"date_visit":"2010-03-02"},"geometry":{"type":"LineString","coordinates":[[1.985835572827003,49.064311465479676],[1.987279646112666,49.065966078800244],[1.988425309098463,49.067159351886765],[1.992143903702511,49.069713564470369],[1.993256199764804,49.070733442988185],[1.996080104284404,49.072710075499096],[1.997642959765984,49.073687803317071],[1.998151855032369,49.074041461798153]]}},
{"type":"Feature","properties":{"GCIdentifi":131255,"GCCalculat":743.7467004894296,"Nom":"AX_1167","code":"OISE210","source_doc":null,"date_visit":"2008-06-03"},"geometry":{"type":"LineString","coordinates":[[2.04236460605125,49.081257605876161],[2.03980657580797,49.078533639153001],[2.039055899423575,49.077729949693591],[2.038142348224571,49.077008936890493],[2.036728405103474,49.076225962405665],[2.036369666933589,49.075912861613645]]}},
{"type":"Feature","properties":{"GCIdentifi":131254,"GCCalculat":317.16446619396942,"Nom":"AX_1168","code":"OISE210","source_doc":null,"date_visit":"2008-06-03"},"geometry":{"type":"LineString","coordinates":[[2.0423536443142,49.078503154852015],[2.041712466239638,49.077673945117503],[2.041516469693867,49.077291660472412],[2.041442765731516,49.077038810680399],[2.041275082979902,49.076494903788834],[2.040769451041246,49.075871525716749]]}},
{"type":"Feature","properties":{"GCIdentifi":131257,"GCCalculat":974.74529940306377,"Nom":"AX_1169","code":"OISE210","source_doc":null,"date_visit":"2008-06-03"},"geometry":{"type":"LineString","coordinates":[[2.03970020993148,49.088566281838368],[2.038165746145612,49.08814682473993],[2.034696962421884,49.087293346751032],[2.033559593114215,49.087089335342235],[2.032009951668525,49.08665180031592],[2.030356062155787,49.086216218581455],[2.028630959463955,49.085412105258015],[2.027820926483908,49.084815908961211]]}},
{"type":"Feature","properties":{"GCIdentifi":131258,"GCCalculat":529.48964273495039,"Nom":"AX_1170","code":"OISE210","source_doc":null,"date_visit":null},"geometry":{"type":"LineString","coordinates":[[2.03903635964425,49.090636274212983],[2.037846375235409,49.090355821653759],[2.036795104180917,49.08975794810506],[2.035758841914854,49.089225241731569],[2.034860349981378,49.088251597998926],[2.03403128715374,49.087394904882508],[2.03403128715374,49.087394904882508]]}},
{"type":"Feature","properties":{"GCIdentifi":131262,"GCCalculat":2657.8725837699571,"Nom":"AX_1171","code":"OISE210","source_doc":null,"date_visit":"2008-06-03"},"geometry":{"type":"LineString","coordinates":[[2.040892503070963,49.096172376749706],[2.037304320871339,49.094888608363966],[2.035950163623851,49.093752083679973],[2.034113309894823,49.091872027911215],[2.032491994776274,49.09055396944936],[2.029612572736182,49.088941692311643],[2.028961996806783,49.087984391254828],[2.027922726689066,49.085489924644982],[2.027397911359683,49.083843485204831],[2.027055949884962,49.081666428476012],[2.026910379282659,49.081440324282077],[2.02674574574575,49.081248999426997],[2.02657125151634,49.081000369340735],[2.026294242345518,49.080469620574043],[2.026063231593837,49.079963701845642],[2.025595898366922,49.078981034220597],[2.025476402579768,49.078414772811989],[2.025584684339766,49.078045637710133],[2.025804298908926,49.077645357215786],[2.026496708769117,49.076800581529973],[2.026647835524692,49.076141879507809]]}},
{"type":"Feature","properties":{"GCIdentifi":131249,"GCCalculat":665.30469694460805,"Nom":"AX_1172","code":"OISE210","source_doc":null,"date_visit":"2008-12-18"},"geometry":{"type":"LineString","coordinates":[[2.062997492251976,49.086453760183488],[2.059834931734639,49.085813985582121],[2.057251071614169,49.085332725190149],[2.056061972513189,49.084897527329503],[2.056061972513189,49.084897527329503]]}},
{"type":"Feature","properties":{"GCIdentifi":131247,"GCCalculat":727.52387865185165,"Nom":"AX_1173","code":"OISE210","source_doc":null,"date_visit":"2008-12-18"},"geometry":{"type":"LineString","coordinates":[[2.054414661509738,49.081783088437426],[2.055963916537853,49.081993511340151],[2.057147361173917,49.081905461940465],[2.057147361173917,49.081905461940465]]}},
{"type":"Feature","properties":{"GCIdentifi":131241,"GCCalculat":686.02732944261129,"Nom":"AX_1174","code":"OISE210","source_doc":null,"date_visit":"2008-12-18"},"geometry":{"type":"LineString","coordinates":[[2.071804741041149,49.074746000679383],[2.069932224536175,49.074606904629235],[2.068933150652176,49.07445971214176],[2.067661779159939,49.074098547587944],[2.065006961590693,49.073253481635696],[2.063565931480195,49.073297221365557],[2.062220211877826,49.073719586168799],[2.060592972301756,49.074353457990924]]}},
{"type":"Feature","properties":{"GCIdentifi":131243,"GCCalculat":839.53247671523729,"Nom":"AX_1175","code":"OISE210","source_doc":null,"date_visit":null},"geometry":{"type":"LineString","coordinates":[[2.071313085731401,49.079736039566491],[2.068673170428941,49.079541250858504],[2.067564612129674,49.079393811497241],[2.066555393887703,49.078897363899728],[2.064396652792536,49.077938940301927],[2.062664805739822,49.076765894506913],[2.06162702500331,49.076197460581824],[2.06162702500331,49.076197460581824]]}},
{"type":"Feature","properties":{"GCIdentifi":131248,"GCCalculat":724.27011856386002,"Nom":"AX_1176","code":"OISE210","source_doc":null,"date_visit":"2008-12-18"},"geometry":{"type":"LineString","coordinates":[[2.05482680999614,49.082951911686031],[2.055443503090038,49.082727716236988],[2.057103940680403,49.082022115644953],[2.057103940680403,49.082022115644953]]}},
{"type":"Feature","properties":{"GCIdentifi":131251,"GCCalculat":1752.4435185762773,"Nom":"AX_1177","code":"OISE210","source_doc":null,"date_visit":"2008-12-18"},"geometry":{"type":"LineString","coordinates":[[2.055746892016793,49.084689011726368],[2.055791791645346,49.084006400089621],[2.056265381138457,49.082793743244906],[2.057504178821921,49.081681752904053],[2.059026813193026,49.080848896735802],[2.06079867854693,49.080070544677852],[2.061198291972742,49.079523529009393],[2.061221316153868,49.077841508042056],[2.061661056248669,49.07622674344551],[2.061492407659511,49.075201165810036],[2.059999794871137,49.073760283529786],[2.058369163002715,49.071347751981101],[2.058112097601551,49.068743176020654]]}},
{"type":"Feature","properties":{"GCIdentifi":131253,"GCCalculat":841.21186366114671,"Nom":"AX_1178","code":"OISE210","source_doc":null,"date_visit":"2008-06-03"},"geometry":{"type":"LineString","coordinates":[[2.044393215501519,49.078443243386026],[2.043164241663589,49.076711990874351],[2.043023234011124,49.076567904138315],[2.042295082479882,49.076278567868798],[2.041020111638793,49.075972105576561],[2.040703114524903,49.075820838731367],[2.040473234532456,49.075676507014521],[2.03951507162403,49.074703855386375],[2.038552812389494,49.074136550645839],[2.037940549243959,49.073915994848996],[2.037010965551184,49.073878750397682],[2.036273996393116,49.073935229940204]]}},
{"type":"Feature","properties":{"GCIdentifi":131701,"GCCalculat":928.72621169146305,"Nom":"AX_1179","code":"OISE24","source_doc":null,"date_visit":"2007-03-06"},"geometry":{"type":"LineString","coordinates":[[2.177707122893456,49.093419794540239],[2.179554758082008,49.094164547208145],[2.18124861733693,49.094909077754856],[2.183019434067952,49.095653674890904],[2.184792741910783,49.095605520574246],[2.187054731215107,49.09567587337137],[2.18836329631013,49.096082927408347],[2.189016583602574,49.096164978413853],[2.189019901276226,49.096734640348629],[2.189022438499284,49.097174735992716]]}},
{"type":"Feature","properties":{"GCIdentifi":131700,"GCCalculat":297.12520328093899,"Nom":"AX_1180","code":"OISE24","source_doc":null,"date_visit":"2007-03-06"},"geometry":{"type":"LineString","coordinates":[[2.182486639604762,49.093239922601533],[2.182881301145837,49.093888352714025],[2.18391884648226,49.095093460112345],[2.184406355538908,49.095588153948121]]}},
{"type":"Feature","properties":{"GCIdentifi":131702,"GCCalculat":721.35109806751007,"Nom":"AX_1181","code":"OISE24","source_doc":null,"date_visit":"2007-03-06"},"geometry":{"type":"LineString","coordinates":[[2.17478760991232,49.098094349081357],[2.176088806125485,49.098333988821828],[2.178010851405651,49.099177270392893],[2.179112171864728,49.099431200821826],[2.179842453432427,49.099642542153141],[2.182446467679494,49.100922834781741],[2.183721541026933,49.1013880105628]]}},
{"type":"Feature","properties":{"GCIdentifi":131789,"GCCalculat":274.48372913522667,"Nom":"AX_1182","code":"OISE24","source_doc":null,"date_visit":"2009-01-20"},"geometry":{"type":"LineString","coordinates":[[2.132329583638275,49.159287386856754],[2.134052729564914,49.159520625188442],[2.136669420726393,49.159798066290293],[2.138201172212821,49.159946695082574]]}},
{"type":"Feature","properties":{"GCIdentifi":131788,"GCCalculat":430.33144671300835,"Nom":"AX_1183","code":"OISE24","source_doc":null,"date_visit":"2009-01-20"},"geometry":{"type":"LineString","coordinates":[[2.131913409215788,49.167161322215811],[2.134216563942862,49.166327750729288],[2.135688137295856,49.165744181515009],[2.137926777758329,49.16474198680082],[2.139847325846497,49.163614569475222]]}},
{"type":"Feature","properties":{"GCIdentifi":131790,"GCCalculat":385.68803693794177,"Nom":"AX_1184","code":"OISE24","source_doc":null,"date_visit":"2009-01-20"},"geometry":{"type":"LineString","coordinates":[[2.139395058899716,49.149533029928286],[2.141370806775301,49.14944096204237],[2.143895854341724,49.149387961540398],[2.144854815627105,49.14929412117629],[2.145724421688789,49.149286593365382],[2.146916029700778,49.149231287564696]]}},
{"type":"Feature","properties":{"GCIdentifi":131791,"GCCalculat":515.01192731092158,"Nom":"AX_1185","code":"OISE24","source_doc":null,"date_visit":"2009-01-20"},"geometry":{"type":"LineString","coordinates":[[2.154614969656013,49.155404947160307],[2.153368214395565,49.155060472828382],[2.151658067406331,49.154581656161049],[2.150729146165805,49.154408337817003],[2.149218860641548,49.154501342008629],[2.146837864203194,49.154421067249984]]}},
{"type":"Feature","properties":{"GCIdentifi":131792,"GCCalculat":1027.9588557384509,"Nom":"AX_1186","code":"OISE24","source_doc":null,"date_visit":"2009-01-20"},"geometry":{"type":"LineString","coordinates":[[2.158743486866497,49.153717011701282],[2.158749195227498,49.15213600406954],[2.157826946895144,49.150591752931859],[2.157285300632199,49.147963395587908],[2.155409004490204,49.144779378933663],[2.153963702996685,49.143120838774699]]}},
{"type":"Feature","properties":{"GCIdentifi":131795,"GCCalculat":752.51524058633095,"Nom":"AX_1187","code":"OISE24","source_doc":null,"date_visit":"2009-01-20"},"geometry":{"type":"LineString","coordinates":[[2.130774574437362,49.148719516845659],[2.12911652683072,49.148164090573701],[2.127432183102723,49.147765788673432],[2.124093419962884,49.146789487095219],[2.12190153746387,49.147007730545376],[2.119696506367322,49.146704927283864],[2.117174686418446,49.146055582009502],[2.115562663217537,49.145592131745353],[2.11516589764347,49.145515001242316]]}},
{"type":"Feature","properties":{"GCIdentifi":131797,"GCCalculat":984.01270550001846,"Nom":"AX_1188","code":"OISE24","source_doc":null,"date_visit":"2009-01-20"},"geometry":{"type":"LineString","coordinates":[[2.121706505752937,49.154452005598642],[2.120389969021879,49.152905584213364],[2.119731217868817,49.152047580491939],[2.118744515587261,49.150646626127774],[2.117132370259625,49.149414013770127],[2.115629006291135,49.148361256559795],[2.114758981775247,49.148083342074123],[2.114758981775247,49.148083342074123]]}},
{"type":"Feature","properties":{"GCIdentifi":131303,"GCCalculat":444.71318073823181,"Nom":"AX_1190","code":"oise210","source_doc":null,"date_visit":null},"geometry":{"type":"LineString","coordinates":[[2.013889926726579,49.135631638693305],[2.012330674059996,49.135151146767072],[2.011029020090894,49.135056483954465],[2.008396835572678,49.135095038644948],[2.008026228497862,49.135237701175406],[2.008026228497862,49.135237701175406]]}},
{"type":"Feature","properties":{"GCIdentifi":131313,"GCCalculat":635.72016993168086,"Nom":"AX_1191","code":"oise210","source_doc":null,"date_visit":null},"geometry":{"type":"LineString","coordinates":[[2.004227680959713,49.144320946743122],[2.00421141957918,49.143175567301888],[2.004944366884764,49.142097489557372],[2.005080426282805,49.141461198205533],[2.005482240164197,49.140751574105892],[2.005539804464965,49.140080258222355],[2.005279644002359,49.139062183662524],[2.005257597450422,49.138775801275727]]}},
{"type":"Feature","properties":{"GCIdentifi":131753,"GCCalculat":444.65286226171304,"Nom":"AX_1192","code":"OISE24","source_doc":null,"date_visit":null},"geometry":{"type":"LineString","coordinates":[[2.189093671902629,49.15494690088218],[2.187258439082076,49.154395433680378],[2.185561539795767,49.153396107343028],[2.184220125573589,49.152611698461378],[2.184220125573589,49.152611698461378]]}},
{"type":"Feature","properties":{"GCIdentifi":131752,"GCCalculat":562.85247630442791,"Nom":"AX_1193","code":"OISE24","source_doc":null,"date_visit":null},"geometry":{"type":"LineString","coordinates":[[2.18081382496373,49.15467656574392],[2.1801751263459,49.153101435218133],[2.17982530656362,49.151131450317223],[2.180185913248239,49.14970253618737],[2.180185913248239,49.14970253618737]]}},
{"type":"Feature","properties":{"GCIdentifi":131765,"GCCalculat":134.82015508284653,"Nom":"AX_1194","code":"OISE24","source_doc":null,"date_visit":null},"geometry":{"type":"LineString","coordinates":[[2.176230438689009,49.168527549605379],[2.175500719003172,49.169641551882862],[2.175500719003172,49.169641551882862]]}},
{"type":"Feature","properties":{"GCIdentifi":131760,"GCCalculat":267.05215386968894,"Nom":"AX_1195","code":"OISE24","source_doc":null,"date_visit":null},"geometry":{"type":"LineString","coordinates":[[2.188613389963064,49.168948418982765],[2.189434790558144,49.169714140779568],[2.189430429239988,49.171179473645282],[2.189430429239988,49.171179473645282]]}},
{"type":"Feature","properties":{"GCIdentifi":131697,"GCCalculat":682.83743268581975,"Nom":"AX_1196","code":"OISE24","source_doc":null,"date_visit":"2007-03-06"},"geometry":{"type":"LineString","coordinates":[[2.18473432962473,49.090134820013667],[2.18739210829546,49.090411163359022],[2.189508935777594,49.090918063119744],[2.191501630587183,49.091786347933187],[2.192362293292314,49.09245649269554],[2.19278876435416,49.092589754175556],[2.19307151523441,49.092637761553114],[2.193865672219815,49.092729139312702],[2.193915544520554,49.093033410599212],[2.193674982552741,49.093445414884457],[2.193572296180574,49.094061555235264]]}},
{"type":"Feature","properties":{"GCIdentifi":131703,"GCCalculat":770.62417347574035,"Nom":"AX_1197","code":"OISE24","source_doc":null,"date_visit":"2007-03-06"},"geometry":{"type":"LineString","coordinates":[[2.171426809584472,49.102152465441222],[2.17293433227438,49.101875030025084],[2.174868443094731,49.101361254267907],[2.176407829914445,49.101276945445335],[2.177554300776258,49.101580598587653],[2.178567087194431,49.101990723459586],[2.180061240990105,49.1022423634099],[2.180368596040208,49.102294119373788],[2.181351030036464,49.102575064663952]]}},
{"type":"Feature","properties":{"GCIdentifi":131762,"GCCalculat":250.56429119786486,"Nom":"AX_1198","code":"OISE24","source_doc":null,"date_visit":null},"geometry":{"type":"LineString","coordinates":[[2.185204264174113,49.171633239191266],[2.185337683449625,49.172793332094692],[2.185019286179762,49.173863010444293],[2.185019286179762,49.173863010444293]]}},
{"type":"Feature","properties":{"GCIdentifi":131741,"GCCalculat":855.29782124515998,"Nom":"AX_1199","code":"OISE24","source_doc":null,"date_visit":"2010-01-17"},"geometry":{"type":"LineString","coordinates":[[2.19299365787142,49.111692119696635],[2.192921027995579,49.111518608532357],[2.192540703597551,49.110955731080232],[2.192323419351055,49.110402201252832],[2.192190382357765,49.110079968376397],[2.191376746830568,49.109135163714818],[2.191371913929647,49.108640740033756],[2.190586542966344,49.108297617550953],[2.190280670237685,49.107792948694048],[2.189736349755586,49.107286645562276],[2.189249644771087,49.107110331897331],[2.187108149923739,49.106815726144326],[2.186020373418925,49.106552918254799]]}},
{"type":"Feature","properties":{"GCIdentifi":131742,"GCCalculat":636.63768335769987,"Nom":"AX_1200","code":"OISE24","source_doc":null,"date_visit":"2010-01-17"},"geometry":{"type":"LineString","coordinates":[[2.196544757023701,49.119156956650549],[2.193075682936876,49.120249710460662],[2.190529728610623,49.120462930994265],[2.189828289225273,49.120390962077288]]}},
{"type":"Feature","properties":{"GCIdentifi":131743,"GCCalculat":1279.0433527002126,"Nom":"AX_1201","code":"OISE24","source_doc":null,"date_visit":"2010-01-17"},"geometry":{"type":"LineString","coordinates":[[2.196716506777665,49.121324303353141],[2.193361345751828,49.120842939381802],[2.190894897904044,49.120678143132274],[2.190252070078458,49.120533596353084],[2.18895454370334,49.12010647449825],[2.187849169749065,49.119657096106295],[2.186645005835892,49.11897645328721],[2.185392733545557,49.118564478747459],[2.183960954481052,49.118401065367735],[2.181957042342313,49.118320207520988]]}},
{"type":"Feature","properties":{"GCIdentifi":131746,"GCCalculat":245.45192359363611,"Nom":"AX_1202","code":"OISE24","source_doc":null,"date_visit":"2010-01-01"},"geometry":{"type":"LineString","coordinates":[[2.183091886945527,49.131515411100544],[2.183663219250876,49.131382916689383],[2.184726316466516,49.130682028018533],[2.185084210901972,49.130224202566012],[2.185277756627227,49.129924581213032],[2.185525793500745,49.129589902348336]]}},
{"type":"Feature","properties":{"GCIdentifi":131747,"GCCalculat":257.51593406492339,"Nom":"AX_1203","code":"OISE24","source_doc":null,"date_visit":"2010-01-17"},"geometry":{"type":"LineString","coordinates":[[2.183503183269805,49.134692173151045],[2.184988216884211,49.134613720714903],[2.186878954300806,49.134467185407871],[2.190502261266034,49.133465901964463]]}},
{"type":"Feature","properties":{"GCIdentifi":131748,"GCCalculat":738.34268966292541,"Nom":"AX_1204","code":"OISE24","source_doc":null,"date_visit":"2010-01-17"},"geometry":{"type":"LineString","coordinates":[[2.18983586506308,49.142376659704411],[2.189085401489512,49.139806559903555],[2.190194499525183,49.134424518386353],[2.191173389676258,49.131741165113269],[2.19026115607601,49.130159475011617],[2.186192639804527,49.128210623826767]]}},
{"type":"Feature","properties":{"GCIdentifi":131749,"GCCalculat":812.77813648554115,"Nom":"AX_1205","code":"OISE24","source_doc":null,"date_visit":"2010-01-17"},"geometry":{"type":"LineString","coordinates":[[2.187626875457417,49.148779166614389],[2.185280073350895,49.145285610934081],[2.184371672305979,49.143454155891412],[2.183331085511194,49.142582482623553],[2.182638905384433,49.141905291410318],[2.181414497089412,49.141551120599381],[2.179692880643672,49.141388201205629],[2.178146110125889,49.140817932538518],[2.17692267244419,49.140581273926131],[2.175177431312708,49.139800525261066]]}},
{"type":"Feature","properties":{"GCIdentifi":131751,"GCCalculat":1618.7776843292625,"Nom":"AX_1206","code":"OISE24","source_doc":null,"date_visit":null},"geometry":{"type":"LineString","coordinates":[[2.189189301074265,49.159605798713123],[2.188286342238052,49.159272267377524],[2.186083571182552,49.157910725251419],[2.185044816396021,49.156650614224461],[2.184501570744585,49.15460853641224],[2.184617296144522,49.15316130385574],[2.183537902423942,49.151802327460658],[2.18249817020457,49.150901511640797],[2.180760601571176,49.149845920302475],[2.178953309608666,49.149204537059738],[2.17718744414704,49.148465494867715],[2.17718744414704,49.148465494867715]]}},
{"type":"Feature","properties":{"GCIdentifi":131761,"GCCalculat":402.84105425927009,"Nom":"AX_1208","code":"OISE24","source_doc":null,"date_visit":null},"geometry":{"type":"LineString","coordinates":[[2.193045190589076,49.173063741558039],[2.190768148584976,49.172827311138754],[2.189219797095877,49.172897186211365],[2.187653361430485,49.173272450840713],[2.187653361430485,49.173272450840713]]}},
{"type":"Feature","properties":{"GCIdentifi":131764,"GCCalculat":1557.7827682250927,"Nom":"AX_1209","code":"OISE24","source_doc":null,"date_visit":null},"geometry":{"type":"LineString","coordinates":[[2.185134401051172,49.167613298256271],[2.182351337595523,49.167204230644863],[2.178487004706813,49.166516268445527],[2.176393234734769,49.164795372550991],[2.175245395927181,49.163939270996678],[2.174234998962116,49.162418606892643],[2.173734423749815,49.160538208764493],[2.17336973396841,49.158087180866914],[2.173347524637605,49.157941237182975],[2.173349582665941,49.157812309488008],[2.173326060665687,49.157713398357899],[2.173303108217942,49.157578814301296],[2.173262863829051,49.157479770320961],[2.173035470130563,49.157313616801304]]}},
{"type":"Feature","properties":{"GCIdentifi":131766,"GCCalculat":1545.2352557011161,"Nom":"AX_1210","code":"OISE24","source_doc":null,"date_visit":null},"geometry":{"type":"LineString","coordinates":[[2.177069146999308,49.185048324960562],[2.17777350056327,49.183358253195195],[2.177163766638836,49.181217238396592],[2.175647324245973,49.179290533861682],[2.174568346849957,49.177696790723161],[2.173598182353285,49.176885833695486],[2.170666694487061,49.175667816101225],[2.168173553007188,49.174522226580393],[2.167420226534441,49.173955209803218],[2.167420226534441,49.173955209803218]]}},
{"type":"Feature","properties":{"GCIdentifi":131768,"GCCalculat":1607.0381709420585,"Nom":"AX_1211","code":"OISE24","source_doc":null,"date_visit":"2009-01-20"},"geometry":{"type":"LineString","coordinates":[[2.171797860282077,49.166210433294772],[2.171886968768522,49.16567719289278],[2.171947463207025,49.164991203903675],[2.17110777675967,49.164171428442671],[2.168845887876294,49.163158679654629],[2.165276942527127,49.162352807468451],[2.163285596513988,49.160424094084085],[2.162892151924057,49.159353420086376],[2.163694923255989,49.156970781211413],[2.164208032215043,49.15564096493258],[2.164208032215043,49.15564096493258]]}},
{"type":"Feature","properties":{"GCIdentifi":131770,"GCCalculat":557.6719881698051,"Nom":"AX_1212","code":"OISE24","source_doc":null,"date_visit":null},"geometry":{"type":"LineString","coordinates":[[2.172911941550392,49.168467848883012],[2.171139726654393,49.169445567273499],[2.169173976414275,49.170918183452926],[2.167442477531107,49.171957661492513],[2.167442477531107,49.171957661492513]]}},
{"type":"Feature","properties":{"GCIdentifi":131771,"GCCalculat":507.79865722619638,"Nom":"AX_1213","code":"OISE24","source_doc":null,"date_visit":null},"geometry":{"type":"LineString","coordinates":[[2.169801816150597,49.167563948526862],[2.168207441924695,49.16860477211759],[2.166063938100625,49.169960279712008],[2.164840143991331,49.170768049123076],[2.164840143991331,49.170768049123076]]}},
{"type":"Feature","properties":{"GCIdentifi":131772,"GCCalculat":1838.9656287870052,"Nom":"AX_1214","code":"OISE24","source_doc":null,"date_visit":null},"geometry":{"type":"LineString","coordinates":[[2.169268929836558,49.183301266280537],[2.167857334556766,49.182848944953726],[2.165912709435095,49.181992694881508],[2.164789757981682,49.181298204292538],[2.163748504053178,49.180757664194658],[2.16254536129386,49.179513957991333],[2.161835484633295,49.178757205400778],[2.160893550613919,49.177776610634275],[2.159703240123188,49.176803508335965],[2.158664168939989,49.175703732642681],[2.158011408878726,49.174354162653707],[2.157327243818893,49.173634466479605],[2.155627948762161,49.173280339123416],[2.154503369530785,49.173116868405877],[2.152582680618911,49.173356357640557],[2.151761165703409,49.17321129419301],[2.151761165703409,49.17321129419301]]}},
{"type":"Feature","properties":{"GCIdentifi":131774,"GCCalculat":1452.7519536299906,"Nom":"AX_1215","code":"OISE24","source_doc":null,"date_visit":null},"geometry":{"type":"LineString","coordinates":[[2.155271226848862,49.184592669719052],[2.153575883688808,49.18307073429537],[2.15254018156532,49.181072624083747],[2.151602064386959,49.179101603289531],[2.150783444561123,49.177714658550137],[2.149223854474015,49.176624067858278],[2.147746310057566,49.175597593351782],[2.147423488375367,49.17403067467432],[2.147578113628724,49.173005749673052],[2.147578113628724,49.173005749673052]]}},
{"type":"Feature","properties":{"GCIdentifi":131776,"GCCalculat":1112.9301070288325,"Nom":"AX_1216","code":"OISE24","source_doc":null,"date_visit":null},"geometry":{"type":"LineString","coordinates":[[2.152913086486398,49.194993371419315],[2.151149609290829,49.193749791424359],[2.149203190216011,49.192874145776692],[2.147615515413129,49.191846372450385],[2.146096701927772,49.190746823172539],[2.144508935116791,49.189772914470609],[2.141662442183245,49.18827582317018],[2.141662442183245,49.18827582317018]]}},
{"type":"Feature","properties":{"GCIdentifi":131777,"GCCalculat":732.80477627840855,"Nom":"AX_1217","code":"OISE24","source_doc":null,"date_visit":null},"geometry":{"type":"LineString","coordinates":[[2.144481041914846,49.196931139257174],[2.144710448633929,49.194341063319243],[2.145584912148665,49.191959811268852],[2.145590878242284,49.190413613480203],[2.145590878242284,49.190413613480203]]}},
{"type":"Feature","properties":{"GCIdentifi":131778,"GCCalculat":946.95935753426102,"Nom":"AX_1218","code":"OISE24","source_doc":null,"date_visit":null},"geometry":{"type":"LineString","coordinates":[[2.138917000062868,49.198792385622767],[2.138370222199097,49.197981857380142],[2.138085988383669,49.197081947463332],[2.138133922453842,49.195390989510507],[2.13896415122851,49.193440886505478],[2.139808285538165,49.191851227692048],[2.140500189397931,49.190620640397007],[2.140500189397931,49.190620640397007]]}},
{"type":"Feature","properties":{"GCIdentifi":131779,"GCCalculat":530.6747549927984,"Nom":"AX_1219","code":"OISE24","source_doc":null,"date_visit":null},"geometry":{"type":"LineString","coordinates":[[2.134183128360677,49.192003148028228],[2.135091595255938,49.191051444004351],[2.137016313600536,49.190433853334554],[2.139182509443294,49.190681271097787],[2.14040427699853,49.190611486661851],[2.14040427699853,49.190611486661851]]}},
{"type":"Feature","properties":{"GCIdentifi":131780,"GCCalculat":745.28470633508903,"Nom":"AX_1220","code":"OISE24","source_doc":null,"date_visit":null},"geometry":{"type":"LineString","coordinates":[[2.128687444284707,49.200033068886782],[2.128364094490931,49.198701879085277],[2.126025334630962,49.197060492474613],[2.123998484741427,49.195842941949373],[2.122920400142485,49.194743896321015],[2.122920400142485,49.194743896321015]]}},
{"type":"Feature","properties":{"GCIdentifi":131783,"GCCalculat":810.60507095326136,"Nom":"AX_1221","code":"OISE24","source_doc":null,"date_visit":"2009-11-04"},"geometry":{"type":"LineString","coordinates":[[2.119592020587674,49.185294711079671],[2.119023324657123,49.184716525679768],[2.118170823024793,49.183732268735668],[2.117081351094923,49.182529162595308],[2.116536058040951,49.182060195614866],[2.116109723369653,49.181591460530491],[2.115850077491116,49.181107412930466]]}},
{"type":"Feature","properties":{"GCIdentifi":131782,"GCCalculat":1675.7245547614016,"Nom":"AX_1222","code":"OISE24","source_doc":null,"date_visit":"2009-11-04"},"geometry":{"type":"LineString","coordinates":[[2.130477085297335,49.188761259611375],[2.130198898841269,49.186920123672472],[2.129540419512824,49.184969153903232],[2.128687416055913,49.1840629480171],[2.127642794118562,49.183468385660355],[2.124411552025181,49.182245986086194],[2.123246570892254,49.182009941232025],[2.121497025826795,49.181297155646135],[2.118662404646355,49.180036247664233],[2.117759686628629,49.179691424175907]]}},
{"type":"Feature","properties":{"GCIdentifi":131784,"GCCalculat":1634.340738277157,"Nom":"AX_1223","code":"OISE24","source_doc":null,"date_visit":"2009-11-04"},"geometry":{"type":"LineString","coordinates":[[2.128901724757577,49.178135784407324],[2.126929592555734,49.177461582349608],[2.125431775831151,49.177178170489626],[2.121913929657709,49.176329589315834],[2.118752552026321,49.175606330367806],[2.116748673659973,49.17520895588342],[2.116748673659973,49.17520895588342]]}},
{"type":"Feature","properties":{"GCIdentifi":132350,"GCCalculat":85.915411173363296,"Nom":"AX_1224","code":"SEINE21","source_doc":null,"date_visit":"2011-01-18"},"geometry":{"type":"LineString","coordinates":[[1.841810390247794,49.11346983720027],[1.84302241443253,49.11549072637613]]}},
{"type":"Feature","properties":{"GCIdentifi":132228,"GCCalculat":285.16591148289297,"Nom":"AX_1225","code":"SEINE21","source_doc":null,"date_visit":null},"geometry":{"type":"LineString","coordinates":[[1.956700343055201,49.041952901203956],[1.956130701369603,49.042010314245161],[1.953695019145762,49.042670271120137],[1.952761597017595,49.042843891305509]]}},
{"type":"Feature","properties":{"GCIdentifi":132319,"GCCalculat":351.88554455097812,"Nom":"AX_1226","code":"SEINE21","source_doc":null,"date_visit":"2011-01-18"},"geometry":{"type":"LineString","coordinates":[[1.809899227812335,49.080084157959689],[1.813861875219286,49.080344971307731]]}},
{"type":"Feature","properties":{"GCIdentifi":132447,"GCCalculat":894.4762295663005,"Nom":"AX_1227","code":"EPTE16","source_doc":null,"date_visit":"2007-06-14"},"geometry":{"type":"LineString","coordinates":[[1.853381894260792,49.148918460417178],[1.855147652002394,49.148473375515465],[1.856441940865367,49.148452976648876],[1.857534916084617,49.148715796858511],[1.859278747284687,49.149470928836365],[1.861284364166707,49.151135524937544],[1.862622781156034,49.152588466720253]]}},
{"type":"Feature","properties":{"GCIdentifi":132300,"GCCalculat":132.24169801650223,"Nom":"AX_1228","code":"SEINE21","source_doc":null,"date_visit":null},"geometry":{"type":"LineString","coordinates":[[1.861966941611559,49.077062266803431],[1.861194847073867,49.077719321736119],[1.860976309954596,49.078048553573389]]}},
{"type":"Feature","properties":{"GCIdentifi":132293,"GCCalculat":201.61492810602175,"Nom":"AX_1229","code":"SEINE21","source_doc":null,"date_visit":null},"geometry":{"type":"LineString","coordinates":[[1.843744581709063,49.069647180817775],[1.843261665086223,49.070085264275924],[1.843257284155076,49.070525416992048],[1.843728130506131,49.071297761929465]]}},
{"type":"Feature","properties":{"GCIdentifi":132381,"GCCalculat":456.41750802321809,"Nom":"AX_1230","code":"SEINE21","source_doc":null,"date_visit":"2011-01-18"},"geometry":{"type":"LineString","coordinates":[[1.837677934899595,49.095923721628807],[1.841409198558856,49.096032975251582],[1.841338090352562,49.09613036747254]]}},
{"type":"Feature","properties":{"GCIdentifi":132514,"GCCalculat":100.94116105796685,"Nom":"AX_1231","code":"EPTE16","source_doc":null,"date_visit":"2008-06-03"},"geometry":{"type":"LineString","coordinates":[[1.691889393343112,49.136642430711206],[1.692182112239518,49.137160596726659],[1.692353991600114,49.137497328801913]]}},
{"type":"Feature","properties":{"GCIdentifi":132446,"GCCalculat":487.90799991963769,"Nom":"AX_1232","code":"EPTE16","source_doc":null,"date_visit":"2007-06-14"},"geometry":{"type":"LineString","coordinates":[[1.855752527862037,49.153156114387279],[1.8585905033713,49.152844577209116],[1.859925310771369,49.152893939469898],[1.86108429667904,49.153070545332554],[1.862243187269306,49.153434668120362]]}},
{"type":"Feature","properties":{"GCIdentifi":132364,"GCCalculat":106.4350434184236,"Nom":"AX_1233","code":"SEINE21","source_doc":null,"date_visit":null},"geometry":{"type":"LineString","coordinates":[[1.799798508836368,49.0927968852519],[1.799918295341325,49.091842995166665],[1.799918295341325,49.091842995166665]]}},
{"type":"Feature","properties":{"GCIdentifi":132459,"GCCalculat":488.21859982399252,"Nom":"AX_1234","code":"EPTE16","source_doc":null,"date_visit":"2008-08-20"},"geometry":{"type":"LineString","coordinates":[[1.834197805463463,49.13463479657765],[1.835580489537673,49.134975451047531],[1.837051977206468,49.135167152946138],[1.839112558197341,49.13565895823519],[1.840496273977679,49.136073684694644]]}},
{"type":"Feature","properties":{"GCIdentifi":132491,"GCCalculat":122.86953862959052,"Nom":"AX_1235","code":"EPTE16","source_doc":null,"date_visit":null},"geometry":{"type":"LineString","coordinates":[[1.741840483239932,49.161566865311414],[1.740207149779823,49.161837988846337],[1.740207149779823,49.161837988846337]]}},
{"type":"Feature","properties":{"GCIdentifi":132474,"GCCalculat":931.19705181118456,"Nom":"AX_1236","code":"EPTE16","source_doc":null,"date_visit":"2011-01-24"},"geometry":{"type":"LineString","coordinates":[[1.793910065307822,49.178960936753832],[1.787550705426221,49.177226802099149],[1.783834374534122,49.17596815410301],[1.781168376740742,49.1751456743077],[1.781168376740742,49.1751456743077]]}},
{"type":"Feature","properties":{"GCIdentifi":132481,"GCCalculat":622.96673920887281,"Nom":"AX_1237","code":"EPTE16","source_doc":null,"date_visit":"2011-01-24"},"geometry":{"type":"LineString","coordinates":[[1.784088357900494,49.179326428787157],[1.783021330802931,49.178453454906702],[1.781145512348495,49.177177999926471],[1.779918366886706,49.176488196325906],[1.779918366886706,49.176488196325906]]}},
{"type":"Feature","properties":{"GCIdentifi":132454,"GCCalculat":534.50215859155355,"Nom":"AX_1238","code":"EPTE16","source_doc":null,"date_visit":null},"geometry":{"type":"LineString","coordinates":[[1.843324044481732,49.151094477092194],[1.845911109349294,49.151564827995983],[1.848973486797447,49.152449256039183],[1.849981634691366,49.15298466899155],[1.849981634691366,49.15298466899155]]}},
{"type":"Feature","properties":{"GCIdentifi":132455,"GCCalculat":581.04125421828428,"Nom":"AX_1239","code":"EPTE16","source_doc":null,"date_visit":null},"geometry":{"type":"LineString","coordinates":[[1.838658750660757,49.146048249320749],[1.840355509237418,49.146343055955818],[1.843000945605979,49.146426341192871],[1.844603815731501,49.146524183762999],[1.845527137536422,49.146623590187147],[1.846521997121833,49.146758104311317]]}},
{"type":"Feature","properties":{"GCIdentifi":132295,"GCCalculat":255.09882939903838,"Nom":"AX_1240","code":"SEINE21","source_doc":null,"date_visit":null},"geometry":{"type":"LineString","coordinates":[[1.848837815881672,49.07204166474596],[1.849140486967746,49.07289184974519],[1.849612998831637,49.073506962707114],[1.850253194725223,49.074105944756234]]}},
{"type":"Feature","properties":{"GCIdentifi":132212,"GCCalculat":559.77921445563538,"Nom":"AX_1241","code":"SEINE21","source_doc":null,"date_visit":null},"geometry":{"type":"LineString","coordinates":[[1.996077074476166,49.035571753597615],[1.994093997086473,49.03561074153864],[1.992399846200086,49.035362006985032],[1.990352731701533,49.03478877410609],[1.98912692572368,49.034003518549909],[1.98912692572368,49.034003518549909]]}},
{"type":"Feature","properties":{"GCIdentifi":132222,"GCCalculat":953.64856330661371,"Nom":"AX_1243","code":"SEINE21","source_doc":null,"date_visit":"2010-03-02"},"geometry":{"type":"LineString","coordinates":[[1.982526192256464,49.039037393160477],[1.981417586982191,49.038070517308242],[1.980608329823252,49.037264977955687],[1.979632786595602,49.036691661569982],[1.979632786595602,49.036691661569982]]}},
{"type":"Feature","properties":{"GCIdentifi":132226,"GCCalculat":592.74259795318972,"Nom":"AX_1244","code":"SEINE21","source_doc":null,"date_visit":"2010-03-02"},"geometry":{"type":"LineString","coordinates":[[1.958894223559323,49.040336194210184],[1.95973535564291,49.041004391777378],[1.961103849964446,49.041693655751125],[1.962341120747692,49.042662666278702],[1.963003110968632,49.043494526712678],[1.963562301670328,49.044441138064734],[1.963849684885587,49.045154107731364]]}},
{"type":"Feature","properties":{"GCIdentifi":132232,"GCCalculat":744.66859905805575,"Nom":"AX_1245","code":"SEINE21","source_doc":null,"date_visit":"2009-04-22"},"geometry":{"type":"LineString","coordinates":[[1.949704178790248,49.023315146535893],[1.948399205382882,49.025121930032995],[1.947663478335893,49.026181691163991],[1.947243361783716,49.027495161667204],[1.947162254047843,49.028039490791983],[1.947357373228706,49.029501019587272],[1.947230211804198,49.030254047987469],[1.947167129645763,49.030672673958399],[1.947132537984773,49.03094877479495],[1.946996400427569,49.031537843077317],[1.946492182419608,49.032029071634966]]}},
{"type":"Feature","properties":{"GCIdentifi":132237,"GCCalculat":1186.7597488542926,"Nom":"AX_1246","code":"SEINE21","source_doc":null,"date_visit":"2010-03-02"},"geometry":{"type":"LineString","coordinates":[[1.963837327191115,49.048697740207913],[1.962389974285392,49.048558157457641],[1.959938153789061,49.048371727566611],[1.958103447348684,49.04826685717309]]}},
{"type":"Feature","properties":{"GCIdentifi":132254,"GCCalculat":423.75244459014482,"Nom":"AX_1247","code":"SEINE21","source_doc":null,"date_visit":"2009-04-22"},"geometry":{"type":"LineString","coordinates":[[1.926189895136355,49.046555621352461],[1.926976302980465,49.047511783681706],[1.927608185177198,49.048772797503268],[1.927881297818843,49.050274443074102]]}},
{"type":"Feature","properties":{"GCIdentifi":132465,"GCCalculat":734.80350455562063,"Nom":"AX_1248","code":"EPTE16","source_doc":null,"date_visit":null},"geometry":{"type":"LineString","coordinates":[[1.811319533697898,49.182625815224561],[1.812503978183718,49.181199084030922],[1.813695680074961,49.179686821588717],[1.814663456737539,49.178237970802449]]}},
{"type":"Feature","properties":{"GCIdentifi":132261,"GCCalculat":434.32130405994542,"Nom":"AX_1249","code":"SEINE21","source_doc":null,"date_visit":null},"geometry":{"type":"LineString","coordinates":[[1.913070503038344,49.056166944100369],[1.913870923784433,49.055270465772843],[1.914565656610322,49.053941292475201],[1.914866729920397,49.052493869246639],[1.914866729920397,49.052493869246639]]}},
{"type":"Feature","properties":{"GCIdentifi":132275,"GCCalculat":336.97084012131154,"Nom":"AX_1250","code":"SEINE21","source_doc":null,"date_visit":null},"geometry":{"type":"LineString","coordinates":[[1.896576394398114,49.070546248109828],[1.897406009674341,49.071233274729977],[1.898838444161453,49.071787851524284],[1.900354595966762,49.072152981255094],[1.900354595966762,49.072152981255094]]}},
{"type":"Feature","properties":{"GCIdentifi":132272,"GCCalculat":890.09029084193571,"Nom":"AX_1251","code":"SEINE21","source_doc":null,"date_visit":"2007-03-13"},"geometry":{"type":"LineString","coordinates":[[1.940035062285644,49.07662258964676],[1.938469669285638,49.075737944919581],[1.938186707558939,49.075431536674984],[1.937815311937225,49.075066418455499],[1.937175523888852,49.074712737753643],[1.934838752066966,49.07432838804209],[1.93214471498788,49.073955080222866],[1.930780796120107,49.073955875521541],[1.92923886464439,49.073986335390536]]}},
{"type":"Feature","properties":{"GCIdentifi":132338,"GCCalculat":487.94658895425181,"Nom":"AX_1252","code":"SEINE21","source_doc":null,"date_visit":"2011-01-18"},"geometry":{"type":"LineString","coordinates":[[1.865425122794977,49.106467138406536],[1.865723589377303,49.105298310434321],[1.865657495732384,49.103617074405882],[1.865581127111875,49.10219594192786]]}},
{"type":"Feature","properties":{"GCIdentifi":132301,"GCCalculat":1617.7595774438032,"Nom":"AX_1253","code":"SEINE21","source_doc":null,"date_visit":null},"geometry":{"type":"LineString","coordinates":[[1.833785802683256,49.076565832025508],[1.83229477026177,49.077961775777531],[1.831292720330785,49.079504705000765],[1.83092648839152,49.080383442340953],[1.831815213096136,49.08592771568096],[1.833836523614845,49.090414712010784],[1.833836523614845,49.090414712010784]]}},
{"type":"Feature","properties":{"GCIdentifi":132282,"GCCalculat":1327.9464287055011,"Nom":"AX_1254","code":"SEINE21","source_doc":null,"date_visit":"2010-12-17"},"geometry":{"type":"LineString","coordinates":[[1.876091985410241,49.074050923923053],[1.875800968508529,49.075509664268338],[1.875329781898029,49.077101150582891],[1.874532517919012,49.078093950936093],[1.872975223680016,49.079382354308088],[1.87278578697733,49.080078888817596],[1.872417579580133,49.080515326707278],[1.871472392038461,49.08104936264499],[1.870335686731877,49.082313612909218]]}},
{"type":"Feature","properties":{"GCIdentifi":132304,"GCCalculat":874.67277020093979,"Nom":"AX_1255","code":"SEINE21","source_doc":null,"date_visit":"2008-04-03"},"geometry":{"type":"LineString","coordinates":[[1.844970306654271,49.079244216983135],[1.845653320102786,49.079662616652783],[1.846459318851097,49.080262326016445],[1.849790055141158,49.081397174711917],[1.851586703847548,49.082092001709917],[1.854302639163569,49.082834475931762],[1.855290258748173,49.083056470917064]]}},
{"type":"Feature","properties":{"GCIdentifi":132305,"GCCalculat":929.53707298621134,"Nom":"AX_1256","code":"SEINE21","source_doc":null,"date_visit":"2008-04-03"},"geometry":{"type":"LineString","coordinates":[[1.852438260838602,49.078047575837886],[1.853324483398477,49.078492618763505],[1.853595850849221,49.079059707184861],[1.854234026924752,49.081104934466573],[1.854859137562563,49.082739128556021],[1.855845798754765,49.083414768603262],[1.857820915566229,49.084582993587112],[1.858532263781316,49.084921707538577]]}},
{"type":"Feature","properties":{"GCIdentifi":132297,"GCCalculat":941.68885268334589,"Nom":"AX_1257","code":"SEINE21","source_doc":null,"date_visit":null},"geometry":{"type":"LineString","coordinates":[[1.839508110515569,49.077108470033849],[1.841038190930198,49.077083658826588],[1.842112953172236,49.077292667082588],[1.843574203750296,49.077141762578194],[1.843812236000032,49.077268560234991],[1.844626298404054,49.077051976269153],[1.845324300450797,49.076646233481732],[1.848104075463546,49.076076464853969],[1.848800467155565,49.075829023241305],[1.849743440104405,49.074842646543757],[1.849913559923809,49.074576123371102],[1.850133407241013,49.074121155779494]]}},
{"type":"Feature","properties":{"GCIdentifi":132328,"GCCalculat":910.54012510661755,"Nom":"AX_1258","code":"SEINE21","source_doc":null,"date_visit":"2007-03-13"},"geometry":{"type":"LineString","coordinates":[[1.922394441854155,49.084914447681783],[1.919608073475606,49.083675903986659],[1.917309148845019,49.082623227040699],[1.915487892583005,49.082299897707237],[1.914055457579283,49.081889250985164],[1.911593394054726,49.080947020684285]]}},
{"type":"Feature","properties":{"GCIdentifi":132329,"GCCalculat":442.17323688713554,"Nom":"AX_1259","code":"SEINE21","source_doc":null,"date_visit":"2007-03-13"},"geometry":{"type":"LineString","coordinates":[[1.915476328043811,49.08606602534897],[1.915634162567372,49.085399603970764],[1.915405216991911,49.083980548791317],[1.914764347650598,49.082153494439481],[1.914764347650598,49.082153494439481]]}},
{"type":"Feature","properties":{"GCIdentifi":132324,"GCCalculat":615.96300372053861,"Nom":"AX_1260","code":"SEINE21","source_doc":null,"date_visit":"2007-03-13"},"geometry":{"type":"LineString","coordinates":[[1.931190977138328,49.081048378554769],[1.929681385698669,49.081279936898945],[1.929405824631413,49.08132165227903],[1.929150440701235,49.081194971058437],[1.928983301041769,49.080942843823827],[1.928652902380826,49.079755902617293],[1.928401780350072,49.079322687766172],[1.927987565915382,49.078148915235694],[1.928010023088206,49.07791206383051],[1.927801197377608,49.077535164402853],[1.927463138258649,49.077282417346062]]}},
{"type":"Feature","properties":{"GCIdentifi":132351,"GCCalculat":461.38012531550999,"Nom":"AX_1261","code":"SEINE21","source_doc":null,"date_visit":null},"geometry":{"type":"LineString","coordinates":[[1.842679810392224,49.112629225893073],[1.844742114613985,49.111999172821776],[1.846866177397374,49.111865657887975],[1.848754312171492,49.112062362809041],[1.848754312171492,49.112062362809041]]}},
{"type":"Feature","properties":{"GCIdentifi":132383,"GCCalculat":385.98245518793976,"Nom":"AX_1262","code":"SEINE23","source_doc":null,"date_visit":null},"geometry":{"type":"LineString","coordinates":[[1.875666978659999,49.01723545547982],[1.875008703310076,49.018805973923605],[1.874846985359846,49.020038256756891],[1.875128438333558,49.020614317449002],[1.875128438333558,49.020614317449002]]}},
{"type":"Feature","properties":{"GCIdentifi":132367,"GCCalculat":700.22460780517633,"Nom":"AX_1263","code":"SEINE21","source_doc":null,"date_visit":"2011-01-18"},"geometry":{"type":"LineString","coordinates":[[1.805644563815951,49.088977379117757],[1.806852956083441,49.089861817627643],[1.807733113491902,49.090579418880694],[1.808165828911142,49.091259873234904],[1.808740946038835,49.092247068262509],[1.809231319237382,49.093309764149623],[1.809383311756568,49.093921994808078]]}},
{"type":"Feature","properties":{"GCIdentifi":132365,"GCCalculat":275.76518476803528,"Nom":"AX_1264","code":"SEINE21","source_doc":null,"date_visit":null},"geometry":{"type":"LineString","coordinates":[[1.798183108845259,49.091502470902689],[1.799124970419651,49.091839263972503],[1.800206595375321,49.091745527966516],[1.801690050342611,49.091330259166924],[1.801690050342611,49.091330259166924]]}},
{"type":"Feature","properties":{"GCIdentifi":132377,"GCCalculat":396.60676639743815,"Nom":"AX_1265","code":"SEINE21","source_doc":null,"date_visit":"2008-04-03"},"geometry":{"type":"LineString","coordinates":[[1.871178485744199,49.091759441017317],[1.871551366583967,49.091379174711193],[1.872025646415171,49.090764632887222],[1.872206592674842,49.090245459947397],[1.872395539385751,49.088879659387459],[1.87245853610178,49.088360026254627]]}},
{"type":"Feature","properties":{"GCIdentifi":132382,"GCCalculat":600.33857325604367,"Nom":"AX_1266","code":"SEINE21","source_doc":null,"date_visit":null},"geometry":{"type":"LineString","coordinates":[[1.849721813387493,49.097363297706892],[1.851328233265732,49.0958935230842],[1.851626554193249,49.095290670983545],[1.851769208351579,49.09416838331537],[1.851372806218657,49.092920279643842],[1.851172906291727,49.092381573136649]]}},
{"type":"Feature","properties":{"GCIdentifi":130681,"GCCalculat":1291.3076414775007,"Nom":"AX_1267","code":"SEINE21","source_doc":null,"date_visit":"2010-10-25"},"geometry":{"type":"LineString","coordinates":[[2.298414131186626,49.171981689544005],[2.297558443545467,49.171240331001556],[2.296775169206565,49.170043442829076],[2.296394309387215,49.168703391195024],[2.295908418943217,49.166824562195892],[2.295861949096432,49.166401339674636],[2.295673354549506,49.165590999549387]]}},
{"type":"Feature","properties":{"GCIdentifi":130680,"GCCalculat":1860.9844338072189,"Nom":"AX_1268","code":"SEINE21","source_doc":null,"date_visit":null},"geometry":{"type":"LineString","coordinates":[[2.325563316691527,49.17817010752929],[2.325166213309072,49.177055057123276],[2.324767501810237,49.175634595308864],[2.324987085385478,49.174133362110986],[2.325167094252431,49.173350739574978],[2.326580393086203,49.171525095698286],[2.328500465453703,49.16936711613436],[2.329336405153954,49.167803030123885],[2.331559296705696,49.165824674092597],[2.332929260608987,49.164475032844756],[2.33365704597312,49.163477952348138],[2.333985817828535,49.163072608981309],[2.333985817828535,49.163072608981309]]}},
{"type":"Feature","properties":{"GCIdentifi":132346,"GCCalculat":280.25586142269225,"Nom":"AX_1269","code":"SEINE21","source_doc":null,"date_visit":null},"geometry":{"type":"LineString","coordinates":[[1.847222929935796,49.12144436002265],[1.848508431306227,49.120334803237469],[1.849054444746696,49.119267012138842],[1.849054444746696,49.119267012138842]]}},
{"type":"Feature","properties":{"GCIdentifi":132339,"GCCalculat":227.20552951041773,"Nom":"AX_1270","code":"SEINE21","source_doc":null,"date_visit":null},"geometry":{"type":"LineString","coordinates":[[1.870388477201513,49.107367796945859],[1.871016532681939,49.106057686407382],[1.871132262370395,49.105392275162004],[1.871132262370395,49.105392275162004]]}},
{"type":"Feature","properties":{"GCIdentifi":132229,"GCCalculat":581.60328239109958,"Nom":"AX_1271","code":"SEINE21","source_doc":null,"date_visit":"2009-04-22"},"geometry":{"type":"LineString","coordinates":[[1.962899200986992,49.021492746957904],[1.962548702027602,49.021786915423803],[1.962017714395309,49.022461168657422],[1.961637929815396,49.023012386371512],[1.961200333520575,49.02330066254423],[1.960072416699199,49.024112164934635],[1.958761270427501,49.024309968904092],[1.957027548976901,49.024398542419938],[1.955608990968147,49.024575730138366],[1.95480898788603,49.025136758713245],[1.954203505248881,49.025933112661299],[1.954067149077917,49.026120184664975],[1.952761458386044,49.026710937769352]]}},
{"type":"Feature","properties":{"GCIdentifi":132209,"GCCalculat":807.3096060598607,"Nom":"AX_1272","code":"SEINE21","source_doc":null,"date_visit":null},"geometry":{"type":"LineString","coordinates":[[1.992183084206099,49.023311668016859],[1.991887291887951,49.024596476736129],[1.991917376202159,49.026160746867085],[1.992699903096263,49.027566712415833],[1.99373140055151,49.028783648702372],[1.994554993763452,49.030188593158528],[1.994554993763452,49.030188593158528]]}},
{"type":"Feature","properties":{"GCIdentifi":132332,"GCCalculat":660.92309658036868,"Nom":"AX_1273","code":"SEINE21","source_doc":null,"date_visit":"2011-01-24"},"geometry":{"type":"LineString","coordinates":[[1.899444415684375,49.092054899486179],[1.897567448535228,49.091371819874233],[1.896425406843021,49.090591509628517],[1.896425406843021,49.090591509628517]]}},
{"type":"Feature","properties":{"GCIdentifi":132373,"GCCalculat":1007.1495662152713,"Nom":"AX_1274","code":"SEINE21","source_doc":null,"date_visit":"2008-04-03"},"geometry":{"type":"LineString","coordinates":[[1.859751821083077,49.097622219151184],[1.860944993494465,49.097487936992543],[1.863671037806546,49.097275763427255],[1.869566033395091,49.097384176707749],[1.870967524802141,49.097641417142761],[1.873216510325167,49.098334366448888]]}},
{"type":"Feature","properties":{"GCIdentifi":132242,"GCCalculat":814.78737467461065,"Nom":"AX_1275","code":"SEINE21","source_doc":null,"date_visit":"2010-03-02"},"geometry":{"type":"LineString","coordinates":[[1.95769300914112,49.054262074023995],[1.956818061648022,49.052576867914489],[1.955583623744546,49.051460423717877],[1.954607381068852,49.050968979093618],[1.954223798390952,49.05081312081029]]}},
{"type":"Feature","properties":{"GCIdentifi":132335,"GCCalculat":514.92867529819284,"Nom":"AX_1277","code":"SEINE21","source_doc":null,"date_visit":null},"geometry":{"type":"LineString","coordinates":[[1.889029361117223,49.097357456003408],[1.886616120124338,49.096842701369745],[1.885477322804379,49.096463178951076],[1.884164663887777,49.09583815769993],[1.883268197406289,49.094955389707494],[1.883268197406289,49.094955389707494]]}},
{"type":"Feature","properties":{"GCIdentifi":132345,"GCCalculat":758.66453684418843,"Nom":"AX_1278","code":"SEINE21","source_doc":null,"date_visit":null},"geometry":{"type":"LineString","coordinates":[[1.852039238845883,49.120709118237087],[1.84977391796184,49.119864070481512],[1.848157951559233,49.118408674553613],[1.847202040625881,49.116641652749529],[1.846462754001092,49.11528988780691],[1.846462754001092,49.11528988780691]]}},
{"type":"Feature","properties":{"GCIdentifi":132347,"GCCalculat":597.22746286101483,"Nom":"AX_1279","code":"SEINE21","source_doc":null,"date_visit":null},"geometry":{"type":"LineString","coordinates":[[1.841709440407834,49.120709882649081],[1.84240201124862,49.119885298282753],[1.842884035948978,49.118386068250814],[1.842965932211446,49.117037827877311],[1.84302241443253,49.11549072637613],[1.84302241443253,49.11549072637613]]}},
{"type":"Feature","properties":{"GCIdentifi":132298,"GCCalculat":583.71037392438825,"Nom":"AX_1280","code":"SEINE21","source_doc":null,"date_visit":null},"geometry":{"type":"LineString","coordinates":[[1.839466169419857,49.07413822856109],[1.84133562611495,49.074520258542286],[1.843285830685021,49.074862175042568],[1.843977098961116,49.075132391554554],[1.845069982484104,49.075750195752406],[1.845712932395942,49.076066247989687],[1.846547315751049,49.076384223897264]]}},
{"type":"Feature","properties":{"GCIdentifi":132277,"GCCalculat":447.3006994983968,"Nom":"AX_1281","code":"SEINE21","source_doc":null,"date_visit":"2010-12-17"},"geometry":{"type":"LineString","coordinates":[[1.884759179255018,49.067468374691991],[1.883800078970766,49.068779336945646],[1.883136307799534,49.070028632469523],[1.88274780199298,49.071167125521697],[1.88274780199298,49.071167125521697]]}},
{"type":"Feature","properties":{"GCIdentifi":132286,"GCCalculat":763.44496169736783,"Nom":"AX_1282","code":"SEINE21","source_doc":null,"date_visit":"2010-12-17"},"geometry":{"type":"LineString","coordinates":[[1.860435489952909,49.068527840331136],[1.859939843473949,49.070130091583984],[1.859799065181221,49.071082844074006],[1.858998775147292,49.072367474548557],[1.857767634938329,49.074015232825957],[1.857904659175764,49.075400326482786],[1.857970341831992,49.075679073724622],[1.857970341831992,49.075679073724622]]}},
{"type":"Feature","properties":{"GCIdentifi":132331,"GCCalculat":492.91962785881981,"Nom":"AX_1283","code":"SEINE21","source_doc":null,"date_visit":"2011-01-24"},"geometry":{"type":"LineString","coordinates":[[1.904390347310151,49.087941502408334],[1.904433039032535,49.0870392436358],[1.904931589099316,49.085450001481462],[1.905500102317867,49.083985429952605],[1.905897851386351,49.083576490612742],[1.904250988957205,49.083543739229683]]}},
{"type":"Feature","properties":{"GCIdentifi":132376,"GCCalculat":352.32789617165025,"Nom":"AX_1284","code":"SEINE21","source_doc":null,"date_visit":"2008-04-03"},"geometry":{"type":"LineString","coordinates":[[1.877461351627988,49.093299586005962],[1.877961042679051,49.093994404366441],[1.879004620460588,49.095225896414171],[1.879746773953806,49.095776835461109],[1.880030733367888,49.095950897112793]]}},
{"type":"Feature","properties":{"GCIdentifi":132380,"GCCalculat":620.72374663090807,"Nom":"AX_1285","code":"SEINE21","source_doc":null,"date_visit":null},"geometry":{"type":"LineString","coordinates":[[1.838361935318119,49.092480393283552],[1.840916186157969,49.091821126422886],[1.841875944530531,49.091593943834262],[1.842329206034036,49.091576817907765],[1.843615159298106,49.091559897218595],[1.844008811327341,49.091516671758143],[1.84442021500221,49.091412900365619],[1.846209629243205,49.090624449218616]]}},
{"type":"Feature","properties":{"GCIdentifi":132334,"GCCalculat":598.22605776565217,"Nom":"AX_1286","code":"SEINE21","source_doc":null,"date_visit":"2011-01-24"},"geometry":{"type":"LineString","coordinates":[[1.895134870844844,49.094361643513977],[1.894496904459933,49.09381625408416],[1.893780675581886,49.093357984565088],[1.892569159566887,49.092392337986745]]}},
{"type":"Feature","properties":{"GCIdentifi":132325,"GCCalculat":213.2017420819422,"Nom":"AX_1287","code":"SEINE21","source_doc":null,"date_visit":"2007-03-13"},"geometry":{"type":"LineString","coordinates":[[1.931298231093776,49.080894910117422],[1.930233975072144,49.080392583417741],[1.928736294801139,49.080007724896319]]}},
{"type":"Feature","properties":{"GCIdentifi":132318,"GCCalculat":771.44932359582788,"Nom":"AX_1288","code":"SEINE21","source_doc":null,"date_visit":null},"geometry":{"type":"LineString","coordinates":[[1.810470093967018,49.079013253454917],[1.813861875219286,49.080344971307731],[1.814564579920946,49.080531327875605],[1.815812487276146,49.08076527182817],[1.817532988954967,49.080899550778959],[1.820532133829445,49.080822153093195]]}},
{"type":"Feature","properties":{"GCIdentifi":132375,"GCCalculat":561.473604644327,"Nom":"AX_1289","code":"SEINE21","source_doc":null,"date_visit":"2008-04-03"},"geometry":{"type":"LineString","coordinates":[[1.870656155466015,49.093663979922475],[1.872012505236408,49.094164697312593],[1.872424899308069,49.094495366219654],[1.873904501624037,49.095535529940769],[1.874156898714868,49.095788089918308],[1.876081374894805,49.097172497443637]]}},
{"type":"Feature","properties":{"GCIdentifi":132340,"GCCalculat":562.05184722764704,"Nom":"AX_1290","code":"SEINE21","source_doc":null,"date_visit":null},"geometry":{"type":"LineString","coordinates":[[1.862699261755062,49.10785725697464],[1.861911928493162,49.107027560406216],[1.861154204484038,49.106142954055187],[1.859723871728752,49.105309425350647],[1.858359132106478,49.104773733527672],[1.857280999872671,49.104490746624961],[1.857280999872671,49.104490746624961]]}},
{"type":"Feature","properties":{"GCIdentifi":132379,"GCCalculat":418.29203722864844,"Nom":"AX_1291","code":"SEINE21","source_doc":null,"date_visit":null},"geometry":{"type":"LineString","coordinates":[[1.850074221799557,49.088309800268405],[1.850727491180763,49.088639335120675],[1.851439482009223,49.089083637216739],[1.852456898986008,49.089595486478267],[1.853359223849754,49.089810403968244],[1.854829517693518,49.090344373540418]]}},
{"type":"Feature","properties":{"GCIdentifi":132271,"GCCalculat":621.05309673699117,"Nom":"AX_1292","code":"SEINE21","source_doc":null,"date_visit":null},"geometry":{"type":"LineString","coordinates":[[1.908915805998995,49.069748589595498],[1.909215431943479,49.068301187221579],[1.910283312985734,49.066740974149376],[1.911593786914201,49.065576918529757],[1.91278799196082,49.065014280932353],[1.91278799196082,49.065014280932353]]}},
{"type":"Feature","properties":{"GCIdentifi":132256,"GCCalculat":769.05450948316843,"Nom":"AX_1293","code":"SEINE21","source_doc":null,"date_visit":"2009-04-22"},"geometry":{"type":"LineString","coordinates":[[1.921770171367688,49.044378141651507],[1.921862956139628,49.045335171064195],[1.922165082605681,49.046991407166779],[1.922472595160288,49.049438168001565],[1.922635995983307,49.051147807471722],[1.922635995983307,49.051147807471722]]}},
{"type":"Feature","properties":{"GCIdentifi":132299,"GCCalculat":189.60582803016581,"Nom":"AX_1294","code":"SEINE21","source_doc":null,"date_visit":null},"geometry":{"type":"LineString","coordinates":[[1.84138966056522,49.073047247910765],[1.841289862995229,49.073455536848101],[1.841190872502317,49.073784125141081],[1.841355213598747,49.074099245883069],[1.841876447487361,49.074620277566844]]}},
{"type":"Feature","properties":{"GCIdentifi":132303,"GCCalculat":614.54770058041527,"Nom":"AX_1295","code":"SEINE21","source_doc":null,"date_visit":null},"geometry":{"type":"LineString","coordinates":[[1.825500010437669,49.081124040262395],[1.826679238313172,49.0821455100401],[1.829020845576258,49.083513492376483],[1.831524280554981,49.084954002187885],[1.831524280554981,49.084954002187885]]}},
{"type":"Feature","properties":{"GCIdentifi":132250,"GCCalculat":901.44546016671984,"Nom":"AX_1296","code":"SEINE21","source_doc":null,"date_visit":null},"geometry":{"type":"LineString","coordinates":[[1.923477847790279,49.041979085222394],[1.925463996767508,49.041814431310058],[1.92759158396944,49.041686186246743],[1.92949287418884,49.041453786045828],[1.931372983835357,49.041509853218088],[1.932649579345995,49.041843387624183],[1.9337919972506,49.042086574731513],[1.934899709236645,49.042190410409809],[1.936531183469884,49.042367927760125],[1.938611916414356,49.042542505552632],[1.93980324677952,49.042656665629565],[1.941365672800691,49.043142677144679],[1.9418929625502,49.043209623256324],[1.942851016821737,49.043020917931898],[1.943975713675527,49.042920348559669],[1.945580308273842,49.042833757449031],[1.945933028058992,49.042728296556042]]}},
{"type":"Feature","properties":{"GCIdentifi":132294,"GCCalculat":277.50605646737364,"Nom":"AX_1297","code":"SEINE21","source_doc":null,"date_visit":null},"geometry":{"type":"LineString","coordinates":[[1.845890392444469,49.070238050648953],[1.845359169654663,49.070723112993875],[1.845328682217275,49.071383237553718],[1.84520251532222,49.072041839844125],[1.84534047487227,49.072608371036196]]}},
{"type":"Feature","properties":{"GCIdentifi":132291,"GCCalculat":379.45651143710415,"Nom":"AX_1298","code":"SEINE21","source_doc":null,"date_visit":null},"geometry":{"type":"LineString","coordinates":[[1.848766416069869,49.069228510446464],[1.849266153323626,49.070025641937185],[1.850012841256019,49.07038925612413],[1.850355282497138,49.070846619976521],[1.850861558561887,49.071329361083038],[1.852065306702358,49.071623045545635]]}},
{"type":"Feature","properties":{"GCIdentifi":132296,"GCCalculat":294.95716710139953,"Nom":"AX_1299","code":"SEINE21","source_doc":null,"date_visit":null},"geometry":{"type":"LineString","coordinates":[[1.841976329903424,49.072149224129987],[1.843848564297307,49.072418937479171],[1.844958407965264,49.072528129670062],[1.845828607561438,49.072849630774151],[1.845828607561438,49.072849630774151]]}},
{"type":"Feature","properties":{"GCIdentifi":132307,"GCCalculat":336.39834999470941,"Nom":"AX_1300","code":"SEINE21","source_doc":null,"date_visit":"2008-04-03"},"geometry":{"type":"LineString","coordinates":[[1.840606018770174,49.080466200910145],[1.840746190988663,49.080808162930083],[1.840476289188045,49.081811976270849],[1.840122834082767,49.0826245435278],[1.839510633408477,49.083323691835474]]}},
{"type":"Feature","properties":{"GCIdentifi":132288,"GCCalculat":556.89944626380338,"Nom":"AX_1301","code":"SEINE21","source_doc":null,"date_visit":null},"geometry":{"type":"LineString","coordinates":[[1.85496028257169,49.069538826949874],[1.855116920849999,49.070654517737495],[1.85544302893084,49.071567676959532],[1.856031851932694,49.072355059724408],[1.856100601474094,49.07266975352772],[1.85640690361879,49.073158380514734],[1.857767825605407,49.073997249994818]]}},
{"type":"Feature","properties":{"GCIdentifi":132289,"GCCalculat":581.33900627205048,"Nom":"AX_1302","code":"SEINE21","source_doc":null,"date_visit":null},"geometry":{"type":"LineString","coordinates":[[1.852036372794482,49.068991972335098],[1.852238454943094,49.069648610225087],[1.852279187385079,49.070374161595659],[1.852087624227809,49.071262701322297],[1.852153703768741,49.072019805074888],[1.852399337077211,49.072944981227295],[1.852835350973077,49.074148316632972]]}},
{"type":"Feature","properties":{"GCIdentifi":132280,"GCCalculat":918.04072434067109,"Nom":"AX_1303","code":"SEINE21","source_doc":null,"date_visit":"2008-04-03"},"geometry":{"type":"LineString","coordinates":[[1.882735232964942,49.08111139872203],[1.885397002558501,49.083713563763496],[1.885941663291599,49.084163744203316],[1.886686485132806,49.084785377386794],[1.889257582284211,49.085736434902238],[1.891914884330701,49.086239728483129]]}},
{"type":"Feature","properties":{"GCIdentifi":132290,"GCCalculat":284.76829429507484,"Nom":"AX_1304","code":"SEINE21","source_doc":null,"date_visit":null},"geometry":{"type":"LineString","coordinates":[[1.850439338256454,49.068903246747674],[1.850856081851262,49.069624779174227],[1.851532556448336,49.070525968543556],[1.852122343818345,49.071207810905605]]}},
{"type":"Feature","properties":{"GCIdentifi":132327,"GCCalculat":467.18907277492701,"Nom":"AX_1305","code":"SEINE21","source_doc":null,"date_visit":"2007-03-13"},"geometry":{"type":"LineString","coordinates":[[1.920127143145371,49.080904260033982],[1.920425131278281,49.079619618212796],[1.92066170129491,49.078319055021367],[1.920680634144947,49.077086207144617],[1.920625514393101,49.076728928806311]]}},
{"type":"Feature","properties":{"GCIdentifi":132251,"GCCalculat":652.64776361631266,"Nom":"AX_1306","code":"SEINE21","source_doc":null,"date_visit":"2009-04-22"},"geometry":{"type":"LineString","coordinates":[[1.925624941769184,49.03888539357991],[1.928027938464621,49.039519436238884],[1.929125166122184,49.040265575929162],[1.930100038671197,49.040730561649944],[1.930842153299702,49.041046467072938],[1.931372983835357,49.041509853218088]]}},
{"type":"Feature","properties":{"GCIdentifi":132320,"GCCalculat":702.97275579231905,"Nom":"AX_1307","code":"SEINE21","source_doc":null,"date_visit":"2011-01-18"},"geometry":{"type":"LineString","coordinates":[[1.811019991513982,49.08165730920755],[1.811815925131587,49.083385573231368],[1.813919625239439,49.085548909554994],[1.814684504766362,49.086142427637412],[1.815657883587952,49.086832575478624],[1.816955723003826,49.087190946032365],[1.818154970903206,49.087258215409186],[1.823651637635219,49.086510000443369]]}},
{"type":"Feature","properties":{"GCIdentifi":132302,"GCCalculat":558.38670529056412,"Nom":"AX_1308","code":"SEINE21","source_doc":null,"date_visit":null},"geometry":{"type":"LineString","coordinates":[[1.827891986098142,49.077420151221766],[1.828587575790348,49.078925667007255],[1.829846180091294,49.080378667174685],[1.831158532948644,49.081931817739012],[1.831158532948644,49.081931817739012]]}},
{"type":"Feature","properties":{"GCIdentifi":132211,"GCCalculat":258.872899339588,"Nom":"AX_1309","code":"SEINE21","source_doc":null,"date_visit":null},"geometry":{"type":"LineString","coordinates":[[1.997859439874808,49.031169725450042],[1.996602990283137,49.030860565814748],[1.995742292283291,49.030615456503156],[1.99462299020118,49.030233702291682],[1.99462299020118,49.030233702291682]]}},
{"type":"Feature","properties":{"GCIdentifi":132216,"GCCalculat":558.304652580533,"Nom":"AX_1310","code":"SEINE21","source_doc":null,"date_visit":"2008-11-26"},"geometry":{"type":"LineString","coordinates":[[1.983132109850363,49.019716652935813],[1.982321107517805,49.020675333481591],[1.981601990065877,49.021440035035617],[1.981322412914069,49.021629636799567],[1.980781446231641,49.021901837145109],[1.980447274225389,49.022033196020175],[1.980046400826568,49.022314954727172],[1.980004868050582,49.022482349414616],[1.98022843875648,49.02278618331745],[1.9802720224717,49.023163971749241],[1.97999568830544,49.023597763983872],[1.979389144345123,49.023961646372229]]}},
{"type":"Feature","properties":{"GCIdentifi":132213,"GCCalculat":382.97048411468035,"Nom":"AX_1311","code":"SEINE21","source_doc":null,"date_visit":null},"geometry":{"type":"LineString","coordinates":[[1.996627180475018,49.033306288109529],[1.994617304471443,49.033282319720996],[1.992744541136342,49.032944344828358],[1.991737200022549,49.032419156696584],[1.991737200022549,49.032419156696584]]}},
{"type":"Feature","properties":{"GCIdentifi":132210,"GCCalculat":297.89015104583461,"Nom":"AX_1312","code":"SEINE21","source_doc":null,"date_visit":null},"geometry":{"type":"LineString","coordinates":[[1.998886561836348,49.028797865450052],[1.9975614805132,49.028795056436415],[1.995888378456692,49.029239235626811],[1.995064916699761,49.029543325188357],[1.995064916699761,49.029543325188357]]}},
{"type":"Feature","properties":{"GCIdentifi":132281,"GCCalculat":773.51399990316474,"Nom":"AX_1313","code":"SEINE21","source_doc":null,"date_visit":"2008-04-03"},"geometry":{"type":"LineString","coordinates":[[1.889489834715237,49.079332369665224],[1.889281902455817,49.081157387886655],[1.890763629848944,49.082902509514405],[1.892248845518525,49.083889690622563],[1.892511617622338,49.08413550316277],[1.893443611637801,49.085438302153172]]}},
{"type":"Feature","properties":{"GCIdentifi":132258,"GCCalculat":600.24093898684089,"Nom":"AX_1314","code":"SEINE21","source_doc":null,"date_visit":null},"geometry":{"type":"LineString","coordinates":[[1.898051787662413,49.043106196154895],[1.899231966597366,49.044279651728353],[1.900633855650486,49.045112562999726],[1.902645856581566,49.046505850972601],[1.903352175581145,49.047191252197557],[1.903352175581145,49.047191252197557]]}},
{"type":"Feature","properties":{"GCIdentifi":132268,"GCCalculat":664.64196192880183,"Nom":"AX_1315","code":"SEINE21","source_doc":null,"date_visit":null},"geometry":{"type":"LineString","coordinates":[[1.910096810248799,49.061416663277058],[1.912542204012599,49.061991660720949],[1.914589068295335,49.062619075339732],[1.916251390812895,49.063462866740338],[1.917789593101418,49.064439789310008],[1.917789593101418,49.064439789310008]]}},
{"type":"Feature","properties":{"GCIdentifi":132267,"GCCalculat":559.03279157117674,"Nom":"AX_1316","code":"SEINE21","source_doc":null,"date_visit":"2010-12-17"},"geometry":{"type":"LineString","coordinates":[[1.901669323539652,49.0629637429453],[1.904194641492185,49.06338989971762],[1.906243001218905,49.064036524456895],[1.908042950396916,49.064565430781677],[1.909119265004905,49.065189292438887],[1.909119265004905,49.065189292438887]]}},
{"type":"Feature","properties":{"GCIdentifi":132257,"GCCalculat":747.03933119832641,"Nom":"AX_1317","code":"SEINE21","source_doc":null,"date_visit":"2009-04-22"},"geometry":{"type":"LineString","coordinates":[[1.910947034657473,49.046994039542433],[1.91289522486158,49.047901824177686],[1.913836169145614,49.048537488058479],[1.915285412443756,49.049268217002229],[1.915801228281442,49.049682218670675],[1.917050167419148,49.051074704235361],[1.917474363491624,49.051419862041982],[1.918426079811097,49.051604110517978],[1.920319944804634,49.051489758769023]]}},
{"type":"Feature","properties":{"GCIdentifi":132208,"GCCalculat":2377.1053866106954,"Nom":"AX_1318","code":"SEINE21","source_doc":null,"date_visit":"2010-03-02"},"geometry":{"type":"LineString","coordinates":[[1.997030100337053,49.025601128157334],[1.996903309313831,49.025916264067298],[1.996770905041367,49.026301026902047],[1.995701719421454,49.02857281419368],[1.994541152742937,49.030215499692204],[1.993684879040479,49.030817046172089],[1.991676073305826,49.032369580496621],[1.989725470845032,49.033396735126487],[1.989215340436479,49.034059926132024],[1.988836655284633,49.034724644167433],[1.988408334492495,49.035160156542915],[1.987713510182499,49.035369149317106],[1.986621729599658,49.035435423964643],[1.985583988565832,49.035344660294363],[1.983716094521496,49.035758877781205],[1.981014734404085,49.036172714555313],[1.980076061741727,49.0365909796664],[1.97894703507695,49.036558176226194],[1.977477389038149,49.036789385598823],[1.97699492444032,49.037087027607889],[1.976259650883176,49.037672645346326],[1.975544992825277,49.038107549965417],[1.974902963871696,49.038438631930667],[1.974560536792178,49.038795469417181]]}},
{"type":"Feature","properties":{"GCIdentifi":132221,"GCCalculat":1631.8165428724376,"Nom":"AX_1319","code":"SEINE21","source_doc":null,"date_visit":"2010-03-02"},"geometry":{"type":"LineString","coordinates":[[1.968127944130433,49.02528598332588],[1.968915651423431,49.02612956266109],[1.970096150427837,49.027433642088454],[1.970989569738339,49.028307877525116],[1.971888919587418,49.028616166049339],[1.972681303183646,49.028839901979246],[1.973934770678844,49.031163756919753],[1.974270700423762,49.031532181408544],[1.974675091016137,49.031975701247376],[1.975908380347235,49.033108695795718],[1.976104387526336,49.033911130240291],[1.97605855272403,49.034444614086709],[1.976260489382218,49.034945346297725],[1.976513748788632,49.035527789257081],[1.976823649257964,49.035925028494191],[1.97695639477601,49.036355540561104],[1.976925463396718,49.03702840757505]]}},
{"type":"Feature","properties":{"GCIdentifi":132230,"GCCalculat":1361.579935239185,"Nom":"AX_1320","code":"SEINE21","source_doc":null,"date_visit":null},"geometry":{"type":"LineString","coordinates":[[1.952736263000293,49.023354528561846],[1.952795759624268,49.025811618767712],[1.952761458386044,49.026710937769352],[1.951960625406279,49.027589710194917],[1.951557842171038,49.028441747066942],[1.95119715969223,49.029589258584913],[1.95082164641618,49.030224665386974],[1.950058547222943,49.030633073605927],[1.948113581203371,49.031494479696214],[1.946492182419608,49.032029071634966],[1.944817639375892,49.032581429588497],[1.943498252732943,49.033131655757778],[1.942931140045695,49.033373114482707],[1.942501754304263,49.033599336106008],[1.942086871366329,49.03372710776015],[1.941535592861136,49.033804405727345]]}},
{"type":"Feature","properties":{"GCIdentifi":132233,"GCCalculat":499.55986223092782,"Nom":"AX_1321","code":"SEINE21","source_doc":null,"date_visit":"2009-04-22"},"geometry":{"type":"LineString","coordinates":[[1.956332982555643,49.027240520830247],[1.955114146422728,49.027194903227198],[1.954337601986353,49.027142910315881],[1.953510660168053,49.026984072957639],[1.952761458386044,49.026710937769352]]}},
{"type":"Feature","properties":{"GCIdentifi":132234,"GCCalculat":790.88813052373916,"Nom":"AX_1322","code":"SEINE21","source_doc":null,"date_visit":"2009-04-22"},"geometry":{"type":"LineString","coordinates":[[1.961690874495985,49.028647205086784],[1.960304080083163,49.02935232493568],[1.958208387876496,49.029632857118095],[1.955799271993018,49.030030246554958],[1.954102698934727,49.030141358661659],[1.951468788608837,49.030233582378585],[1.95082164641618,49.030224665386974]]}},
{"type":"Feature","properties":{"GCIdentifi":132235,"GCCalculat":762.1828371303468,"Nom":"AX_1323","code":"SEINE21","source_doc":null,"date_visit":"2009-04-22"},"geometry":{"type":"LineString","coordinates":[[1.959574555788101,49.032762368290527],[1.957459093573861,49.032482518279323],[1.956217340184723,49.032293130533105],[1.954227008530334,49.03173290736845],[1.952643391419909,49.03136828836837],[1.950585919726095,49.030889753857721],[1.950073511520338,49.030687024868236]]}},
{"type":"Feature","properties":{"GCIdentifi":132236,"GCCalculat":2082.3802940310761,"Nom":"AX_1324","code":"SEINE21","source_doc":null,"date_visit":"2010-03-02"},"geometry":{"type":"LineString","coordinates":[[1.983411872042861,49.056325222306995],[1.980588170842457,49.056094770150786],[1.97932573450287,49.056041410074904],[1.977120219540126,49.056023992266148],[1.97478082940722,49.056094909897951],[1.974068213735479,49.05589882842397],[1.97322453113126,49.055338117734308],[1.972667684990446,49.05489551291511],[1.971922942480772,49.054418259690216],[1.970211117772496,49.053912500891485],[1.968226840064807,49.053539613104526],[1.967269753871739,49.05304842926602],[1.965757110767813,49.052298296272895],[1.963795973810228,49.050768999783926],[1.96245557075809,49.050142433503147],[1.961123489418666,49.049427744377418],[1.959947831969609,49.048854756196924],[1.958759199783676,49.04834879863882]]}},
{"type":"Feature","properties":{"GCIdentifi":132240,"GCCalculat":883.43688100965778,"Nom":"AX_1326","code":"SEINE21","source_doc":null,"date_visit":"2010-03-02"},"geometry":{"type":"LineString","coordinates":[[1.971821303450981,49.062719878651357],[1.972550694255472,49.061437385147123],[1.973473355285257,49.059916956494035],[1.974418808133407,49.058512372178235],[1.974887071897609,49.057715012686195],[1.974970147124328,49.057327461733465],[1.974878910904399,49.0568557842698],[1.974067560504145,49.055931869537503]]}},
{"type":"Feature","properties":{"GCIdentifi":132244,"GCCalculat":732.00806921957121,"Nom":"AX_1327","code":"SEINE21","source_doc":null,"date_visit":null},"geometry":{"type":"LineString","coordinates":[[1.950924007549552,49.058961965534095],[1.949124196446152,49.05816424737781],[1.948380581883946,49.056902961307536],[1.946016143180449,49.054925373812743],[1.945360662837152,49.054635678923148],[1.944503725675375,49.054111722129775],[1.944503725675375,49.054111722129775]]}},
{"type":"Feature","properties":{"GCIdentifi":132245,"GCCalculat":1011.1061572673756,"Nom":"AX_1328","code":"SEINE21","source_doc":null,"date_visit":"2010-12-17"},"geometry":{"type":"LineString","coordinates":[[1.956703002848495,49.067123413779775],[1.952259269887431,49.065996024568491],[1.948685331652663,49.064615737422216],[1.945243145888168,49.062076798472766],[1.944011198386902,49.060669573193586],[1.942815821498312,49.059238986803656],[1.940888030696559,49.056642190169519],[1.939856897989079,49.055147865434286],[1.939679793358149,49.054858681926092],[1.939679793358149,49.054858681926092]]}},
{"type":"Feature","properties":{"GCIdentifi":132255,"GCCalculat":1670.6615873650048,"Nom":"AX_1329","code":"SEINE21","source_doc":null,"date_visit":null},"geometry":{"type":"LineString","coordinates":[[1.905693217538108,49.053189588120183],[1.908103095639343,49.053081845275557],[1.911784986594067,49.05286088560171],[1.915550675044045,49.052425642093318],[1.920319944804634,49.051489758769023],[1.925951503665412,49.050583709835955],[1.928163069969624,49.0502625696965],[1.931890991193079,49.049807378951307],[1.932688521565801,49.049725253980633]]}},
{"type":"Feature","properties":{"GCIdentifi":132260,"GCCalculat":1248.7961249731241,"Nom":"AX_1330","code":"SEINE21","source_doc":null,"date_visit":"2009-04-22"},"geometry":{"type":"LineString","coordinates":[[1.898498923080721,49.046624812816553],[1.900727509604088,49.046893826314239],[1.90343290972916,49.047335302412037],[1.906667039837143,49.048273859334678],[1.909620013398404,49.04854542179433],[1.912105447262856,49.048958922149062],[1.9150323317624,49.049498610878786],[1.915758803329205,49.049649507927228]]}},
{"type":"Feature","properties":{"GCIdentifi":132262,"GCCalculat":725.27364138695862,"Nom":"AX_1331","code":"SEINE21","source_doc":null,"date_visit":"2010-12-17"},"geometry":{"type":"LineString","coordinates":[[1.932042967576174,49.053333210726457],[1.935296945051955,49.053575114282744],[1.937497668148889,49.05405945898741],[1.937565968305853,49.054060800406809],[1.93745665269415,49.054059312045702],[1.93745665269415,49.054059312045702]]}},
{"type":"Feature","properties":{"GCIdentifi":132263,"GCCalculat":935.99794001399368,"Nom":"AX_1332","code":"SEINE21","source_doc":null,"date_visit":"2010-12-17"},"geometry":{"type":"LineString","coordinates":[[1.921247825154008,49.059875638014994],[1.9237897564539,49.058868873463965],[1.926066143378042,49.058183837989546],[1.927466761815116,49.058033875758127],[1.928952931508684,49.05786402250579],[1.930122930467841,49.057707594009159],[1.931195378872942,49.057567677578696],[1.932098475274429,49.057450714601082],[1.93281690877047,49.057348830471035],[1.933121932188164,49.057238730504963],[1.933489910707609,49.056951445876386]]}},
{"type":"Feature","properties":{"GCIdentifi":132265,"GCCalculat":1188.9364736933057,"Nom":"AX_1333","code":"SEINE21","source_doc":null,"date_visit":"2010-12-17"},"geometry":{"type":"LineString","coordinates":[[1.944937370699241,49.070128950897967],[1.943888553347485,49.069414586186909],[1.942968198436857,49.068242485860026],[1.941224664051574,49.067006934072822],[1.940970762632295,49.066701747731919],[1.940620088527848,49.066316512817473],[1.940305677421368,49.066099823693939],[1.94008784821277,49.065986776165133],[1.939105444398203,49.065535345677105],[1.938596495384956,49.065285416210465],[1.938038713233655,49.06494774694302],[1.936911310897166,49.064255470826453]]}},
{"type":"Feature","properties":{"GCIdentifi":132266,"GCCalculat":1882.2172188057805,"Nom":"AX_1334","code":"SEINE21","source_doc":null,"date_visit":null},"geometry":{"type":"LineString","coordinates":[[1.903174882519059,49.068809599012127],[1.904310129167884,49.067383336844529],[1.906594770092715,49.066034357648491],[1.908941314637539,49.065215561961438],[1.911543981707912,49.065009664046201],[1.915115784332511,49.064977958235062],[1.918473478031463,49.064396246248748],[1.919883471044022,49.064374434494852],[1.92212116060732,49.065093346855505],[1.92330761045934,49.065646731536717],[1.924913319105134,49.066956194768814],[1.924913319105134,49.066956194768814]]}},
{"type":"Feature","properties":{"GCIdentifi":132276,"GCCalculat":1595.0262805864193,"Nom":"AX_1335","code":"SEINE21","source_doc":null,"date_visit":null},"geometry":{"type":"LineString","coordinates":[[1.896485204361484,49.073109459916715],[1.898723331466327,49.07243420432075],[1.900902137122152,49.072083183400295],[1.902915988730096,49.071829199632198],[1.905515256202485,49.072055720382508],[1.907351446371182,49.073366297204856],[1.909570402756445,49.074894979451543],[1.911148070097558,49.075880020682675],[1.913190973325787,49.077237298480981],[1.914460506240209,49.077691133670797],[1.914460506240209,49.077691133670797]]}},
{"type":"Feature","properties":{"GCIdentifi":132278,"GCCalculat":3045.9418996329314,"Nom":"AX_1336","code":"SEINE21","source_doc":null,"date_visit":"2010-12-17"},"geometry":{"type":"LineString","coordinates":[[1.880944787687908,49.067143216233887],[1.880995896428472,49.068021677251885],[1.881957492528063,49.070687895128692],[1.883487605224368,49.072501803896031],[1.885498308470902,49.074289536949877],[1.887392147179499,49.075223360304491],[1.890928613617736,49.07616356299944],[1.894320741399818,49.076437229944176],[1.897952031983279,49.077503356967611],[1.900693188544503,49.078728776723651],[1.903771667774608,49.079123370639181],[1.907108488183237,49.079302119716552],[1.908513802068576,49.079277041324382],[1.911202844677793,49.079846257837943],[1.911987966371157,49.080184926983918]]}},
{"type":"Feature","properties":{"GCIdentifi":132284,"GCCalculat":1058.5635157169975,"Nom":"AX_1337","code":"SEINE21","source_doc":null,"date_visit":"2010-12-17"},"geometry":{"type":"LineString","coordinates":[[1.868196265098195,49.076630892508021],[1.86958765695267,49.077711190202244],[1.870343838328919,49.078001736066817],[1.87182746363976,49.078736517738506],[1.872881228102299,49.079561641616287]]}},
{"type":"Feature","properties":{"GCIdentifi":132292,"GCCalculat":2532.6653780985762,"Nom":"AX_1338","code":"SEINE21","source_doc":null,"date_visit":"2008-04-03"},"geometry":{"type":"LineString","coordinates":[[1.842057224643971,49.070897537407291],[1.842774368525063,49.070963516232055],[1.843728130506131,49.071297761929465],[1.844507573044098,49.072148895412127],[1.846032605581351,49.072958301976229],[1.847603560575811,49.073451238319237],[1.849153442334784,49.074006952120939],[1.850276961356594,49.074121764827773],[1.852333188932866,49.074114773865318],[1.853861760381353,49.07423125312193],[1.856764742937493,49.075736897595235],[1.857408694412487,49.075959690881874],[1.858102635075337,49.075962590195658],[1.858459729230042,49.076152734565476],[1.860033056834157,49.077486549429096],[1.862949482928888,49.079235755405961],[1.863993092328256,49.080213622446806],[1.865970909462999,49.080929207328317],[1.866229665825791,49.081401870800221],[1.865697657581945,49.081980232193771],[1.865859458073436,49.082401966172441],[1.865804153554907,49.083364053676718],[1.866445089114797,49.083916916623089]]}},
{"type":"Feature","properties":{"GCIdentifi":132306,"GCCalculat":1327.3972500778609,"Nom":"AX_1339","code":"SEINE21","source_doc":null,"date_visit":"2008-04-03"},"geometry":{"type":"LineString","coordinates":[[1.846673709033086,49.086062979276925],[1.84740781206756,49.085819082847351],[1.849013134391306,49.085125237492441],[1.851016527946585,49.084623977297078],[1.852415749814714,49.084542313382713],[1.853389286918928,49.084809177092431],[1.854251417416996,49.085104753221536],[1.854651466589158,49.085106434388919],[1.8550301091371,49.085020451907674],[1.856142259524581,49.084747757623511],[1.858006595958148,49.084828555004208],[1.860688010573359,49.085276552262165],[1.862606309435517,49.085614634039956],[1.863836658028736,49.085493939554333]]}},
{"type":"Feature","properties":{"GCIdentifi":132308,"GCCalculat":982.35431464188821,"Nom":"AX_1340","code":"SEINE21","source_doc":null,"date_visit":"2008-04-03"},"geometry":{"type":"LineString","coordinates":[[1.834595106393639,49.081539320079372],[1.836351146405178,49.081832207488489],[1.8382210298138,49.082370372756429],[1.839481558717836,49.083323572997053],[1.840453272124093,49.084275519712257],[1.841676546991237,49.08589102763024],[1.842385658058736,49.087125919308832],[1.842658559622196,49.087874928904917]]}},
{"type":"Feature","properties":{"GCIdentifi":132310,"GCCalculat":1331.1682061341453,"Nom":"AX_1341","code":"SEINE21","source_doc":null,"date_visit":null},"geometry":{"type":"LineString","coordinates":[[1.836404029059181,49.086918035019472],[1.838348192544788,49.086715403756408],[1.841074429474657,49.087120245489515],[1.842036990628141,49.08728723601395],[1.843469312429579,49.088694773938528],[1.844291029902261,49.089619072583595],[1.844696591648953,49.089927383816196],[1.845335338704062,49.090342206943653],[1.848233897813565,49.091150749098141],[1.851373767429538,49.092297086520638],[1.851373767429538,49.092297086520638]]}},
{"type":"Feature","properties":{"GCIdentifi":132311,"GCCalculat":1966.2240894664722,"Nom":"AX_1342","code":"SEINE21","source_doc":null,"date_visit":"2011-01-18"},"geometry":{"type":"LineString","coordinates":[[1.824656991913277,49.093200788596633],[1.825596747369008,49.092154520013388],[1.827461648392069,49.091168093945306],[1.831549678720712,49.090503471603142],[1.835167093236004,49.090375618333901],[1.837302760753173,49.090358012110066],[1.839033521649522,49.08979848141707],[1.840234535826925,49.089380362660954],[1.841673776437122,49.088561271442799],[1.842905361088188,49.088154471978854]]}},
{"type":"Feature","properties":{"GCIdentifi":132315,"GCCalculat":1699.9513074931556,"Nom":"AX_1343","code":"SEINE21","source_doc":null,"date_visit":"2011-01-18"},"geometry":{"type":"LineString","coordinates":[[1.813810473079738,49.077674167196825],[1.817764476781039,49.079011323932612],[1.819427852532435,49.080051469157752],[1.820532133829445,49.080822153093195],[1.82171144275339,49.081988548877312],[1.8219987834636,49.084995071741524],[1.822652194156199,49.085940833744509],[1.823651637635219,49.086510000443369],[1.825492323587859,49.087541219673874],[1.828062336587956,49.089012263691792],[1.829382046710111,49.089637276938639],[1.831549678720712,49.090503471603142]]}},
{"type":"Feature","properties":{"GCIdentifi":132337,"GCCalculat":982.11766774635248,"Nom":"AX_1344","code":"SEINE21","source_doc":null,"date_visit":null},"geometry":{"type":"LineString","coordinates":[[1.87428046029593,49.108543504658087],[1.873786416286719,49.107237845028457],[1.872933195766472,49.106119365642101],[1.871132420544264,49.105374319573407],[1.86955308899153,49.104369632150998],[1.867644772995232,49.103435451916468],[1.866365240216907,49.102567838618434],[1.865671564017988,49.102141655731671],[1.865671564017988,49.102141655731671]]}},
{"type":"Feature","properties":{"GCIdentifi":132341,"GCCalculat":930.54862885680006,"Nom":"AX_1345","code":"SEINE21","source_doc":null,"date_visit":null},"geometry":{"type":"LineString","coordinates":[[1.862976487311596,49.111770579564521],[1.861036334380714,49.111286437537267],[1.858844026541352,49.109991589475449],[1.857115950760039,49.108635775223043],[1.855251560194596,49.107414118984735],[1.853743013922795,49.1061928114541],[1.853743013922795,49.1061928114541]]}},
{"type":"Feature","properties":{"GCIdentifi":132344,"GCCalculat":695.16677509366446,"Nom":"AX_1346","code":"SEINE21","source_doc":null,"date_visit":null},"geometry":{"type":"LineString","coordinates":[[1.855636095984277,49.115707175696791],[1.853429824802835,49.115840503283309],[1.851201335963176,49.11544481471492],[1.85037116489627,49.114802355481444],[1.849013279327556,49.11372648103054],[1.848295504961833,49.112797040792678],[1.848295504961833,49.112797040792678]]}},
{"type":"Feature","properties":{"GCIdentifi":132348,"GCCalculat":638.90549671884014,"Nom":"AX_1347","code":"SEINE21","source_doc":null,"date_visit":"2011-01-18"},"geometry":{"type":"LineString","coordinates":[[1.83686752815398,49.121421004775762],[1.83700981758421,49.120716450027807],[1.836402333657056,49.119715544140924],[1.836234535232093,49.118716550654824],[1.836092913134338,49.117834462043795],[1.836281377420634,49.116792119114542],[1.836315499522693,49.11620647758712]]}},
{"type":"Feature","properties":{"GCIdentifi":132349,"GCCalculat":1139.840424682556,"Nom":"AX_1348","code":"SEINE21","source_doc":null,"date_visit":"2011-01-18"},"geometry":{"type":"LineString","coordinates":[[1.824043286823801,49.115965498657175],[1.826957067839508,49.116409668267877],[1.830390950501172,49.116685405435909],[1.833709236672892,49.116556291109021],[1.83616949491975,49.116221340482696]]}},
{"type":"Feature","properties":{"GCIdentifi":132359,"GCCalculat":1012.4925949994846,"Nom":"AX_1349","code":"SEINE21","source_doc":null,"date_visit":null},"geometry":{"type":"LineString","coordinates":[[1.825765622683156,49.097618305934127],[1.82738655091825,49.098460954007074],[1.82784068461566,49.099695912989937],[1.82782480375413,49.10124207352434],[1.827963970344195,49.102340883288818]]}},
{"type":"Feature","properties":{"GCIdentifi":132362,"GCCalculat":1697.3587516388122,"Nom":"AX_1350","code":"SEINE21","source_doc":null,"date_visit":null},"geometry":{"type":"LineString","coordinates":[[1.815111475258807,49.093673971970205],[1.817283515008441,49.095547744414411],[1.81871842268094,49.097154358863278],[1.820117885717422,49.098231910344403],[1.821585949348988,49.099299667265761],[1.822770609274563,49.099834992578948],[1.825103529086056,49.100789791894726],[1.827364580022428,49.101923865812566],[1.828045247236835,49.102420967973558],[1.828045247236835,49.102420967973558]]}},
{"type":"Feature","properties":{"GCIdentifi":132366,"GCCalculat":1086.7022178657721,"Nom":"AX_1351","code":"SEINE21","source_doc":null,"date_visit":"2011-01-18"},"geometry":{"type":"LineString","coordinates":[[1.80129183167061,49.089075837517541],[1.800668252206107,49.090192897935076],[1.801690050342611,49.091330259166924],[1.802060171651729,49.091755379095282],[1.803730672341774,49.092044639913823],[1.805202460485873,49.092310114404036],[1.809383311756568,49.093921994808078],[1.812060232892655,49.094849080935276]]}},
{"type":"Feature","properties":{"GCIdentifi":132378,"GCCalculat":2453.1410690263251,"Nom":"AX_1352","code":"SEINE21","source_doc":null,"date_visit":"2011-01-18"},"geometry":{"type":"LineString","coordinates":[[1.840071511019958,49.098131578299814],[1.841409198558856,49.096032975251582],[1.846034805247244,49.093597106569327],[1.847893832760577,49.093212050068736],[1.849619451802595,49.092999309333322],[1.851415081133137,49.092270315866365],[1.853478926808108,49.091210046101232],[1.858728351225706,49.087803873814039],[1.861199311020217,49.086683408779038],[1.861903057199691,49.086213585437065],[1.862715612629417,49.085629678050296]]}},
{"type":"Feature","properties":{"GCIdentifi":132409,"GCCalculat":454.25816919395282,"Nom":"AX_1353","code":"SEINE23","source_doc":null,"date_visit":null},"geometry":{"type":"LineString","coordinates":[[1.864161464911992,49.062404123475645],[1.864631877131215,49.061813154753715],[1.86461791641282,49.060410618558727],[1.863903677284413,49.059337553135585],[1.863156733725102,49.058650623073838],[1.863156733725102,49.058650623073838]]}},
{"type":"Feature","properties":{"GCIdentifi":132408,"GCCalculat":159.69211927687755,"Nom":"AX_1354","code":"SEINE23","source_doc":null,"date_visit":null},"geometry":{"type":"LineString","coordinates":[[1.863642802081746,49.065001467515742],[1.865555960917272,49.065441665610571],[1.865446884680076,49.065413146053892],[1.865446610149906,49.065440093635907],[1.865446610149906,49.065440093635907]]}},
{"type":"Feature","properties":{"GCIdentifi":132410,"GCCalculat":936.63802029991041,"Nom":"AX_1355","code":"SEINE23","source_doc":null,"date_visit":"2010-12-17"},"geometry":{"type":"LineString","coordinates":[[1.8543199705236,49.066098803454793],[1.853834724962193,49.06447851070822],[1.853764436220104,49.063937270271609],[1.853838878397982,49.063463504450702],[1.85391174156745,49.063061779608709],[1.855016975490689,49.061860452301957]]}},
{"type":"Feature","properties":{"GCIdentifi":132401,"GCCalculat":471.35747034900226,"Nom":"AX_1356","code":"SEINE23","source_doc":null,"date_visit":"2010-12-17"},"geometry":{"type":"LineString","coordinates":[[1.855096454322613,49.05189388744013],[1.855945111623849,49.052400167022888],[1.857303775456176,49.052866689697488],[1.858697028047677,49.053303786980742],[1.860094563759913,49.053547569703106],[1.861766171805917,49.053674962417567],[1.863077478773754,49.053724545602677],[1.864777293383988,49.053728921197447],[1.867302483300814,49.053002693820119],[1.869047980638793,49.052155302658953],[1.869047980638793,49.052155302658953]]}},
{"type":"Feature","properties":{"GCIdentifi":132411,"GCCalculat":254.26517157942564,"Nom":"AX_1357","code":"SEINE23","source_doc":null,"date_visit":"2010-12-17"},"geometry":{"type":"LineString","coordinates":[[1.852297928089894,49.065773181321255],[1.852727910536684,49.064515985443798],[1.853397057275015,49.063603419650818],[1.85391174156745,49.063061779608709]]}},
{"type":"Feature","properties":{"GCIdentifi":132402,"GCCalculat":609.6194496283282,"Nom":"AX_1358","code":"SEINE23","source_doc":null,"date_visit":null},"geometry":{"type":"LineString","coordinates":[[1.875101549656616,49.055938196757168],[1.872131258843176,49.054568609948085],[1.870760722810553,49.053331220778922],[1.869514200628616,49.051995515028146],[1.869514200628616,49.051995515028146]]}},
{"type":"Feature","properties":{"GCIdentifi":132403,"GCCalculat":433.86021296843262,"Nom":"AX_1359","code":"SEINE23","source_doc":null,"date_visit":null},"geometry":{"type":"LineString","coordinates":[[1.876563649224497,49.054514650049697],[1.87476085783243,49.054363655186989],[1.873108918614181,49.053979686539918],[1.87091039929122,49.053403704201543],[1.87091039929122,49.053403704201543]]}},
{"type":"Feature","properties":{"GCIdentifi":132405,"GCCalculat":588.68512583231723,"Nom":"AX_1360","code":"SEINE23","source_doc":null,"date_visit":"2010-12-17"},"geometry":{"type":"LineString","coordinates":[[1.874702230388289,49.063840616931685],[1.873258613614622,49.062371427197164],[1.871717170800109,49.061165864406796],[1.870261462705651,49.059852655304191]]}},
{"type":"Feature","properties":{"GCIdentifi":132385,"GCCalculat":186.03601592001388,"Nom":"AX_1361","code":"SEINE23","source_doc":null,"date_visit":null},"geometry":{"type":"LineString","coordinates":[[1.864691915848856,49.015373851358994],[1.864793442469548,49.016183894919514],[1.864635073778277,49.017037747917371],[1.864635073778277,49.017037747917371]]}},
{"type":"Feature","properties":{"GCIdentifi":132387,"GCCalculat":432.15296389761397,"Nom":"AX_1362","code":"SEINE23","source_doc":null,"date_visit":"2010-12-17"},"geometry":{"type":"LineString","coordinates":[[1.858756756311857,49.040811952409427],[1.859522524643608,49.039421261977402],[1.859723714469933,49.038501113829014],[1.859834736929443,49.037565225777037],[1.859810536717507,49.036092657965739]]}},
{"type":"Feature","properties":{"GCIdentifi":132399,"GCCalculat":333.3418679304649,"Nom":"AX_1363","code":"SEINE23","source_doc":null,"date_visit":null},"geometry":{"type":"LineString","coordinates":[[1.893545214975347,49.066650488319297],[1.892534691408869,49.066331024865384],[1.891488812671418,49.065572400436103],[1.891144298669591,49.064356073317278],[1.891144298669591,49.064356073317278]]}},
{"type":"Feature","properties":{"GCIdentifi":132398,"GCCalculat":389.12432709477764,"Nom":"AX_1364","code":"SEINE23","source_doc":null,"date_visit":null},"geometry":{"type":"LineString","coordinates":[[1.886543621767895,49.066101028699173],[1.8880977006586,49.065271685334515],[1.890128231706018,49.064658673168196],[1.891143899473202,49.064401004412765],[1.891143899473202,49.064401004412765]]}},
{"type":"Feature","properties":{"GCIdentifi":132384,"GCCalculat":307.92836314189447,"Nom":"AX_1365","code":"SEINE23","source_doc":null,"date_visit":null},"geometry":{"type":"LineString","coordinates":[[1.866380896889697,49.016028734712357],[1.864964216466402,49.016895383907354],[1.8636165613949,49.017681464581138],[1.863259470332504,49.017886590744887],[1.863259470332504,49.017886590744887]]}},
{"type":"Feature","properties":{"GCIdentifi":132386,"GCCalculat":1254.3876375734994,"Nom":"AX_1366","code":"SEINE23","source_doc":null,"date_visit":"2010-12-17"},"geometry":{"type":"LineString","coordinates":[[1.882373903676785,49.034259528839037],[1.880753140498175,49.033524312659587],[1.878993734081063,49.033013108117615],[1.876223830488736,49.032265378307869],[1.874029127926085,49.031563715081383],[1.871720953691427,49.031131030448314],[1.871189515060593,49.030985129587819],[1.871189515060593,49.030985129587819]]}},
{"type":"Feature","properties":{"GCIdentifi":132393,"GCCalculat":641.35795613089192,"Nom":"AX_1367","code":"SEINE23","source_doc":null,"date_visit":null},"geometry":{"type":"LineString","coordinates":[[1.878327795138954,49.059207552424951],[1.880036070525056,49.057954496297405],[1.882068148549674,49.057152971063694],[1.884194027857326,49.056550538782531],[1.885714027227449,49.056430784949569],[1.885714027227449,49.056430784949569]]}},
{"type":"Feature","properties":{"GCIdentifi":132390,"GCCalculat":1280.4600751591454,"Nom":"AX_1368","code":"SEINE23","source_doc":null,"date_visit":"2010-12-17"},"geometry":{"type":"LineString","coordinates":[[1.890948951682347,49.042228550616542],[1.888265888580629,49.042177819729638],[1.885998761322228,49.042477145646565],[1.884835238354864,49.042785295893161],[1.882861022248481,49.043478421928668],[1.881465100914947,49.044176911359394],[1.880403510311198,49.044781058173527],[1.879070739886082,49.045379859385989],[1.87628739708685,49.046006494485852],[1.87628739708685,49.046006494485852]]}},
{"type":"Feature","properties":{"GCIdentifi":132391,"GCCalculat":983.67717193288559,"Nom":"AX_1369","code":"SEINE23","source_doc":null,"date_visit":null},"geometry":{"type":"LineString","coordinates":[[1.901174214972966,49.052039508108052],[1.899259621193713,49.051977170636363],[1.895579602299617,49.051990002173596],[1.892553855882666,49.052193909055006],[1.889909725846928,49.052517107763656],[1.887854558544465,49.0528863662974],[1.887854558544465,49.0528863662974]]}},
{"type":"Feature","properties":{"GCIdentifi":132392,"GCCalculat":1101.8757069608478,"Nom":"AX_1370","code":"SEINE23","source_doc":null,"date_visit":"2010-12-17"},"geometry":{"type":"LineString","coordinates":[[1.883041066880864,49.063074380234994],[1.884703058865001,49.060965179389903],[1.88525108638719,49.059233941075377],[1.885667602387018,49.057024600873604],[1.886167595318663,49.05484030842463],[1.887260724693293,49.053370254647923],[1.887661587253188,49.053065274066171],[1.887661587253188,49.053065274066171]]}},
{"type":"Feature","properties":{"GCIdentifi":132394,"GCCalculat":2320.6853738255359,"Nom":"AX_1371","code":"SEINE23","source_doc":null,"date_visit":null},"geometry":{"type":"LineString","coordinates":[[1.891621089714634,49.069106642090773],[1.890663042449511,49.067700422738376],[1.890277354537216,49.066313265759284],[1.890578973751116,49.064893992979115],[1.89173626738465,49.063900253980137],[1.893996675783756,49.062029277871318],[1.896314587863623,49.060015905670788],[1.89737957498384,49.058616379326423],[1.897212196430003,49.057644428708791],[1.895621592788145,49.056289706392079],[1.894083696816649,49.055546040409496],[1.891532559759887,49.054627737159123],[1.889776482865924,49.053649590756244],[1.887908150276581,49.053004465760381],[1.887908150276581,49.053004465760381]]}},
{"type":"Feature","properties":{"GCIdentifi":132424,"GCCalculat":786.82032862609708,"Nom":"AX_1372","code":"EPTE16","source_doc":null,"date_visit":null},"geometry":{"type":"LineString","coordinates":[[1.823646203450526,49.1832565047619],[1.826542914965264,49.183080754601662],[1.829217471932615,49.183020751929327],[1.832217724348555,49.183439349032376],[1.834358834188049,49.183448732501347],[1.834358834188049,49.183448732501347]]}},
{"type":"Feature","properties":{"GCIdentifi":132462,"GCCalculat":433.2785372054131,"Nom":"AX_1373","code":"EPTE16","source_doc":null,"date_visit":null},"geometry":{"type":"LineString","coordinates":[[1.821781535519605,49.185811707852594],[1.820310702282255,49.184761943711365],[1.81901819689019,49.18370397301166],[1.818121986405967,49.182755570264938],[1.818121986405967,49.182755570264938]]}},
{"type":"Feature","properties":{"GCIdentifi":132431,"GCCalculat":872.64295738151679,"Nom":"AX_1374","code":"EPTE16","source_doc":null,"date_visit":null},"geometry":{"type":"LineString","coordinates":[[1.848845829558796,49.173699415789642],[1.845841110581112,49.173776431426553],[1.842300531569363,49.173834222217415],[1.839368252087115,49.173515015351114],[1.836986305107384,49.173145332647785],[1.836986305107384,49.173145332647785]]}},
{"type":"Feature","properties":{"GCIdentifi":132445,"GCCalculat":483.8494469870833,"Nom":"AX_1375","code":"EPTE16","source_doc":null,"date_visit":"2007-06-14"},"geometry":{"type":"LineString","coordinates":[[1.868533074614853,49.15611727729609],[1.866649011265224,49.156384677360244],[1.864245484714097,49.156365819706423],[1.863376436722977,49.156475650047668],[1.862461426533852,49.156737995661452],[1.862170178991459,49.156935539721061]]}},
{"type":"Feature","properties":{"GCIdentifi":132451,"GCCalculat":1168.973670110875,"Nom":"AX_1376","code":"EPTE16","source_doc":null,"date_visit":"2007-06-14"},"geometry":{"type":"LineString","coordinates":[[1.839423645755959,49.155428827679643],[1.839889368683448,49.155930544895583],[1.842616532683467,49.158509253161846],[1.844374424284587,49.160441438474599],[1.844473447192231,49.161674809991695],[1.843372801954783,49.162672825156712],[1.842529266784248,49.163810054204951],[1.843645760277166,49.16414497270496],[1.843645760277166,49.16414497270496]]}},
{"type":"Feature","properties":{"GCIdentifi":132463,"GCCalculat":1718.2841944389365,"Nom":"AX_1377","code":"EPTE16","source_doc":null,"date_visit":"2010-12-17"},"geometry":{"type":"LineString","coordinates":[[1.809217423935224,49.18085812092739],[1.811724006538024,49.179661504405992],[1.813579228816376,49.178775792463838],[1.814744229883727,49.178135921318571],[1.815817613119723,49.176929547104827],[1.816757116762407,49.175858958240624],[1.817664983096087,49.175027988702652],[1.817888761166474,49.174074740014909],[1.817871103473746,49.172870361130784],[1.818542483992755,49.172088492931707],[1.819334772604343,49.171736324056596],[1.820360686803184,49.171454990159376],[1.82173448885563,49.171223843926043]]}},
{"type":"Feature","properties":{"GCIdentifi":132500,"GCCalculat":427.80031431857088,"Nom":"AX_1378","code":"EPTE16","source_doc":null,"date_visit":"2007-11-20"},"geometry":{"type":"LineString","coordinates":[[1.724269161766465,49.156901934393026],[1.726043050767307,49.156331971370868],[1.727434992304379,49.155772314167862],[1.728004713644268,49.155248698897616],[1.728435563824496,49.154460449909585]]}},
{"type":"Feature","properties":{"GCIdentifi":132507,"GCCalculat":596.50228681496901,"Nom":"AX_1379","code":"EPTE16","source_doc":null,"date_visit":"2011-01-24"},"geometry":{"type":"LineString","coordinates":[[1.725244620330176,49.175194709518543],[1.726674861874952,49.173798698576533],[1.72734075389449,49.17202130437326],[1.727257001223597,49.171167998535836],[1.726515698207405,49.170220124454083]]}},
{"type":"Feature","properties":{"GCIdentifi":132478,"GCCalculat":705.42405549224554,"Nom":"AX_1380","code":"EPTE16","source_doc":null,"date_visit":null},"geometry":{"type":"LineString","coordinates":[[1.789179078740365,49.173871519840084],[1.787327587958649,49.173880637552514],[1.785095513573305,49.173464570277858],[1.783400501421373,49.172962308957686],[1.781772488332011,49.172595116102933],[1.779852141906289,49.172639720875473],[1.779852141906289,49.172639720875473]]}},
{"type":"Feature","properties":{"GCIdentifi":132492,"GCCalculat":391.03298147155607,"Nom":"AX_1381","code":"EPTE16","source_doc":null,"date_visit":"2011-01-24"},"geometry":{"type":"LineString","coordinates":[[1.743861106151211,49.156271581924095],[1.742082741253584,49.156091699254084],[1.74030565258534,49.15594775272897],[1.74030565258534,49.15594775272897]]}},
{"type":"Feature","properties":{"GCIdentifi":132494,"GCCalculat":723.94240340199258,"Nom":"AX_1382","code":"EPTE16","source_doc":null,"date_visit":"2007-11-20"},"geometry":{"type":"LineString","coordinates":[[1.733904774099262,49.158018618784489],[1.734860189036173,49.157169110382519],[1.736184093044393,49.155440044887911],[1.73718436816677,49.153287047274311],[1.738169975940414,49.152195128153025],[1.738169975940414,49.152195128153025]]}},
{"type":"Feature","properties":{"GCIdentifi":132490,"GCCalculat":1098.1328171885382,"Nom":"AX_1383","code":"EPTE16","source_doc":null,"date_visit":null},"geometry":{"type":"LineString","coordinates":[[1.75127959895203,49.167092935419809],[1.748455667880463,49.16696058015237],[1.746019550127246,49.16532997273427],[1.744440822394946,49.164323577419168],[1.742572279126637,49.163504299388144],[1.74099485667831,49.162399032188368],[1.73998781963781,49.161709943988214],[1.739524203898682,49.161536855347514],[1.739524203898682,49.161536855347514]]}},
{"type":"Feature","properties":{"GCIdentifi":132665,"GCCalculat":135.33822581853866,"Nom":"AX_1384","code":"SEINE22","source_doc":null,"date_visit":null},"geometry":{"type":"LineString","coordinates":[[1.769075437018185,49.079284018291055],[1.769224413079329,49.078070909070128],[1.769224413079329,49.078070909070128]]}},
{"type":"Feature","properties":{"GCIdentifi":132513,"GCCalculat":837.28281553583281,"Nom":"AX_1385","code":"EPTE16","source_doc":null,"date_visit":"2008-06-03"},"geometry":{"type":"LineString","coordinates":[[1.693084729276179,49.135791245720952],[1.692456034569421,49.137284543621476],[1.692047695263816,49.138150257901813],[1.692063051246759,49.138810602858207],[1.69246083461466,49.139804382571704],[1.69286193396562,49.140151363376553],[1.694086486067595,49.140615257593417],[1.694467974010754,49.140761111049613],[1.695521577049624,49.14173606682477],[1.696270120584402,49.141955859222911]]}},
{"type":"Feature","properties":{"GCIdentifi":132526,"GCCalculat":598.17312002389622,"Nom":"AX_1386","code":"EPTE16","source_doc":null,"date_visit":"2007-11-20"},"geometry":{"type":"LineString","coordinates":[[1.725921209930258,49.130457401598974],[1.72835994208529,49.129733731700945],[1.731645160087886,49.128630455330764],[1.73346868649075,49.128528893004507],[1.73346868649075,49.128528893004507]]}},
{"type":"Feature","properties":{"GCIdentifi":132538,"GCCalculat":578.08996368310159,"Nom":"AX_1387","code":"EPTE16","source_doc":null,"date_visit":"2010-12-14"},"geometry":{"type":"LineString","coordinates":[[1.761326425296249,49.11225080402609],[1.759868214281221,49.112764488933784],[1.757366880944262,49.113390809943475],[1.754182147133654,49.113761351640811],[1.752414980480469,49.11389253809331]]}},
{"type":"Feature","properties":{"GCIdentifi":132544,"GCCalculat":430.10780987007541,"Nom":"AX_1388","code":"EPTE16","source_doc":null,"date_visit":"2010-12-14"},"geometry":{"type":"LineString","coordinates":[[1.768478842531742,49.094124308150676],[1.768183222990994,49.094833946160136],[1.768209226230375,49.095416103667141],[1.768555143969957,49.096361157111126],[1.768995827987098,49.097690060599518],[1.768995827987098,49.097690060599518]]}},
{"type":"Feature","properties":{"GCIdentifi":132555,"GCCalculat":477.90901498536766,"Nom":"AX_1389","code":"EPTE16","source_doc":null,"date_visit":"2010-12-14"},"geometry":{"type":"LineString","coordinates":[[1.775109889123413,49.091023277899339],[1.77576935869717,49.092120995883036],[1.776546464460252,49.09315885725789],[1.777584585703014,49.094458784653888],[1.778533645737465,49.095597562953131]]}},
{"type":"Feature","properties":{"GCIdentifi":132570,"GCCalculat":304.95406499778733,"Nom":"AX_1390","code":"EPTE16","source_doc":null,"date_visit":null},"geometry":{"type":"LineString","coordinates":[[1.805488629295783,49.104918134963093],[1.803926011843243,49.105027674970742],[1.802813771098059,49.105238083921172],[1.801710830774368,49.10585391394855],[1.801710830774368,49.10585391394855]]}},
{"type":"Feature","properties":{"GCIdentifi":132566,"GCCalculat":622.17712138550178,"Nom":"AX_1391","code":"EPTE16","source_doc":null,"date_visit":null},"geometry":{"type":"LineString","coordinates":[[1.799388749704964,49.095258602503861],[1.799847422270122,49.097113529995177],[1.80091692339656,49.098305444182095],[1.802851611792073,49.099195949119213],[1.803819745250648,49.099649609419849],[1.803819745250648,49.099649609419849]]}},
{"type":"Feature","properties":{"GCIdentifi":132595,"GCCalculat":116.72350631189076,"Nom":"AX_1392","code":"EPTE16","source_doc":null,"date_visit":"2008-04-03"},"geometry":{"type":"LineString","coordinates":[[1.825757971342247,49.121533728919147],[1.824526116180879,49.122203090754482]]}},
{"type":"Feature","properties":{"GCIdentifi":132604,"GCCalculat":587.95849055929966,"Nom":"AX_1393","code":"EPTE16","source_doc":null,"date_visit":null},"geometry":{"type":"LineString","coordinates":[[1.785431481942132,49.124949130443994],[1.786793668261436,49.125693429308946],[1.788524901127043,49.126493357243717],[1.792265579119502,49.127698087757523],[1.792265579119502,49.127698087757523]]}},
{"type":"Feature","properties":{"GCIdentifi":132615,"GCCalculat":906.66391682593962,"Nom":"AX_1394","code":"EPTE16","source_doc":null,"date_visit":"2011-01-24"},"geometry":{"type":"LineString","coordinates":[[1.778798314212349,49.131489467176081],[1.780215722068678,49.132611409417486],[1.782281195304906,49.134714032974152],[1.784632768969397,49.13763347771345],[1.785004680133878,49.138251064178981],[1.785035646452651,49.13866503915078],[1.785015995003231,49.13907052710799]]}},
{"type":"Feature","properties":{"GCIdentifi":132631,"GCCalculat":480.26658007814888,"Nom":"AX_1395","code":"EPTE16","source_doc":null,"date_visit":"2010-12-17"},"geometry":{"type":"LineString","coordinates":[[1.818143185090526,49.143213928850805],[1.817047260965404,49.143976553376852],[1.815472214235217,49.144849628629331],[1.813845254377132,49.146144424510062]]}},
{"type":"Feature","properties":{"GCIdentifi":132634,"GCCalculat":923.35619257821486,"Nom":"AX_1396","code":"EPTE16","source_doc":null,"date_visit":null},"geometry":{"type":"LineString","coordinates":[[1.823606552868153,49.140087808907907],[1.8228041383472,49.141049916072674],[1.821254940316621,49.142882266869741],[1.821162541342005,49.143699316355452],[1.821664474680964,49.144314664642472],[1.822847832620274,49.144913990897258],[1.823544309004448,49.145423547704496],[1.824796612456136,49.146310597874269],[1.82476175343333,49.147030216773288],[1.82476175343333,49.147030216773288]]}},
{"type":"Feature","properties":{"GCIdentifi":132554,"GCCalculat":120.3464104171281,"Nom":"AX_1397","code":"EPTE16","source_doc":null,"date_visit":"2010-12-14"},"geometry":{"type":"LineString","coordinates":[[1.76996068484159,49.092618663491166],[1.773153648257664,49.09367359593368],[1.77385401835152,49.094024057357117]]}},
{"type":"Feature","properties":{"GCIdentifi":132452,"GCCalculat":1015.9429980969044,"Nom":"AX_1398","code":"EPTE16","source_doc":null,"date_visit":"2007-06-14"},"geometry":{"type":"LineString","coordinates":[[1.831292931161279,49.152622006153244],[1.833411837604897,49.153842928929436],[1.835903035002773,49.155498867519974],[1.837600271214228,49.156283297273319],[1.839038254889274,49.156804948648926],[1.840715271299105,49.157227683762898],[1.84222134716663,49.158135880458083]]}},
{"type":"Feature","properties":{"GCIdentifi":132567,"GCCalculat":550.13771275078136,"Nom":"AX_1399","code":"EPTE16","source_doc":null,"date_visit":null},"geometry":{"type":"LineString","coordinates":[[1.809845188030987,49.101177658945772],[1.806805300099803,49.10222704247645],[1.804508767056806,49.10300242207191],[1.8034102203619,49.103690141360353]]}},
{"type":"Feature","properties":{"GCIdentifi":132546,"GCCalculat":918.21936740281035,"Nom":"AX_1400","code":"EPTE16","source_doc":null,"date_visit":null},"geometry":{"type":"LineString","coordinates":[[1.754280181130631,49.096215805046398],[1.755465083418468,49.097146791918149],[1.757113847879953,49.098497492443592],[1.759463802873532,49.100819886655174],[1.759707714728948,49.101490994709465],[1.760037850154862,49.102909625542516]]}},
{"type":"Feature","properties":{"GCIdentifi":132568,"GCCalculat":359.20060851800343,"Nom":"AX_1401","code":"EPTE16","source_doc":null,"date_visit":"2006-12-20"},"geometry":{"type":"LineString","coordinates":[[1.795797747328506,49.093083505732572],[1.794593522798852,49.09421979430293],[1.794382538624411,49.094748806063201],[1.794206709631581,49.095192635573177],[1.793971933932925,49.095550851765211],[1.793588205255757,49.095924091670881]]}},
{"type":"Feature","properties":{"GCIdentifi":132553,"GCCalculat":284.33818407159629,"Nom":"AX_1402","code":"EPTE16","source_doc":null,"date_visit":null},"geometry":{"type":"LineString","coordinates":[[1.77378543131421,49.091520944387845],[1.77470004158431,49.092636538822283],[1.775159839805229,49.093335483288442],[1.77614715991069,49.094817997451848]]}},
{"type":"Feature","properties":{"GCIdentifi":132535,"GCCalculat":160.5396827781006,"Nom":"AX_1403","code":"EPTE16","source_doc":null,"date_visit":null},"geometry":{"type":"LineString","coordinates":[[1.74710113276772,49.113733712773488],[1.747490053813936,49.114545340324554],[1.747482987109305,49.115138191360771],[1.747482987109305,49.115138191360771]]}},
{"type":"Feature","properties":{"GCIdentifi":132534,"GCCalculat":325.21194774164672,"Nom":"AX_1404","code":"EPTE16","source_doc":null,"date_visit":null},"geometry":{"type":"LineString","coordinates":[[1.745804284857162,49.113466527758924],[1.746913296460461,49.114711928407694],[1.748283318095774,49.115815709335699],[1.7483730475378,49.115896142608477]]}},
{"type":"Feature","properties":{"GCIdentifi":132437,"GCCalculat":351.22596061187869,"Nom":"AX_1405","code":"EPTE16","source_doc":null,"date_visit":null},"geometry":{"type":"LineString","coordinates":[[1.873735729038113,49.175682255383386],[1.871395017946389,49.175079902430184],[1.86944157395117,49.174280334132781],[1.86944157395117,49.174280334132781]]}},
{"type":"Feature","properties":{"GCIdentifi":132530,"GCCalculat":145.86133605170954,"Nom":"AX_1406","code":"EPTE16","source_doc":null,"date_visit":"2007-11-20"},"geometry":{"type":"LineString","coordinates":[[1.727974498781654,49.126714445133253],[1.729868572363081,49.127133228037657],[1.729868572363081,49.127133228037657]]}},
{"type":"Feature","properties":{"GCIdentifi":132541,"GCCalculat":632.39666488418675,"Nom":"AX_1407","code":"EPTE16","source_doc":null,"date_visit":"2010-12-14"},"geometry":{"type":"LineString","coordinates":[[1.752906656981829,49.106029473489485],[1.753209298991931,49.107092694935304],[1.753387045693253,49.107654473425477]]}},
{"type":"Feature","properties":{"GCIdentifi":132531,"GCCalculat":1017.2443318165086,"Nom":"AX_1408","code":"EPTE16","source_doc":null,"date_visit":null},"geometry":{"type":"LineString","coordinates":[[1.727529668057251,49.117822042395034],[1.729674835532961,49.11908321458008],[1.73315277045146,49.120207644974528],[1.735990643629691,49.12122307078284],[1.739474546506893,49.122019442793949],[1.739332549347837,49.121877219359263],[1.739332549347837,49.121877219359263]]}},
{"type":"Feature","properties":{"GCIdentifi":132438,"GCCalculat":1281.785551335875,"Nom":"AX_1409","code":"EPTE16","source_doc":null,"date_visit":"2007-06-14"},"geometry":{"type":"LineString","coordinates":[[1.878634889471701,49.170051541848267],[1.876636573779862,49.169849301972967],[1.872122956080674,49.169248335959658],[1.869535537689948,49.168874008259614],[1.865980729455299,49.168665221974152],[1.862557485173681,49.168134599373161],[1.861384753590634,49.167926512314764]]}},
{"type":"Feature","properties":{"GCIdentifi":132610,"GCCalculat":235.68939550705721,"Nom":"AX_1410","code":"EPTE16","source_doc":null,"date_visit":"2008-04-03"},"geometry":{"type":"LineString","coordinates":[[1.816222147364263,49.132717537099161],[1.815712770741435,49.132012300115164],[1.815537863681205,49.131562333039803],[1.815430690170417,49.130690485359956]]}},
{"type":"Feature","properties":{"GCIdentifi":132616,"GCCalculat":1170.6833340229896,"Nom":"AX_1411","code":"EPTE16","source_doc":null,"date_visit":"2011-01-24"},"geometry":{"type":"LineString","coordinates":[[1.772336718611065,49.130864402181103],[1.77258054809897,49.132603524848477],[1.773539981558411,49.134442718672069],[1.774935159343737,49.135907085716916],[1.777293173619559,49.138192478667115],[1.779301878282984,49.139407452489301],[1.780629586857431,49.139965496929655],[1.782098501824997,49.140300806040351],[1.783144926091762,49.140583845059361],[1.783822151323384,49.140868242662279],[1.784310389195528,49.141224982078519]]}},
{"type":"Feature","properties":{"GCIdentifi":132443,"GCCalculat":1234.3870076893711,"Nom":"AX_1412","code":"EPTE16","source_doc":null,"date_visit":"2007-06-14"},"geometry":{"type":"LineString","coordinates":[[1.868277556442556,49.162119190967204],[1.864052730897379,49.163630127204598],[1.863106793155661,49.163353368388385],[1.862276019686499,49.163208445043317],[1.860331152092344,49.163003881571179],[1.858916427618248,49.162866605468118],[1.856034987347568,49.163540673716142],[1.854556143247801,49.163834267936167],[1.854175059536733,49.163932605842469],[1.853839611238124,49.164089516221757],[1.853427861842348,49.164347168494075],[1.852983337144658,49.164802311701308]]}},
{"type":"Feature","properties":{"GCIdentifi":132528,"GCCalculat":522.27654569537333,"Nom":"AX_1413","code":"EPTE16","source_doc":null,"date_visit":"2007-11-20"},"geometry":{"type":"LineString","coordinates":[[1.724530434697752,49.12448285702493],[1.725962337726459,49.125465184386776],[1.727746584377621,49.125906991514377],[1.729107319379064,49.126008534046896],[1.730914642567897,49.125965315450237]]}},
{"type":"Feature","properties":{"GCIdentifi":132529,"GCCalculat":178.38714179936611,"Nom":"AX_1414","code":"EPTE16","source_doc":null,"date_visit":"2007-11-20"},"geometry":{"type":"LineString","coordinates":[[1.72590553001388,49.126185775827956],[1.727742660468206,49.125948502472937],[1.727198252951373,49.125833337268006]]}},
{"type":"Feature","properties":{"GCIdentifi":132600,"GCCalculat":943.40883672792665,"Nom":"AX_1415","code":"EPTE16","source_doc":null,"date_visit":"2008-04-03"},"geometry":{"type":"LineString","coordinates":[[1.803188179907632,49.121741948071353],[1.804542431836594,49.123239459803862],[1.807192430666834,49.124693526767729],[1.807988975066474,49.125884115556893],[1.809614366066587,49.126529393251104],[1.810621095622516,49.127272894125035],[1.811931303450558,49.127637091222475]]}},
{"type":"Feature","properties":{"GCIdentifi":132421,"GCCalculat":795.68961578299309,"Nom":"AX_1416","code":"EPTE16","source_doc":null,"date_visit":null},"geometry":{"type":"LineString","coordinates":[[1.828880913461384,49.191760968804815],[1.828899718178916,49.189935236998046],[1.829009077015707,49.185960672504613],[1.829214812987157,49.184612994136529],[1.829214812987157,49.184612994136529]]}},
{"type":"Feature","properties":{"GCIdentifi":132430,"GCCalculat":447.58407137298718,"Nom":"AX_1417","code":"EPTE16","source_doc":null,"date_visit":null},"geometry":{"type":"LineString","coordinates":[[1.848741375025462,49.18011067831943],[1.84726667798566,49.179412696130747],[1.845306476836755,49.179142680973371],[1.842989375206253,49.179106920559562],[1.842989375206253,49.179106920559562]]}},
{"type":"Feature","properties":{"GCIdentifi":132433,"GCCalculat":259.13457802291043,"Nom":"AX_1418","code":"EPTE16","source_doc":null,"date_visit":null},"geometry":{"type":"LineString","coordinates":[[1.85635868729832,49.181142179447697],[1.855015529102772,49.180991706406253],[1.853183632994387,49.18020245730176],[1.853183632994387,49.18020245730176]]}},
{"type":"Feature","properties":{"GCIdentifi":132436,"GCCalculat":365.00649762793671,"Nom":"AX_1419","code":"EPTE16","source_doc":null,"date_visit":null},"geometry":{"type":"LineString","coordinates":[[1.867938936212434,49.176513242426267],[1.868677022815306,49.175257506808357],[1.868366464503765,49.173331603991251],[1.868366464503765,49.173331603991251]]}},
{"type":"Feature","properties":{"GCIdentifi":132525,"GCCalculat":822.52894186044875,"Nom":"AX_1420","code":"EPTE16","source_doc":null,"date_visit":"2011-07-21"},"geometry":{"type":"LineString","coordinates":[[1.727481433527936,49.133955674483282],[1.729791443970522,49.134113901183078],[1.73159052880641,49.134769091081758],[1.733623140639909,49.135926279308016],[1.73547855847813,49.136884878470468],[1.736246964734498,49.137025141868016]]}},
{"type":"Feature","properties":{"GCIdentifi":132518,"GCCalculat":797.56727550580774,"Nom":"AX_1421","code":"EPTE16","source_doc":null,"date_visit":"2008-06-03"},"geometry":{"type":"LineString","coordinates":[[1.696276390246612,49.142000815243222],[1.6960704617734,49.143495374649262],[1.69577510643113,49.144228105778346],[1.695927619472039,49.145006000478197],[1.695961715399358,49.146336840489255],[1.695711006516399,49.147981613121836],[1.695605255129627,49.148479592396704],[1.69578192945837,49.149111662608945]]}},
{"type":"Feature","properties":{"GCIdentifi":132422,"GCCalculat":257.06896828038816,"Nom":"AX_1422","code":"EPTE16","source_doc":null,"date_visit":null},"geometry":{"type":"LineString","coordinates":[[1.830989757058425,49.190942713504484],[1.830446658648285,49.190274448293778],[1.828977286170616,49.189054111094954],[1.828977286170616,49.189054111094954]]}},
{"type":"Feature","properties":{"GCIdentifi":132520,"GCCalculat":289.00087719765708,"Nom":"AX_1423","code":"EPTE16","source_doc":null,"date_visit":"2007-11-20"},"geometry":{"type":"LineString","coordinates":[[1.710814048666356,49.135268414190158],[1.711955705552233,49.136338031419321],[1.713592937979016,49.137057732385102]]}},
{"type":"Feature","properties":{"GCIdentifi":132423,"GCCalculat":377.19805519939581,"Nom":"AX_1424","code":"EPTE16","source_doc":null,"date_visit":null},"geometry":{"type":"LineString","coordinates":[[1.824280711920522,49.185498384056814],[1.825905885319968,49.184885791983675],[1.829173988274226,49.184585874911278],[1.829173988274226,49.184585874911278]]}},
{"type":"Feature","properties":{"GCIdentifi":132515,"GCCalculat":284.21557097943969,"Nom":"AX_1425","code":"EPTE16","source_doc":null,"date_visit":"2008-06-03"},"geometry":{"type":"LineString","coordinates":[[1.688954498516157,49.138331579613933],[1.690148420911725,49.138772881600794],[1.690907941348662,49.138932113906407],[1.692359809229257,49.139546652168846]]}},
{"type":"Feature","properties":{"GCIdentifi":132427,"GCCalculat":355.09770268192653,"Nom":"AX_1426","code":"EPTE16","source_doc":null,"date_visit":null},"geometry":{"type":"LineString","coordinates":[[1.848664771029233,49.189248416632537],[1.848172454677747,49.187582195060223],[1.847391497830909,49.186176401401589],[1.847391497830909,49.186176401401589]]}},
{"type":"Feature","properties":{"GCIdentifi":132420,"GCCalculat":356.1172156800327,"Nom":"AX_1427","code":"EPTE16","source_doc":null,"date_visit":null},"geometry":{"type":"LineString","coordinates":[[1.82734685171029,49.192824285122711],[1.826165496037969,49.1915872178038],[1.824698596498159,49.190133294361438],[1.824698596498159,49.190133294361438]]}},
{"type":"Feature","properties":{"GCIdentifi":132509,"GCCalculat":1002.5954225258221,"Nom":"AX_1428","code":"EPTE16","source_doc":null,"date_visit":null},"geometry":{"type":"LineString","coordinates":[[1.696243450128369,49.168183403228113],[1.698024277181622,49.167265810491124],[1.701243790406651,49.1664572148782],[1.7047534722219,49.165444664696281],[1.706258480701631,49.16519129902801],[1.707221490243699,49.165139320862913],[1.708900486083038,49.165069918796327]]}},
{"type":"Feature","properties":{"GCIdentifi":132504,"GCCalculat":0.0,"Nom":"AX_1429","code":"EPTE16","source_doc":null,"date_visit":null},"geometry":{"type":"LineString","coordinates":[[1.717873917741871,49.160369934430101],[1.717873917741871,49.160369934430101]]}},
{"type":"Feature","properties":{"GCIdentifi":132505,"GCCalculat":266.21632425675784,"Nom":"AX_1430","code":"EPTE16","source_doc":null,"date_visit":"2007-11-20"},"geometry":{"type":"LineString","coordinates":[[1.718524252249366,49.158477986181694],[1.718199485716698,49.159801261683036],[1.717999272510687,49.160203293489175],[1.717570993988913,49.160768048046691]]}},
{"type":"Feature","properties":{"GCIdentifi":132497,"GCCalculat":887.1983590243708,"Nom":"AX_1431","code":"EPTE16","source_doc":null,"date_visit":"2011-01-24"},"geometry":{"type":"LineString","coordinates":[[1.758382905867709,49.154205521288389],[1.760438889614253,49.154359617630917],[1.763071317960677,49.15544294106973],[1.765054636293178,49.155936189440382],[1.767967707706571,49.156655390840399],[1.769234939097562,49.156939922015404],[1.769930957744143,49.15713505316522]]}},
{"type":"Feature","properties":{"GCIdentifi":132499,"GCCalculat":1474.9168527634226,"Nom":"AX_1432","code":"EPTE16","source_doc":null,"date_visit":"2007-11-20"},"geometry":{"type":"LineString","coordinates":[[1.728063326281998,49.16355398474235],[1.728722483378647,49.160640177866583],[1.727947160630821,49.156722758727689],[1.728435979531896,49.154427885870632],[1.728291540683837,49.15308974963412],[1.727633764641758,49.151176200947972],[1.727461411841692,49.150437549121747]]}},
{"type":"Feature","properties":{"GCIdentifi":132536,"GCCalculat":264.98746995341457,"Nom":"AX_1433","code":"EPTE16","source_doc":null,"date_visit":"2010-12-14"},"geometry":{"type":"LineString","coordinates":[[1.743484343469252,49.114928916897043],[1.744625502650679,49.115771366058368],[1.745511880324085,49.116480427596137],[1.745850901639378,49.116778734275151]]}},
{"type":"Feature","properties":{"GCIdentifi":132479,"GCCalculat":287.114710299904,"Nom":"AX_1434","code":"EPTE16","source_doc":null,"date_visit":null},"geometry":{"type":"LineString","coordinates":[[1.769628268821503,49.175439554971476],[1.771282325540427,49.175924930184209],[1.7721700957579,49.176370192318252],[1.772835162685682,49.176876937589505]]}},
{"type":"Feature","properties":{"GCIdentifi":132624,"GCCalculat":625.98632614419353,"Nom":"AX_1435","code":"EPTE16","source_doc":null,"date_visit":"2010-12-14"},"geometry":{"type":"LineString","coordinates":[[1.762548720941895,49.140305879638369],[1.760695860729274,49.140394284056413],[1.758698714956209,49.141257838407682],[1.756700575102288,49.14219997442197],[1.755761912130427,49.142843129843435],[1.754459797648321,49.143616208206254],[1.753522841945535,49.144243133137863]]}},
{"type":"Feature","properties":{"GCIdentifi":132633,"GCCalculat":423.13760967492806,"Nom":"AX_1436","code":"EPTE16","source_doc":null,"date_visit":null},"geometry":{"type":"LineString","coordinates":[[1.827465980963826,49.142073453713756],[1.827585540796648,49.143094707534111],[1.827672292915023,49.145307182091365],[1.827625388940489,49.145874041087033],[1.827625388940489,49.145874041087033]]}},
{"type":"Feature","properties":{"GCIdentifi":132629,"GCCalculat":766.46207338769136,"Nom":"AX_1437","code":"EPTE16","source_doc":null,"date_visit":"2010-12-17"},"geometry":{"type":"LineString","coordinates":[[1.807217817028425,49.146035145750368],[1.80835889601811,49.146589461658387],[1.809930466405087,49.146967028420498],[1.812033978769538,49.147119457097332],[1.812937157651777,49.147111913305025],[1.814214983697891,49.147173864966454]]}},
{"type":"Feature","properties":{"GCIdentifi":132617,"GCCalculat":447.12887940979783,"Nom":"AX_1438","code":"EPTE16","source_doc":null,"date_visit":null},"geometry":{"type":"LineString","coordinates":[[1.769580177756276,49.133091437692933],[1.77210630702282,49.133958430294697],[1.774473208234514,49.135445547297152],[1.774473208234514,49.135445547297152]]}},
{"type":"Feature","properties":{"GCIdentifi":132418,"GCCalculat":164.39810470636638,"Nom":"AX_1439","code":"EPTE16","source_doc":null,"date_visit":null},"geometry":{"type":"LineString","coordinates":[[1.819652004641498,49.192538354992415],[1.81785042314738,49.191648763894364],[1.81785042314738,49.191648763894364]]}},
{"type":"Feature","properties":{"GCIdentifi":132605,"GCCalculat":1024.2584519977036,"Nom":"AX_1440","code":"EPTE16","source_doc":null,"date_visit":"2008-04-03"},"geometry":{"type":"LineString","coordinates":[[1.830007819507417,49.129868756413657],[1.826524347305428,49.129999275561616],[1.825581007745213,49.130046738202473],[1.825307628427595,49.130010700572335],[1.825072563880813,49.129907462464878],[1.824798135712376,49.129802931220084],[1.823885122822957,49.129732595302343],[1.823504500413856,49.129642192264484],[1.822868936452772,49.129055432264295],[1.82144589236512,49.127355716733909],[1.820311810781617,49.126835209961968],[1.818538089823607,49.126285968447561]]}},
{"type":"Feature","properties":{"GCIdentifi":132602,"GCCalculat":332.11951245106366,"Nom":"AX_1441","code":"EPTE16","source_doc":null,"date_visit":"2008-04-03"},"geometry":{"type":"LineString","coordinates":[[1.796243447509829,49.126004510060511],[1.797387874613215,49.126182810256601],[1.79822066243363,49.126697649164313],[1.799382543817399,49.127947270496101]]}},
{"type":"Feature","properties":{"GCIdentifi":132598,"GCCalculat":266.40290829704588,"Nom":"AX_1442","code":"EPTE16","source_doc":null,"date_visit":"2008-04-03"},"geometry":{"type":"LineString","coordinates":[[1.816732785157344,49.119148525452843],[1.816534836808072,49.120400780717766],[1.816663211764496,49.121534376411127]]}},
{"type":"Feature","properties":{"GCIdentifi":132559,"GCCalculat":161.7845644555741,"Nom":"AX_1443","code":"EPTE16","source_doc":null,"date_visit":null},"geometry":{"type":"LineString","coordinates":[[1.781531261264532,49.091513938576078],[1.782825720319828,49.092111954711235],[1.783071067983272,49.092494938098227]]}},
{"type":"Feature","properties":{"GCIdentifi":132550,"GCCalculat":138.33883509301927,"Nom":"AX_1444","code":"EPTE16","source_doc":null,"date_visit":"2010-12-14"},"geometry":{"type":"LineString","coordinates":[[1.76098900859967,49.091199945101387],[1.761264490137189,49.09154692956654],[1.761444722424688,49.091773900532722],[1.761788804223837,49.09282064458553],[1.761618160772167,49.094070752370548],[1.760702487239024,49.09515292055395]]}},
{"type":"Feature","properties":{"GCIdentifi":132417,"GCCalculat":1051.0246150324558,"Nom":"AX_1445","code":"EPTE16","source_doc":null,"date_visit":null},"geometry":{"type":"LineString","coordinates":[[1.817849731267085,49.193016447305119],[1.817866662586993,49.191406291834291],[1.81861277783275,49.189691641348681],[1.820519515934635,49.188386446486817],[1.822970538971908,49.18744523316424],[1.826246548482861,49.18639759639094],[1.826246548482861,49.18639759639094]]}},
{"type":"Feature","properties":{"GCIdentifi":132419,"GCCalculat":1743.3103481091518,"Nom":"AX_1446","code":"EPTE16","source_doc":null,"date_visit":null},"geometry":{"type":"LineString","coordinates":[[1.82463700279554,49.192273242636453],[1.824556326838247,49.19063571815785],[1.825070889591253,49.18875828224477],[1.826104682184229,49.186865212996238],[1.826397663174804,49.186363453957021],[1.828192383140826,49.185256374912541],[1.830001494504764,49.184239196453269],[1.831751531995691,49.18346423911867],[1.832334618651173,49.18272907407308],[1.832861442483438,49.180788790408528],[1.833711534641056,49.179560695980001],[1.834731238667529,49.178999232901241],[1.834731238667529,49.178999232901241]]}},
{"type":"Feature","properties":{"GCIdentifi":132425,"GCCalculat":1197.5375561173914,"Nom":"AX_1447","code":"EPTE16","source_doc":null,"date_visit":null},"geometry":{"type":"LineString","coordinates":[[1.840544772775109,49.190228697139027],[1.841356365173166,49.188739882163702],[1.840917810787231,49.187371443683453],[1.839786444746584,49.186592870775577],[1.837574688001993,49.185594006614153],[1.836247964523452,49.18516601950197],[1.834748911943798,49.184170208194402],[1.834058386708545,49.183177935052406],[1.832450460745524,49.182117594871734],[1.832450460745524,49.182117594871734]]}},
{"type":"Feature","properties":{"GCIdentifi":132426,"GCCalculat":1534.0577346853688,"Nom":"AX_1448","code":"EPTE16","source_doc":null,"date_visit":null},"geometry":{"type":"LineString","coordinates":[[1.846634948506905,49.189220673394352],[1.846976617215917,49.187936431899075],[1.847350378371812,49.186176205742719],[1.847094763231555,49.184313367910548],[1.84288031805871,49.179051420829445],[1.839414589581283,49.177247697340043],[1.839414589581283,49.177247697340043]]}},
{"type":"Feature","properties":{"GCIdentifi":132428,"GCCalculat":631.25096079762909,"Nom":"AX_1449","code":"EPTE16","source_doc":null,"date_visit":null},"geometry":{"type":"LineString","coordinates":[[1.853679126307779,49.187156358580786],[1.851724963656004,49.186410374615022],[1.849607708715011,49.185358236532004],[1.847833521909414,49.184442287606473],[1.84668678643317,49.183825421214387],[1.84668678643317,49.183825421214387]]}},
{"type":"Feature","properties":{"GCIdentifi":132429,"GCCalculat":1661.2884417569094,"Nom":"AX_1450","code":"EPTE16","source_doc":null,"date_visit":"2010-12-17"},"geometry":{"type":"LineString","coordinates":[[1.827377186774908,49.179254290101873],[1.830738351652514,49.179197287898319],[1.834802205211922,49.178926549441577],[1.837259477098399,49.178649813246274],[1.838597155923325,49.177971791900895],[1.839551522136958,49.177257279972793],[1.839805035726989,49.176574538848364],[1.839526909117395,49.1756199796543],[1.83888994298299,49.174924402280865],[1.837476783969842,49.173587638660301],[1.836877517965746,49.173064006049266],[1.836150147043637,49.171198024250799],[1.835778679389588,49.169861613930394],[1.835462944238739,49.16827892220671],[1.834703073996163,49.166362830088403],[1.834119886561668,49.165517985509865],[1.833437085914867,49.164639280988666],[1.832658058370801,49.163578620383539],[1.831634712037566,49.162428445201186]]}},
{"type":"Feature","properties":{"GCIdentifi":132432,"GCCalculat":1400.9439916624995,"Nom":"AX_1451","code":"EPTE16","source_doc":null,"date_visit":null},"geometry":{"type":"LineString","coordinates":[[1.854522827842914,49.18356216678842],[1.854522827842914,49.18356216678842],[1.854078089889007,49.181393121511526],[1.852464644985593,49.179461686757229],[1.850457398417967,49.178571736825617],[1.847893259699034,49.177022497819351],[1.844946886641528,49.175346900595983],[1.843411502720601,49.173883920261602],[1.843411502720601,49.173883920261602]]}},
{"type":"Feature","properties":{"GCIdentifi":132434,"GCCalculat":2573.2318485361789,"Nom":"AX_1452","code":"EPTE16","source_doc":null,"date_visit":"2007-06-14"},"geometry":{"type":"LineString","coordinates":[[1.864689226862006,49.179270089860303],[1.862088648415284,49.176292683786158],[1.858583888007146,49.174581448728851],[1.857575499351019,49.173659840785241],[1.85589714008857,49.17207516012671],[1.85067063362351,49.169435683389956],[1.844498828291984,49.168060790959892],[1.843031414148019,49.167190977594466],[1.842239345132586,49.166429613659574],[1.839274174454027,49.164833525529218],[1.839055819328642,49.164410363979187]]}},
{"type":"Feature","properties":{"GCIdentifi":132435,"GCCalculat":2616.0263482499704,"Nom":"AX_1453","code":"EPTE16","source_doc":null,"date_visit":"2007-06-14"},"geometry":{"type":"LineString","coordinates":[[1.871133489011286,49.176660998002525],[1.869251623230241,49.174081926478358],[1.866193422237877,49.171145432642263],[1.864218752189377,49.169547303548725],[1.861695528579242,49.168018754030548],[1.860280982939589,49.167672634412789],[1.858396543853148,49.166867550568945],[1.855955838499098,49.165690666931638],[1.854598167311029,49.165141496132655],[1.853255115529296,49.164852870264042],[1.852219274815858,49.16466658650161],[1.850786552617988,49.164615623220975],[1.848267656492647,49.164624014121486],[1.847885783443296,49.164625755572423],[1.845936544427435,49.16451636322612],[1.843643930544519,49.164155070622684]]}},
{"type":"Feature","properties":{"GCIdentifi":132442,"GCCalculat":1732.4249068074648,"Nom":"AX_1454","code":"EPTE16","source_doc":null,"date_visit":"2007-06-14"},"geometry":{"type":"LineString","coordinates":[[1.868024945387724,49.150664703555535],[1.865950592387233,49.150982948620637],[1.864207449869568,49.151392392734444],[1.862846590179194,49.152099800543596],[1.862378029788477,49.153118574536911],[1.861683908549346,49.154624859950921],[1.862234493768933,49.15630136872074],[1.862184234780889,49.156898555322037],[1.8609512710653,49.157993875853428],[1.859092463340436,49.159359447615323],[1.859066633314762,49.159903938647908],[1.859653658974905,49.161524463970046],[1.859479985317562,49.162312006430909],[1.858914570394656,49.162881199108114]]}},
{"type":"Feature","properties":{"GCIdentifi":132450,"GCCalculat":2038.4543078810689,"Nom":"AX_1455","code":"EPTE16","source_doc":null,"date_visit":"2007-06-14"},"geometry":{"type":"LineString","coordinates":[[1.846761148846437,49.147323941527553],[1.848798993726295,49.148793511649707],[1.8492914119692,49.149372779188539],[1.849894446483272,49.152103949975967],[1.850133679932004,49.154406906962883],[1.850110201327766,49.156618880494861],[1.850515516524291,49.158576687801698],[1.851070901631457,49.159727759460651],[1.851013421268662,49.160698813016808],[1.850041495145883,49.161681707464538],[1.849808224019164,49.162764310188173],[1.850243706508163,49.163575775538419],[1.850534038767456,49.16417549592844],[1.850875608588297,49.164613739777806]]}},
{"type":"Feature","properties":{"GCIdentifi":132453,"GCCalculat":1490.5030023797324,"Nom":"AX_1456","code":"EPTE16","source_doc":null,"date_visit":"2007-06-14"},"geometry":{"type":"LineString","coordinates":[[1.833503093518243,49.150261288084685],[1.836885779472364,49.151940209500225],[1.840188900736494,49.15338400494776],[1.843671609399481,49.15451966039705],[1.847928170231081,49.156534375566942],[1.849732930241861,49.157375237403762],[1.850345292519565,49.157782085064966]]}},
{"type":"Feature","properties":{"GCIdentifi":132457,"GCCalculat":1912.3663316510106,"Nom":"AX_1457","code":"EPTE16","source_doc":null,"date_visit":"2008-08-20"},"geometry":{"type":"LineString","coordinates":[[1.838934916305615,49.133246699082207],[1.839245719984163,49.133820247208689],[1.841160300993301,49.137092791513084],[1.842340398167276,49.138366749712823],[1.843321336481227,49.139194047204242],[1.844369915556942,49.139935178809289],[1.844890549866524,49.14075935339244],[1.845113415147206,49.141583401257265],[1.845235913994648,49.142514790470877],[1.846204985070498,49.144380705990052],[1.846475524543584,49.146611939452605],[1.846760970380684,49.14734303817292]]}},
{"type":"Feature","properties":{"GCIdentifi":132458,"GCCalculat":815.58238440769094,"Nom":"AX_1458","code":"EPTE16","source_doc":null,"date_visit":null},"geometry":{"type":"LineString","coordinates":[[1.837324238330658,49.141078127681467],[1.839476526307346,49.142516919671209],[1.841124203016184,49.143595296932922],[1.842795368182591,49.14438854127993],[1.845072972832725,49.144957520175893],[1.846303097490908,49.145188482215993]]}},
{"type":"Feature","properties":{"GCIdentifi":132461,"GCCalculat":535.63687213654384,"Nom":"AX_1459","code":"EPTE16","source_doc":null,"date_visit":null},"geometry":{"type":"LineString","coordinates":[[1.815076260087412,49.190548103611256],[1.815487497972137,49.189407997106457],[1.815830924325861,49.188032897173237],[1.815769237708747,49.187224118293422],[1.815414212588247,49.185800940400995],[1.815414212588247,49.185800940400995]]}},
{"type":"Feature","properties":{"GCIdentifi":132460,"GCCalculat":2988.9772096508646,"Nom":"AX_1460","code":"EPTE16","source_doc":null,"date_visit":"2010-12-17"},"geometry":{"type":"LineString","coordinates":[[1.813434316234961,49.191422104235102],[1.812363418028073,49.190140487891512],[1.812232351765882,49.188287125373932],[1.813083001431909,49.18706816768907],[1.814080666285482,49.186200245038499],[1.815414212588247,49.185800940400995],[1.816689468718279,49.184592882960537],[1.817759377614253,49.183356927451861],[1.818387714667683,49.182244731102699],[1.819739506689155,49.180254333993986],[1.820208774642062,49.178121016284258],[1.819202314653801,49.176397144675093],[1.817888761166474,49.174074740014909]]}},
{"type":"Feature","properties":{"GCIdentifi":132468,"GCCalculat":700.37583070206017,"Nom":"AX_1461","code":"EPTE16","source_doc":null,"date_visit":"2010-12-17"},"geometry":{"type":"LineString","coordinates":[[1.826800261346805,49.176571376917614],[1.825006281427281,49.174990233982889],[1.823829365431424,49.173536438380864],[1.823488479440191,49.172060551994271],[1.82361040246639,49.170874215719969],[1.82361040246639,49.170874215719969]]}},
{"type":"Feature","properties":{"GCIdentifi":132469,"GCCalculat":638.34158930728449,"Nom":"AX_1462","code":"EPTE16","source_doc":null,"date_visit":"2010-12-17"},"geometry":{"type":"LineString","coordinates":[[1.830949466454363,49.174639276581409],[1.833259744662394,49.174300664930968],[1.835132846143454,49.173944464785158],[1.836282643754583,49.173593719367759],[1.836986305107384,49.173145332647785]]}},
{"type":"Feature","properties":{"GCIdentifi":132471,"GCCalculat":1645.5077543178056,"Nom":"AX_1463","code":"EPTE16","source_doc":null,"date_visit":null},"geometry":{"type":"LineString","coordinates":[[1.803281891723288,49.174900287827001],[1.806198412785138,49.172844316287033],[1.806898435612743,49.17144617327741],[1.807605303572965,49.169408019334902],[1.807715331556841,49.166809024772931],[1.807870510780119,49.165271380733259],[1.807246651040286,49.163246172608069],[1.807000976382205,49.161886336058942],[1.807367578602688,49.161069436713575],[1.807367578602688,49.161069436713575]]}},
{"type":"Feature","properties":{"GCIdentifi":132472,"GCCalculat":1503.7301667476418,"Nom":"AX_1464","code":"EPTE16","source_doc":null,"date_visit":null},"geometry":{"type":"LineString","coordinates":[[1.797538020041343,49.170856049427456],[1.798827863280398,49.169757987396778],[1.800829342291938,49.168269401365237],[1.803402700830599,49.167517832463894],[1.805371287174117,49.166789216854745],[1.806925444900601,49.166374199163798],[1.807796339970603,49.165802157537023],[1.807796339970603,49.165802157537023]]}},
{"type":"Feature","properties":{"GCIdentifi":132477,"GCCalculat":1523.3394320627929,"Nom":"AX_1465","code":"EPTE16","source_doc":null,"date_visit":"2011-01-24"},"geometry":{"type":"LineString","coordinates":[[1.764266033320918,49.178678433811498],[1.767634371450908,49.177799549785334],[1.77005100854083,49.177210769568205],[1.772708363547379,49.17689221691105],[1.774708116595598,49.177059267463221],[1.777103910467837,49.177348923217366],[1.77906061575967,49.176954239011415],[1.780319887518984,49.176104799726225],[1.781000791121995,49.175379646727947],[1.78079421857284,49.174219397794914],[1.78027770493326,49.173600672723481],[1.780016746308008,49.172524534005355]]}},
{"type":"Feature","properties":{"GCIdentifi":132482,"GCCalculat":1526.699504661997,"Nom":"AX_1466","code":"EPTE16","source_doc":null,"date_visit":"2011-01-24"},"geometry":{"type":"LineString","coordinates":[[1.759888391867033,49.174832472238691],[1.762000205521083,49.174457320499428],[1.764862213189631,49.173627112096852],[1.767128172058892,49.172279670309273],[1.768801841639977,49.171047176021105],[1.76999992375344,49.170514105315668],[1.771967517168358,49.170490748891069]]}},
{"type":"Feature","properties":{"GCIdentifi":132484,"GCCalculat":1794.1303457876311,"Nom":"AX_1467","code":"EPTE16","source_doc":null,"date_visit":"2011-01-24"},"geometry":{"type":"LineString","coordinates":[[1.755646328887603,49.172474731184799],[1.757287839020623,49.171673435450124],[1.75982112885078,49.1707598190646],[1.76286026429252,49.16991007197516]]}},
{"type":"Feature","properties":{"GCIdentifi":132486,"GCCalculat":1173.1620475679895,"Nom":"AX_1468","code":"EPTE16","source_doc":null,"date_visit":"2011-01-24"},"geometry":{"type":"LineString","coordinates":[[1.76241662367437,49.16581408572911],[1.763876756140988,49.1663020196617],[1.76636536412063,49.16715098975201],[1.767292184730755,49.167638981524014],[1.767946227009322,49.168124624532169]]}},
{"type":"Feature","properties":{"GCIdentifi":132489,"GCCalculat":2794.5172925369639,"Nom":"AX_1469","code":"EPTE16","source_doc":null,"date_visit":"2007-11-20"},"geometry":{"type":"LineString","coordinates":[[1.746733284042958,49.169946514475512],[1.744136687811281,49.169123518401044],[1.742186064028134,49.168277982431867],[1.740787665049443,49.167083827007012],[1.739523866282296,49.164963953409391],[1.739549734532123,49.162823841553546],[1.739391565905445,49.160043832665764],[1.740254612852758,49.15663022660334],[1.740144571655731,49.154543291097937],[1.73901376782947,49.152775581445255],[1.737357802353511,49.151408232586277],[1.73640425870392,49.149721119278908],[1.735295449176919,49.148699093319856],[1.734559298335436,49.148142770441829]]}},
{"type":"Feature","properties":{"GCIdentifi":132493,"GCCalculat":1269.0000003451028,"Nom":"AX_1470","code":"EPTE16","source_doc":null,"date_visit":null},"geometry":{"type":"LineString","coordinates":[[1.75073378146772,49.16084683796079],[1.749516756068959,49.159520077426784],[1.748596990209012,49.157393085862651],[1.745881553261156,49.155250112347041],[1.742827938113824,49.153631952485306],[1.74018768577142,49.153239847561146],[1.739431020612843,49.153379634751076],[1.739431020612843,49.153379634751076]]}},
{"type":"Feature","properties":{"GCIdentifi":132495,"GCCalculat":1621.4576355250745,"Nom":"AX_1471","code":"EPTE16","source_doc":null,"date_visit":"2011-01-24"},"geometry":{"type":"LineString","coordinates":[[1.761737680030686,49.159267583365072],[1.765073982714576,49.159132493662348],[1.766639807394459,49.158918770930505],[1.768370755604729,49.158456036987317],[1.770040527753512,49.157888196326915]]}},
{"type":"Feature","properties":{"GCIdentifi":132496,"GCCalculat":604.70603969582089,"Nom":"AX_1472","code":"EPTE16","source_doc":null,"date_visit":null},"geometry":{"type":"LineString","coordinates":[[1.772374845750926,49.160803757942446],[1.774514884410174,49.160670552743753],[1.77593002568828,49.160443917912936],[1.779041802650863,49.159317098168607],[1.779993130865739,49.158916370310266],[1.779993130865739,49.158916370310266]]}},
{"type":"Feature","properties":{"GCIdentifi":132498,"GCCalculat":946.27177745670508,"Nom":"AX_1473","code":"EPTE16","source_doc":null,"date_visit":null},"geometry":{"type":"LineString","coordinates":[[1.751832287080988,49.153965691698353],[1.753090354797873,49.151957633095421],[1.754711939819297,49.149303471150887],[1.755464886818085,49.146996344719362],[1.7556149505443,49.145880954659866],[1.7556149505443,49.145880954659866]]}},
{"type":"Feature","properties":{"GCIdentifi":132503,"GCCalculat":679.62962898864657,"Nom":"AX_1474","code":"EPTE16","source_doc":null,"date_visit":"2008-06-03"},"geometry":{"type":"LineString","coordinates":[[1.720936607062675,49.160679495534424],[1.718799989773174,49.16066014859706],[1.717192347074662,49.160787356755556],[1.715357632585217,49.161134505984144],[1.713222634086099,49.161393526699086],[1.711756849960246,49.16153826503281]]}},
{"type":"Feature","properties":{"GCIdentifi":132502,"GCCalculat":2299.2862614139112,"Nom":"AX_1475","code":"EPTE16","source_doc":null,"date_visit":"2011-01-24"},"geometry":{"type":"LineString","coordinates":[[1.73627250424658,49.172960000434223],[1.73259244457454,49.172229883800767],[1.730494010375633,49.171682620871742],[1.727997271616598,49.170862460188154],[1.726515698207405,49.170220124454083],[1.723241384021293,49.168663325492908],[1.720434707311972,49.167146956810868],[1.717895819203096,49.165181696541694],[1.715801904528128,49.163932930972855],[1.714747316633704,49.163371381072487],[1.712536219259762,49.16192318756989],[1.710997869678851,49.161169183242038]]}},
{"type":"Feature","properties":{"GCIdentifi":132508,"GCCalculat":1589.9164173058884,"Nom":"AX_1476","code":"EPTE16","source_doc":null,"date_visit":"2011-01-18"},"geometry":{"type":"LineString","coordinates":[[1.708955409218941,49.172606028885191],[1.708992329282037,49.169701280250052],[1.709023631166278,49.167237796493183],[1.708879320496662,49.165118085572637],[1.708929383762858,49.163873080772341],[1.709551203466485,49.162776022712102],[1.710428369898091,49.161792663741132]]}},
{"type":"Feature","properties":{"GCIdentifi":132512,"GCCalculat":609.79851897972515,"Nom":"AX_1477","code":"EPTE16","source_doc":null,"date_visit":null},"geometry":{"type":"LineString","coordinates":[[1.697105478621485,49.136523415027895],[1.696747811908809,49.138638085744951],[1.696143355242181,49.14024719892388],[1.696078358336746,49.141167628102288],[1.696251539114283,49.14193665781179]]}},
{"type":"Feature","properties":{"GCIdentifi":132516,"GCCalculat":597.95103638074443,"Nom":"AX_1478","code":"EPTE16","source_doc":null,"date_visit":"2008-06-03"},"geometry":{"type":"LineString","coordinates":[[1.704156781749112,49.141972681813314],[1.703348605326407,49.14212991513147],[1.701264974186863,49.142314892563704],[1.699097868999787,49.141935681885911],[1.698656317494017,49.141933209960797],[1.697379538114129,49.142063107038148],[1.696206315543814,49.142388951328329]]}},
{"type":"Feature","properties":{"GCIdentifi":132517,"GCCalculat":286.39149190762021,"Nom":"AX_1479","code":"EPTE16","source_doc":null,"date_visit":"2008-06-03"},"geometry":{"type":"LineString","coordinates":[[1.702605235544252,49.140572824507778],[1.702116021081547,49.141484167314061],[1.701296702874096,49.14197706397151],[1.699967056010572,49.142092084657293]]}},
{"type":"Feature","properties":{"GCIdentifi":132519,"GCCalculat":1275.9392215019932,"Nom":"AX_1480","code":"EPTE16","source_doc":null,"date_visit":"2008-06-03"},"geometry":{"type":"LineString","coordinates":[[1.702063941197585,49.131145269692141],[1.702557630564219,49.132677414392752],[1.703543368663859,49.135878657000305],[1.70511034425109,49.137667095753521],[1.705309766460383,49.138268955692972],[1.705058750293968,49.139562283306468],[1.705173521508923,49.140090674839577],[1.705143188634983,49.1409922014372],[1.705026699378621,49.14140253869877],[1.70415846684771,49.141973805973038]]}},
{"type":"Feature","properties":{"GCIdentifi":132521,"GCCalculat":267.57722214232012,"Nom":"AX_1481","code":"EPTE16","source_doc":null,"date_visit":"2011-07-21"},"geometry":{"type":"LineString","coordinates":[[1.714368385791247,49.137588590636497],[1.715211127282611,49.138619487912621],[1.715310939385472,49.139254480437806],[1.715234565069143,49.139593076896709]]}},
{"type":"Feature","properties":{"GCIdentifi":132522,"GCCalculat":1263.3764423154776,"Nom":"AX_1482","code":"EPTE16","source_doc":null,"date_visit":"2011-07-21"},"geometry":{"type":"LineString","coordinates":[[1.717560912681946,49.132744823107615],[1.717895905851509,49.134828494676263],[1.71835076591336,49.137044199290237],[1.718595743500293,49.138257131998017],[1.717990054322628,49.138517743143872],[1.71670046867006,49.138998107919249],[1.716042094662117,49.139234309641196],[1.715646572050803,49.139376217859621],[1.715234565069143,49.139593076896709],[1.714832313302858,49.139816539904444],[1.714594125867974,49.140022223498789],[1.714477272207568,49.140537618961503],[1.714293336997319,49.140952144716522],[1.714169961535366,49.141096208916835],[1.71403605983777,49.141327490608262],[1.713889791397501,49.141647219919982],[1.713753750843205,49.142062229342017]]}},
{"type":"Feature","properties":{"GCIdentifi":132527,"GCCalculat":899.46770032896791,"Nom":"AX_1483","code":"EPTE16","source_doc":null,"date_visit":"2007-11-20"},"geometry":{"type":"LineString","coordinates":[[1.726778609881521,49.122125523127821],[1.728575776640785,49.123594842419358],[1.729938800950989,49.125314484030881],[1.732045862898346,49.127064996818845],[1.733577961321093,49.128127477780318],[1.732999721370238,49.127698843660028]]}},
{"type":"Feature","properties":{"GCIdentifi":132532,"GCCalculat":742.3802036169418,"Nom":"AX_1484","code":"EPTE16","source_doc":null,"date_visit":null},"geometry":{"type":"LineString","coordinates":[[1.736689772750967,49.112672428562398],[1.737138544370908,49.114032389678258],[1.738575183729864,49.115326736391594],[1.740282249136914,49.116899829091743],[1.742033492656448,49.118221603334497],[1.742033492656448,49.118221603334497]]}},
{"type":"Feature","properties":{"GCIdentifi":132533,"GCCalculat":422.04684913252225,"Nom":"AX_1485","code":"EPTE16","source_doc":null,"date_visit":null},"geometry":{"type":"LineString","coordinates":[[1.733718292070128,49.115921133577515],[1.736030148690893,49.116139878198119],[1.738413476513089,49.116251161122058],[1.739456599589018,49.116139822033368],[1.739456599589018,49.116139822033368]]}},
{"type":"Feature","properties":{"GCIdentifi":132537,"GCCalculat":1920.8838234980099,"Nom":"AX_1486","code":"EPTE16","source_doc":null,"date_visit":"2010-12-14"},"geometry":{"type":"LineString","coordinates":[[1.760037850154862,49.102909625542516],[1.758866488908061,49.103527591378523],[1.757563732923498,49.104709502607342],[1.756955535834082,49.106346860091051],[1.755658158003876,49.107266843280726],[1.753558662085174,49.107633456997974],[1.752560356330086,49.107852236486487],[1.751748877770983,49.108690441589069],[1.75131410437326,49.109705724227418],[1.751467662899084,49.110630915053427],[1.75159759787944,49.112537166195956],[1.752414980480469,49.11389253809331],[1.75184326982564,49.114855088156872],[1.748363350967852,49.115907398784252],[1.74542962754885,49.11693221610598],[1.744318294248399,49.117654234331091],[1.742746517360833,49.118730423205967]]}},
{"type":"Feature","properties":{"GCIdentifi":132539,"GCCalculat":327.07879462739697,"Nom":"AX_1487","code":"EPTE16","source_doc":null,"date_visit":"2010-12-14"},"geometry":{"type":"LineString","coordinates":[[1.758849571516201,49.110789788046361],[1.758538525106064,49.111642757810735],[1.757797457833154,49.112790436633802],[1.757556252297768,49.113129269325285],[1.757366880944262,49.113390809943475]]}},
{"type":"Feature","properties":{"GCIdentifi":132540,"GCCalculat":430.77930084477134,"Nom":"AX_1488","code":"EPTE16","source_doc":null,"date_visit":"2010-12-14"},"geometry":{"type":"LineString","coordinates":[[1.748018636478225,49.10798456174706],[1.750017328267715,49.108974262326406],[1.750827196753628,49.109435308231234],[1.75131410437326,49.109705724227418]]}},
{"type":"Feature","properties":{"GCIdentifi":132543,"GCCalculat":1255.7304778917994,"Nom":"AX_1489","code":"EPTE16","source_doc":null,"date_visit":"2010-12-14"},"geometry":{"type":"LineString","coordinates":[[1.770742887151669,49.096596939662867],[1.769056469418837,49.097629866735794],[1.767957776720884,49.09904489452871],[1.767220236589294,49.09997771802739],[1.766346064333082,49.101043505809443],[1.764968429301927,49.101719374853701],[1.763225656810401,49.102025075455003],[1.761455596504195,49.102322736539136],[1.760037850154862,49.102909625542516],[1.760037850154862,49.102909625542516]]}},
{"type":"Feature","properties":{"GCIdentifi":132549,"GCCalculat":919.38993512926641,"Nom":"AX_1490","code":"EPTE16","source_doc":null,"date_visit":"2010-12-14"},"geometry":{"type":"LineString","coordinates":[[1.755091920013879,49.091752464904104],[1.756309788718928,49.092659474499357],[1.757305043002883,49.093386418475738],[1.757845430195626,49.093787593037341],[1.758586570024383,49.094190837936594],[1.759427717891739,49.094428851099735],[1.760144760338245,49.094745834847103],[1.760702487239024,49.09515292055395],[1.761820322925883,49.096838092228062],[1.762509569516389,49.098891947010571],[1.762558779228021,49.100040918189592],[1.761455596504195,49.102322736539136]]}},
{"type":"Feature","properties":{"GCIdentifi":132558,"GCCalculat":576.25408893943222,"Nom":"AX_1491","code":"EPTE16","source_doc":null,"date_visit":null},"geometry":{"type":"LineString","coordinates":[[1.783481979086063,49.091527857333659],[1.782790016262064,49.093162818472571],[1.781769720584854,49.096317052961595]]}},
{"type":"Feature","properties":{"GCIdentifi":132560,"GCCalculat":603.33102413963059,"Nom":"AX_1492","code":"EPTE16","source_doc":null,"date_visit":"2006-12-20"},"geometry":{"type":"LineString","coordinates":[[1.786472098548072,49.093401781954334],[1.786508317551441,49.094756176126765],[1.786491562702969,49.095955349150131],[1.786462319560666,49.096124764732821],[1.786261224209347,49.096525785426294],[1.785944012925989,49.09706325953718],[1.786063065037295,49.097890290724166],[1.785784154672136,49.097905791696107],[1.785096078709299,49.097965356865927],[1.7847634311186,49.098044606984843]]}},
{"type":"Feature","properties":{"GCIdentifi":132562,"GCCalculat":2364.2612016332637,"Nom":"AX_1493","code":"EPTE16","source_doc":null,"date_visit":"2010-12-14"},"geometry":{"type":"LineString","coordinates":[[1.774440864992723,49.103385467341511],[1.776166803082795,49.1045628496936],[1.779172116134027,49.106501051931879],[1.781235438421868,49.107048930031638],[1.78335958268588,49.107820554565428],[1.786562874078369,49.108763489172347],[1.788728579780974,49.110277411514936],[1.789444834048993,49.110623320122116],[1.789748235894708,49.110874061368698],[1.789738448167494,49.112068789271476],[1.790278024410527,49.112619318662233],[1.790772149944255,49.112948443573401],[1.791974202373749,49.114544208629603],[1.790511131968963,49.116138484000906]]}},
{"type":"Feature","properties":{"GCIdentifi":132563,"GCCalculat":556.54523090817383,"Nom":"AX_1494","code":"EPTE16","source_doc":null,"date_visit":"2010-12-14"},"geometry":{"type":"LineString","coordinates":[[1.779677852073677,49.102901235645405],[1.780344789204489,49.104423771062166],[1.780899907780345,49.106162462450726],[1.781142081330365,49.106986729274141]]}},
{"type":"Feature","properties":{"GCIdentifi":132565,"GCCalculat":3594.2225688007352,"Nom":"AX_1495","code":"EPTE16","source_doc":null,"date_visit":"2008-04-03"},"geometry":{"type":"LineString","coordinates":[[1.803844395563306,49.097202924486581],[1.80385566680224,49.099809218397951],[1.804347298545034,49.101637352922538],[1.804264999374836,49.102769969977601],[1.803320046880241,49.103805377703701],[1.801977951793908,49.105350974325631],[1.80058764141172,49.107388158761552],[1.800132663819286,49.108807621399379],[1.7998467353713,49.1107253203566],[1.79969976317781,49.111186137297203],[1.79789351706415,49.112911411862946],[1.796112978476632,49.113369023344433],[1.794441225995222,49.114512112905409],[1.790536749378495,49.116141969740696],[1.788377115745183,49.116520193211471],[1.786571935270743,49.116868620711251],[1.784843405609599,49.11678283129951],[1.782947204345158,49.116851162209748],[1.781143620722621,49.117200630804227],[1.780827876803903,49.117898677560589],[1.780062059360999,49.118455282249819],[1.77849517049667,49.118742980193353],[1.777377330453936,49.119110351442778]]}},
{"type":"Feature","properties":{"GCIdentifi":132569,"GCCalculat":1245.5266132357172,"Nom":"AX_1496","code":"EPTE16","source_doc":null,"date_visit":"2006-12-20"},"geometry":{"type":"LineString","coordinates":[[1.7929930692202,49.095619207621333],[1.793557321984585,49.09624620744507],[1.794309996175192,49.096998736809269],[1.794796483169017,49.097233482398138],[1.795446609221223,49.097361194372972],[1.79585350970757,49.097523703992536],[1.796175450808308,49.09795303293906],[1.797111772710798,49.099277981771486],[1.799939210158044,49.101259696934001],[1.801836029001521,49.103290924456893],[1.80250597418618,49.104598852134785],[1.80250597418618,49.104598852134785]]}},
{"type":"Feature","properties":{"GCIdentifi":132571,"GCCalculat":844.09576439322143,"Nom":"AX_1497","code":"EPTE16","source_doc":null,"date_visit":"2008-04-03"},"geometry":{"type":"LineString","coordinates":[[1.811092167066051,49.107426714226143],[1.809605993690411,49.10789597706664],[1.807887852413865,49.107982394520867],[1.806167659143226,49.107783564322155],[1.804108933573872,49.107732447007855],[1.802882905836319,49.108022069628923],[1.801819017604494,49.108186686299511],[1.800915614648123,49.108372226854833],[1.800107074235018,49.108801880905354]]}},
{"type":"Feature","properties":{"GCIdentifi":132572,"GCCalculat":516.36097680154398,"Nom":"AX_1498","code":"EPTE16","source_doc":null,"date_visit":"2008-04-03"},"geometry":{"type":"LineString","coordinates":[[1.794616148842699,49.106042893424316],[1.796054927352858,49.10647640283684],[1.796724584924101,49.106703016785488],[1.79941846468806,49.108111436845917],[1.800132554537283,49.108818851459141]]}},
{"type":"Feature","properties":{"GCIdentifi":132573,"GCCalculat":1336.8422326955963,"Nom":"AX_1499","code":"EPTE16","source_doc":null,"date_visit":"2008-04-03"},"geometry":{"type":"LineString","coordinates":[[1.813550951024766,49.109592787142851],[1.809417451153435,49.110820263612965],[1.808219582465999,49.111512074886129],[1.807411628016715,49.112049570386922],[1.80566615526072,49.112598463169675],[1.803602574809125,49.112979656955268],[1.80212705609006,49.113390502594093],[1.802101353323819,49.113394886518442],[1.801648545712022,49.113508414838037],[1.800297360486061,49.113491995673357],[1.7968419206767,49.113190558941454]]}},
{"type":"Feature","properties":{"GCIdentifi":132574,"GCCalculat":757.5966567462275,"Nom":"AX_1500","code":"EPTE16","source_doc":null,"date_visit":"2008-04-03"},"geometry":{"type":"LineString","coordinates":[[1.818196634285344,49.114632129205894],[1.815706987537747,49.112591769094458],[1.813912872689134,49.111760524272981],[1.811570450887397,49.111189487588298],[1.810095091786206,49.110633631079082]]}},
{"type":"Feature","properties":{"GCIdentifi":132575,"GCCalculat":424.04961272880212,"Nom":"AX_1501","code":"EPTE16","source_doc":null,"date_visit":null},"geometry":{"type":"LineString","coordinates":[[1.812183705180926,49.114166845659994],[1.810777912116306,49.113656233670532],[1.808555824824796,49.112702773128639],[1.807370566896554,49.112049388035935],[1.807370566896554,49.112049388035935]]}},
{"type":"Feature","properties":{"GCIdentifi":132576,"GCCalculat":783.27070662666779,"Nom":"AX_1502","code":"EPTE16","source_doc":null,"date_visit":"2008-04-03"},"geometry":{"type":"LineString","coordinates":[[1.808736062859112,49.118890783284783],[1.807461881520695,49.117740667866165],[1.80636473871342,49.116520618535539],[1.805035006857271,49.115933921392113],[1.804843895466017,49.115732039578255],[1.804559924580224,49.115255723423466],[1.802277737789229,49.11337549374057]]}},
{"type":"Feature","properties":{"GCIdentifi":132577,"GCCalculat":618.01634252405881,"Nom":"AX_1503","code":"EPTE16","source_doc":null,"date_visit":"2008-04-03"},"geometry":{"type":"LineString","coordinates":[[1.810245648333635,49.116091599097317],[1.809780260263471,49.116099547815772],[1.809507326186277,49.116028687183302],[1.809220047178799,49.115857800379175],[1.808281656632262,49.114829393752316],[1.807662358149661,49.114033790142102],[1.807182014731056,49.11368347172079],[1.803972718075332,49.112918487421162]]}},
{"type":"Feature","properties":{"GCIdentifi":132578,"GCCalculat":772.15386256774786,"Nom":"AX_1504","code":"EPTE16","source_doc":null,"date_visit":"2008-04-03"},"geometry":{"type":"LineString","coordinates":[[1.799799263571948,49.120300045537945],[1.798804513355762,49.119111847248938],[1.798621480182328,49.118481053993726],[1.797281441704027,49.117432697446738],[1.796860866710072,49.117252184478346],[1.796669041541745,49.117118774949873],[1.79651134188626,49.116988880719951],[1.796364871073841,49.116774852108229],[1.796212459032885,49.116632655256396],[1.794903557026392,49.115872992347519],[1.793456526428869,49.114924039438961]]}},
{"type":"Feature","properties":{"GCIdentifi":132580,"GCCalculat":713.13040985476994,"Nom":"AX_1505","code":"EPTE16","source_doc":null,"date_visit":"2008-04-03"},"geometry":{"type":"LineString","coordinates":[[1.792795252029374,49.122012007936526],[1.792192555270163,49.121589178500912],[1.792005094433374,49.120902203350575],[1.792237314255667,49.120319406127066],[1.7925109416267,49.119552624242495],[1.792301212175754,49.118866674500744],[1.791808179620435,49.118432011838117],[1.791470001987181,49.1179172460185],[1.790555793433903,49.116894419178095],[1.790495735192948,49.116137286100951]]}},
{"type":"Feature","properties":{"GCIdentifi":132581,"GCCalculat":234.56124613371375,"Nom":"AX_1506","code":"EPTE16","source_doc":null,"date_visit":"2008-04-03"},"geometry":{"type":"LineString","coordinates":[[1.78942816077963,49.118312875435933],[1.789818236658077,49.117692644269752],[1.78998744887923,49.116931001903247],[1.789942065036283,49.116549012189516],[1.789806507228108,49.116277733605678]]}},
{"type":"Feature","properties":{"GCIdentifi":132583,"GCCalculat":1238.315180070621,"Nom":"AX_1507","code":"EPTE16","source_doc":null,"date_visit":"2010-12-14"},"geometry":{"type":"LineString","coordinates":[[1.765913582070404,49.113236198458146],[1.767591956459587,49.113479865422129],[1.769647769987378,49.114072083279801],[1.771580076409901,49.115585324376617],[1.772586686614252,49.116781118550044],[1.773231595589499,49.117826679170598],[1.77385843829166,49.118778812054423],[1.774207567901888,49.119461712050686]]}},
{"type":"Feature","properties":{"GCIdentifi":132584,"GCCalculat":447.91910376219869,"Nom":"AX_1508","code":"EPTE16","source_doc":null,"date_visit":"2010-12-14"},"geometry":{"type":"LineString","coordinates":[[1.765914844196709,49.115740445915556],[1.764838013850736,49.116548888947499],[1.763991256115633,49.117265880779527],[1.762481611803511,49.118449176611151],[1.761782091880885,49.118961298383176],[1.761782091880885,49.118961298383176]]}},
{"type":"Feature","properties":{"GCIdentifi":132586,"GCCalculat":539.16519758113736,"Nom":"AX_1509","code":"EPTE16","source_doc":null,"date_visit":"2010-12-14"},"geometry":{"type":"LineString","coordinates":[[1.760939157007376,49.117607445538368],[1.761270357545635,49.118183635645543],[1.761700630110472,49.118905868830694],[1.761700630110472,49.118905868830694]]}},
{"type":"Feature","properties":{"GCIdentifi":132589,"GCCalculat":487.80492618843323,"Nom":"AX_1510","code":"EPTE16","source_doc":null,"date_visit":"2010-12-14"},"geometry":{"type":"LineString","coordinates":[[1.776958129129857,49.123260189926654],[1.775706101870342,49.122257962307053],[1.774977721900624,49.121672053271929],[1.773781771416665,49.120423371534429],[1.773284212303882,49.120109403393933],[1.772707874129625,49.119919726908989]]}},
{"type":"Feature","properties":{"GCIdentifi":132593,"GCCalculat":774.48928716133048,"Nom":"AX_1511","code":"EPTE16","source_doc":null,"date_visit":null},"geometry":{"type":"LineString","coordinates":[[1.766479266060997,49.128652935873305],[1.764535243593235,49.128525363745453],[1.761210983076421,49.128050564423198],[1.759413521721121,49.127096055214238],[1.757193823578215,49.12582607696401],[1.757193823578215,49.12582607696401]]}},
{"type":"Feature","properties":{"GCIdentifi":132594,"GCCalculat":1804.894365942172,"Nom":"AX_1512","code":"EPTE16","source_doc":null,"date_visit":"2008-08-20"},"geometry":{"type":"LineString","coordinates":[[1.834653883505548,49.124101782403926],[1.833760189395354,49.124160759365083],[1.832515866897985,49.124208063982074],[1.83152881209058,49.124025179735867],[1.829899724187154,49.12355534329501],[1.825879808633117,49.122163078083332],[1.825252700833617,49.122087313182057],[1.823772225084318,49.122309748888512],[1.82301606522,49.122470313860589],[1.821755289117022,49.12295088403441],[1.821114390112122,49.123542003450218],[1.820188019789292,49.12557925380888],[1.819344725305383,49.126213265487493],[1.817926747564602,49.126335983077063],[1.816928584938604,49.126234903577384],[1.816220887015878,49.126335000189094],[1.815602779447408,49.126538797399796],[1.814916559270206,49.12703425711868],[1.814680648196612,49.127179139950535]]}},
{"type":"Feature","properties":{"GCIdentifi":132597,"GCCalculat":881.56527197371133,"Nom":"AX_1513","code":"EPTE16","source_doc":null,"date_visit":"2008-04-03"},"geometry":{"type":"LineString","coordinates":[[1.813894167688244,49.118062129626843],[1.814037205079237,49.118771327647231],[1.814802832400694,49.119980815659936],[1.815100237078368,49.120491963603264],[1.819050135561797,49.123136317271708],[1.820153311020555,49.12366345045794],[1.820764237533669,49.12430512596157],[1.820764237533669,49.12430512596157]]}},
{"type":"Feature","properties":{"GCIdentifi":132599,"GCCalculat":452.59998065682856,"Nom":"AX_1514","code":"EPTE16","source_doc":null,"date_visit":null},"geometry":{"type":"LineString","coordinates":[[1.809949897096192,49.122016878365621],[1.809107186023487,49.122587928074253],[1.808383298650898,49.123726597943978],[1.807791738325237,49.12512636055267],[1.807836294904229,49.125601559282174],[1.807862493641581,49.125712833523885]]}},
{"type":"Feature","properties":{"GCIdentifi":132601,"GCCalculat":820.19394879217418,"Nom":"AX_1515","code":"EPTE16","source_doc":null,"date_visit":"2008-04-03"},"geometry":{"type":"LineString","coordinates":[[1.802961864548414,49.123371337363849],[1.802845371100426,49.124016467548806],[1.802552554120892,49.124833693060502],[1.800718018201839,49.126448845364934],[1.800188255765207,49.126862975133783],[1.79901103298509,49.128437355175492],[1.798605155466234,49.129569587157341],[1.79844681156431,49.129970835468555]]}},
{"type":"Feature","properties":{"GCIdentifi":132603,"GCCalculat":1458.4861195539747,"Nom":"AX_1516","code":"EPTE16","source_doc":null,"date_visit":"2008-04-03"},"geometry":{"type":"LineString","coordinates":[[1.790762639127147,49.123572154194783],[1.791246339510378,49.125786562697478],[1.791982098925778,49.127337433577168],[1.792361646235905,49.127674980598528],[1.793670176472878,49.128334710444655],[1.795661609256847,49.128672022961524],[1.797898073478434,49.129451726046234],[1.798440588717553,49.129912424692257],[1.798405671403323,49.130763422562964],[1.798625999916909,49.131272011670141],[1.799586502599875,49.132324174360278],[1.801220541545419,49.133445731561103]]}},
{"type":"Feature","properties":{"GCIdentifi":132606,"GCCalculat":687.12200664027932,"Nom":"AX_1517","code":"EPTE16","source_doc":null,"date_visit":"2008-04-03"},"geometry":{"type":"LineString","coordinates":[[1.82501433844363,49.135530672514555],[1.824878352914825,49.134614910563819],[1.824644046041195,49.132455656467044],[1.824082346918331,49.131176416126543],[1.82384958446479,49.130520719277207],[1.823331591915449,49.129485346322689]]}},
{"type":"Feature","properties":{"GCIdentifi":132608,"GCCalculat":474.10350916578597,"Nom":"AX_1518","code":"EPTE16","source_doc":null,"date_visit":"2008-04-03"},"geometry":{"type":"LineString","coordinates":[[1.81866511946542,49.13228843734791],[1.816555676307577,49.131592795759715],[1.81589021023359,49.131090076279229],[1.815213914474165,49.130477266227665],[1.813982084846958,49.129811409835746],[1.813777183531007,49.129607224856635]]}},
{"type":"Feature","properties":{"GCIdentifi":132611,"GCCalculat":440.32773499910206,"Nom":"AX_1519","code":"EPTE16","source_doc":null,"date_visit":"2011-01-24"},"geometry":{"type":"LineString","coordinates":[[1.804574363050638,49.136326968797128],[1.802800211759687,49.134733109453016],[1.801804285360117,49.133829124338995],[1.801220541545419,49.133445731561103]]}},
{"type":"Feature","properties":{"GCIdentifi":132612,"GCCalculat":338.39487407884224,"Nom":"AX_1520","code":"EPTE16","source_doc":null,"date_visit":"2011-01-24"},"geometry":{"type":"LineString","coordinates":[[1.802530054197387,49.137365164549614],[1.800782374837917,49.136186452199539],[1.799206365975472,49.135364505972468],[1.798818346682415,49.135186487486123]]}},
{"type":"Feature","properties":{"GCIdentifi":132613,"GCCalculat":470.33066052493695,"Nom":"AX_1521","code":"EPTE16","source_doc":null,"date_visit":"2011-01-24"},"geometry":{"type":"LineString","coordinates":[[1.799470317992886,49.139770678354118],[1.798405280392388,49.139098320910982],[1.797451613129698,49.138242643321533],[1.797155294619084,49.137866043062544],[1.796406816355253,49.136817732565113],[1.795849800268053,49.13595444279828]]}},
{"type":"Feature","properties":{"GCIdentifi":132614,"GCCalculat":1367.0097141220544,"Nom":"AX_1522","code":"EPTE16","source_doc":null,"date_visit":"2011-01-24"},"geometry":{"type":"LineString","coordinates":[[1.780939577707908,49.128354526321651],[1.783678353676605,49.128910064934772],[1.786228808306437,49.129710703566815],[1.788258205295658,49.131318210105043],[1.788524123160474,49.132121538391395],[1.788226116248611,49.13355971776857],[1.78852489460119,49.134696992783446],[1.789265388228678,49.136078884277389],[1.790447198972528,49.137410373166936],[1.790447198972528,49.137410373166936],[1.790447198972528,49.137410373166936]]}},
{"type":"Feature","properties":{"GCIdentifi":132619,"GCCalculat":208.00130985196404,"Nom":"AX_1523","code":"EPTE16","source_doc":null,"date_visit":null},"geometry":{"type":"LineString","coordinates":[[1.787423911312786,49.14181117262806],[1.786200632673419,49.1419220832097],[1.784612686798831,49.141888621715758],[1.784612888983606,49.141870658046258],[1.784612888983606,49.141870658046258]]}},
{"type":"Feature","properties":{"GCIdentifi":132621,"GCCalculat":728.9890557898251,"Nom":"AX_1524","code":"EPTE16","source_doc":null,"date_visit":"2011-01-24"},"geometry":{"type":"LineString","coordinates":[[1.795690799445052,49.141374239909119],[1.794834677227314,49.140893094596024],[1.792835766218851,49.139481131105697],[1.791112063101386,49.137953653257995],[1.790391330076059,49.137356219997798],[1.790391330076059,49.137356219997798]]}},
{"type":"Feature","properties":{"GCIdentifi":132622,"GCCalculat":599.49335421276419,"Nom":"AX_1525","code":"EPTE16","source_doc":null,"date_visit":"2010-12-14"},"geometry":{"type":"LineString","coordinates":[[1.771574382800582,49.141275130096325],[1.773070121266834,49.142545239720292],[1.774306393429109,49.143883173294938],[1.775155666411874,49.14523125307938],[1.775593383642144,49.146716121297622]]}},
{"type":"Feature","properties":{"GCIdentifi":132623,"GCCalculat":1505.9469865073547,"Nom":"AX_1526","code":"EPTE16","source_doc":null,"date_visit":"2010-12-14"},"geometry":{"type":"LineString","coordinates":[[1.762088461376292,49.136399030900911],[1.76459117717779,49.138132848213679],[1.766532544267376,49.139461130516921],[1.767709663334518,49.140519936438707],[1.769523900752671,49.143022982300295],[1.77019887000699,49.144804082305235],[1.770142106970832,49.146323096289379],[1.77033768819082,49.148374466204345],[1.77033768819082,49.148374466204345]]}},
{"type":"Feature","properties":{"GCIdentifi":132630,"GCCalculat":968.07463804050451,"Nom":"AX_1527","code":"EPTE16","source_doc":null,"date_visit":"2010-12-17"},"geometry":{"type":"LineString","coordinates":[[1.814188470645358,49.141759890871121],[1.813985447941323,49.142959103800997],[1.813802190150489,49.144388897135414],[1.813824360415434,49.145532356188447],[1.813845254377132,49.146144424510062],[1.81431415925281,49.147288542661791],[1.814921318785986,49.148145824611461],[1.815487886531996,49.148958023201068],[1.815514532494344,49.149029994474205],[1.815514532494344,49.149029994474205]]}},
{"type":"Feature","properties":{"GCIdentifi":132632,"GCCalculat":1825.9011746131116,"Nom":"AX_1528","code":"EPTE16","source_doc":null,"date_visit":null},"geometry":{"type":"LineString","coordinates":[[1.830921430467989,49.13907939421928],[1.832823779085827,49.141503106944413],[1.833177174210936,49.142935225748715],[1.833026998032054,49.143732947528598],[1.831516468329122,49.144656067600799],[1.829638899075252,49.145483209700522],[1.827878992473067,49.145847099154778],[1.825133337796925,49.146852229482839],[1.822406010406899,49.148224545815097],[1.820740980250968,49.148829050821831],[1.818062040991943,49.149320023242581],[1.818062040991943,49.149320023242581]]}},
{"type":"Feature","properties":{"GCIdentifi":132635,"GCCalculat":1666.2822247173001,"Nom":"AX_1529","code":"EPTE16","source_doc":null,"date_visit":"2010-12-14"},"geometry":{"type":"LineString","coordinates":[[1.770820374885709,49.108125706367439],[1.772822297068102,49.108926607626273],[1.774622859660908,49.109194697030716],[1.776536053984366,49.109729263351674],[1.777625277216888,49.110926608938925],[1.77905199751021,49.112939006825869],[1.779626245708825,49.114547371948262],[1.77959546088321,49.116113086375663],[1.779684181496804,49.117393883105578],[1.779584926557898,49.118579136776013]]}},
{"type":"Feature","properties":{"GCIdentifi":132660,"GCCalculat":2559.0903536029186,"Nom":"AX_1530","code":"SEINE22","source_doc":null,"date_visit":"2007-09-17"},"geometry":{"type":"LineString","coordinates":[[1.757431025876263,49.084550511439524],[1.760013579676293,49.083870709560024],[1.762145746394307,49.082955038398609],[1.764926881723206,49.082825227427762],[1.767282272427902,49.083299601308518],[1.769397162359151,49.083279771594661],[1.773466298544389,49.082337530971245],[1.774260548487186,49.081945039759781],[1.776133528196249,49.081544368937223],[1.777283659043675,49.081119915927587],[1.777907320304912,49.080237009112494],[1.778037364857471,49.079618925360862],[1.78019153495522,49.077157892709096],[1.782204026685109,49.076335584657357],[1.783930484680865,49.075564645365937],[1.784916649741523,49.075112390589467],[1.786026112853544,49.074634881482481]]}},
{"type":"Feature","properties":{"GCIdentifi":132667,"GCCalculat":498.2015824924415,"Nom":"AX_1531","code":"SEINE22","source_doc":null,"date_visit":null},"geometry":{"type":"LineString","coordinates":[[1.763181080888598,49.080942375660676],[1.764450666987087,49.081433820553144],[1.766043099982016,49.082093037453625],[1.767156099502961,49.082527523818356],[1.768993658737712,49.083285639514258]]}},
{"type":"Feature","properties":{"GCIdentifi":132646,"GCCalculat":263.8011405658425,"Nom":"AX_1532","code":"SEINE22","source_doc":null,"date_visit":null},"geometry":{"type":"LineString","coordinates":[[1.794265828184812,49.061573331873156],[1.793177531843595,49.060932595028667],[1.792139079060793,49.060579579825244],[1.791265716409335,49.060287944918237]]}},
{"type":"Feature","properties":{"GCIdentifi":132642,"GCCalculat":162.36987247718315,"Nom":"AX_1533","code":"SEINE22","source_doc":null,"date_visit":"2007-09-17"},"geometry":{"type":"LineString","coordinates":[[1.770682779039078,49.065490386302834],[1.770381472607517,49.064043738044866]]}},
{"type":"Feature","properties":{"GCIdentifi":132640,"GCCalculat":292.26529284670926,"Nom":"AX_1534","code":"SEINE22","source_doc":null,"date_visit":"2007-09-17"},"geometry":{"type":"LineString","coordinates":[[1.763286826589588,49.067538838916839],[1.763691460396427,49.066541467089237],[1.76504825228083,49.06521762409826],[1.76504825228083,49.06521762409826]]}},
{"type":"Feature","properties":{"GCIdentifi":132641,"GCCalculat":444.89867682631939,"Nom":"AX_1535","code":"SEINE22","source_doc":null,"date_visit":null},"geometry":{"type":"LineString","coordinates":[[1.76671195617884,49.06810277472276],[1.767916966018092,49.066751175523549],[1.768469480307063,49.065216677357171],[1.768766138506638,49.064381584462382],[1.768766138506638,49.064381584462382]]}},
{"type":"Feature","properties":{"GCIdentifi":132643,"GCCalculat":303.86528819174464,"Nom":"AX_1536","code":"SEINE22","source_doc":null,"date_visit":"2007-09-17"},"geometry":{"type":"LineString","coordinates":[[1.770064296816364,49.068165451078116],[1.770151382503625,49.066528703846764],[1.770669148319114,49.065488079647317],[1.770669148319114,49.065488079647317]]}},
{"type":"Feature","properties":{"GCIdentifi":132671,"GCCalculat":266.412273617099,"Nom":"AX_1537","code":"SEINE22","source_doc":null,"date_visit":null},"geometry":{"type":"LineString","coordinates":[[1.77012061240747,49.085044062667599],[1.770393731754855,49.083885463905325],[1.771308541700644,49.082819841244607],[1.771308541700644,49.082819841244607]]}},
{"type":"Feature","properties":{"GCIdentifi":132661,"GCCalculat":305.10466878388939,"Nom":"AX_1538","code":"SEINE22","source_doc":null,"date_visit":"2007-09-17"},"geometry":{"type":"LineString","coordinates":[[1.778414224826117,49.07485179609899],[1.78043004133978,49.075707136062491],[1.780894645721242,49.076040649148808],[1.781249287204441,49.076269200641946],[1.78160306143817,49.076580841252856]]}},
{"type":"Feature","properties":{"GCIdentifi":132648,"GCCalculat":519.20581417871574,"Nom":"AX_1539","code":"SEINE22","source_doc":null,"date_visit":null},"geometry":{"type":"LineString","coordinates":[[1.794418017231843,49.068425971577987],[1.791968078249081,49.066491947112645],[1.790755153979734,49.065989853520222],[1.789724357835731,49.065710932411228],[1.789037390987739,49.065552694237525]]}},
{"type":"Feature","properties":{"GCIdentifi":132662,"GCCalculat":1206.6610105179543,"Nom":"AX_1540","code":"SEINE22","source_doc":null,"date_visit":"2007-09-17"},"geometry":{"type":"LineString","coordinates":[[1.764377274117309,49.079206739097451],[1.765439972024083,49.078660694692601],[1.769225228668001,49.07799904086491],[1.771556679158924,49.077707375209918],[1.773524068273259,49.077260058738744],[1.776183447367334,49.077138360403616],[1.777819136596472,49.07714633594923],[1.780313466457032,49.077105715133548]]}},
{"type":"Feature","properties":{"GCIdentifi":132669,"GCCalculat":308.97508831119524,"Nom":"AX_1541","code":"SEINE22","source_doc":null,"date_visit":null},"geometry":{"type":"LineString","coordinates":[[1.766060319006284,49.08667905339626],[1.765653650560036,49.085176838548165],[1.766132647018373,49.083964240981402],[1.766132647018373,49.083964240981402]]}},
{"type":"Feature","properties":{"GCIdentifi":132645,"GCCalculat":185.81305795623365,"Nom":"AX_1542","code":"SEINE22","source_doc":null,"date_visit":null},"geometry":{"type":"LineString","coordinates":[[1.794882630858239,49.060953045792104],[1.79391657838155,49.060543094054296],[1.792549810827489,49.060367050737604],[1.792549810827489,49.060367050737604]]}},
{"type":"Feature","properties":{"GCIdentifi":132659,"GCCalculat":800.92643499616668,"Nom":"AX_1543","code":"SEINE22","source_doc":null,"date_visit":"2007-09-17"},"geometry":{"type":"LineString","coordinates":[[1.781155230621926,49.087239477384195],[1.782173134269852,49.086262992353475],[1.783575357348949,49.085315305623048],[1.784401357319304,49.084526516384607],[1.78567964960508,49.083646729273504],[1.786665034211131,49.083275286761435],[1.787936120661603,49.083038842170204],[1.789268876397078,49.08279031715584]]}},
{"type":"Feature","properties":{"GCIdentifi":132644,"GCCalculat":541.8089753668969,"Nom":"AX_1544","code":"SEINE22","source_doc":null,"date_visit":null},"geometry":{"type":"LineString","coordinates":[[1.795770524724595,49.06022959551089],[1.793667096905285,49.060388066820295],[1.791431127105794,49.060317944439149],[1.789699256658304,49.059784149313465],[1.788602990169142,49.059565561633569],[1.788602990169142,49.059565561633569]]}},
{"type":"Feature","properties":{"GCIdentifi":132657,"GCCalculat":1234.757620881624,"Nom":"AX_1545","code":"SEINE22","source_doc":null,"date_visit":"2007-09-17"},"geometry":{"type":"LineString","coordinates":[[1.785388102646092,49.089561872863889],[1.786620550956572,49.088353935800555],[1.787288122517084,49.08735889152787],[1.787774661062601,49.085419728443199],[1.788875001759896,49.083778826740712],[1.789289533046845,49.082778061804369],[1.790950084661564,49.081944943704286],[1.791350663457436,49.081117007365137],[1.79188838941421,49.079632870842545]]}},
{"type":"Feature","properties":{"GCIdentifi":132658,"GCCalculat":279.04873474435038,"Nom":"AX_1546","code":"SEINE22","source_doc":null,"date_visit":null},"geometry":{"type":"LineString","coordinates":[[1.783809656443366,49.088673912099885],[1.784814710584296,49.08808473756136],[1.787176028317886,49.087600886128527],[1.787176028317886,49.087600886128527]]}},
{"type":"Feature","properties":{"GCIdentifi":132664,"GCCalculat":149.097021234061,"Nom":"AX_1547","code":"SEINE22","source_doc":null,"date_visit":null},"geometry":{"type":"LineString","coordinates":[[1.766940357052666,49.079439617158748],[1.767367319613544,49.078880288025957],[1.76765534113324,49.07850666528028],[1.767860086438404,49.078242678169786]]}},
{"type":"Feature","properties":{"GCIdentifi":132649,"GCCalculat":202.73553018224055,"Nom":"AX_1548","code":"SEINE22","source_doc":null,"date_visit":null},"geometry":{"type":"LineString","coordinates":[[1.795833452064641,49.067608476246257],[1.794315843547524,49.067457553255593],[1.793086537931114,49.067351789684153],[1.793086537931114,49.067351789684153]]}},
{"type":"Feature","properties":{"GCIdentifi":132655,"GCCalculat":539.46653253916338,"Nom":"AX_1549","code":"SEINE22","source_doc":null,"date_visit":null},"geometry":{"type":"LineString","coordinates":[[1.791841305887009,49.090429298859512],[1.794201619987196,49.088794349236267],[1.795736373076019,49.087282309536427],[1.796318252360982,49.086601214475472],[1.796318252360982,49.086601214475472]]}},
{"type":"Feature","properties":{"GCIdentifi":132656,"GCCalculat":972.21925676149533,"Nom":"AX_1550","code":"SEINE22","source_doc":null,"date_visit":"2006-12-20"},"geometry":{"type":"LineString","coordinates":[[1.788474356971381,49.090314430976363],[1.789834528992535,49.088684868290322],[1.791663595207384,49.086695939446187],[1.791925988645316,49.085222827603644],[1.790657804958691,49.083026023593227],[1.79019329016451,49.082364664184531]]}},
{"type":"Feature","properties":{"GCIdentifi":132666,"GCCalculat":447.26865955432714,"Nom":"AX_1551","code":"SEINE22","source_doc":null,"date_visit":"2007-09-17"},"geometry":{"type":"LineString","coordinates":[[1.771963454846514,49.080406597628937],[1.775034394717447,49.080034291712266],[1.778033334501126,49.079977087927709],[1.778033334501126,49.079977087927709]]}},
{"type":"Feature","properties":{"GCIdentifi":132650,"GCCalculat":357.71950296348155,"Nom":"AX_1552","code":"SEINE22","source_doc":null,"date_visit":"2007-09-17"},"geometry":{"type":"LineString","coordinates":[[1.780831083534167,49.066177917900454],[1.781956266356126,49.065959920633084],[1.783777626178658,49.06553191786896],[1.784740038403233,49.065352398648059],[1.785524933068522,49.065307898884939]]}},
{"type":"Feature","properties":{"GCIdentifi":132652,"GCCalculat":348.70314451380523,"Nom":"AX_1553","code":"SEINE22","source_doc":null,"date_visit":"2011-01-18"},"geometry":{"type":"LineString","coordinates":[[1.804814034044244,49.086704146972323],[1.804052127204258,49.086295503733979],[1.803087476717218,49.085620966488825],[1.802210479576325,49.084938895422077]]}},
{"type":"Feature","properties":{"GCIdentifi":132654,"GCCalculat":550.88552474225799,"Nom":"AX_1554","code":"SEINE22","source_doc":null,"date_visit":null},"geometry":{"type":"LineString","coordinates":[[1.798516568846424,49.08976803747548],[1.796656100926388,49.088383724849123],[1.796356862891695,49.086979817796035],[1.796375328438776,49.085289950182762],[1.796375328438776,49.085289950182762]]}},
{"type":"Feature","properties":{"GCIdentifi":132663,"GCCalculat":296.13359066977313,"Nom":"AX_1555","code":"SEINE22","source_doc":null,"date_visit":null},"geometry":{"type":"LineString","coordinates":[[1.765668487650442,49.076632744830214],[1.766960478784529,49.077393782999224],[1.769088508593624,49.077998360139688],[1.769088508593624,49.077998360139688]]}},
{"type":"Feature","properties":{"GCIdentifi":132638,"GCCalculat":537.2544169231154,"Nom":"AX_1556","code":"SEINE22","source_doc":null,"date_visit":"2007-09-17"},"geometry":{"type":"LineString","coordinates":[[1.767275880890821,49.059491803888022],[1.768081019286382,49.060206601590195],[1.768618787501778,49.060395680163033],[1.769956800246676,49.060537044683656],[1.770961650630733,49.060676776163689],[1.771529365136553,49.061091672768235],[1.771766571647162,49.062016997047365],[1.772251197714537,49.062375349127876]]}},
{"type":"Feature","properties":{"GCIdentifi":132639,"GCCalculat":490.95510240325689,"Nom":"AX_1557","code":"SEINE22","source_doc":null,"date_visit":"2007-09-17"},"geometry":{"type":"LineString","coordinates":[[1.765560569543181,49.061101366897063],[1.767398470362555,49.061905540308345],[1.768809012735538,49.062135995168184],[1.770530945846247,49.062179328189224],[1.771859592089603,49.062101677743094]]}},
{"type":"Feature","properties":{"GCIdentifi":132637,"GCCalculat":2542.4538608846119,"Nom":"AX_1558","code":"SEINE22","source_doc":null,"date_visit":null},"geometry":{"type":"LineString","coordinates":[[1.757931452044363,49.065153801541207],[1.762076498054664,49.065364450007309],[1.765103063787919,49.065207774037013],[1.76872493565719,49.064399336214905],[1.77034860146479,49.064078373711297],[1.77103851649387,49.063222775857753],[1.772562777240021,49.06217363683249],[1.777592640914535,49.058765597076338],[1.781086028503101,49.057166749319776],[1.783920521163638,49.056867190367832],[1.787959851710054,49.057005651090826]]}},
{"type":"Feature","properties":{"GCIdentifi":132647,"GCCalculat":887.63201613008437,"Nom":"AX_1559","code":"SEINE22","source_doc":null,"date_visit":null},"geometry":{"type":"LineString","coordinates":[[1.79768639304981,49.065686945932725],[1.795298550229189,49.06526469790024],[1.79241977578571,49.065199390634362],[1.791183654597657,49.065255259620052],[1.789022024072693,49.065552620303151],[1.7871511935853,49.065207925619504],[1.786366061812961,49.06496608475689],[1.785904981178057,49.064785335256055]]}},
{"type":"Feature","properties":{"GCIdentifi":132651,"GCCalculat":840.75401070036753,"Nom":"AX_1560","code":"SEINE22","source_doc":null,"date_visit":"2007-09-17"},"geometry":{"type":"LineString","coordinates":[[1.774139241894417,49.069606018746711],[1.774905114755966,49.069285251954547],[1.776279274877885,49.069278525589922],[1.77820478495654,49.069328342008362],[1.780425177183973,49.068841705718754],[1.780695856772236,49.068479213153687],[1.781107950653923,49.068306025754822],[1.782216671403033,49.068190130777865],[1.783095548327298,49.068302178165062],[1.784181836167757,49.068361328666242],[1.784920833556968,49.068297510865662]]}},
{"type":"Feature","properties":{"GCIdentifi":132653,"GCCalculat":3461.1016099260396,"Nom":"AX_1561","code":"SEINE22","source_doc":null,"date_visit":"2011-01-18"},"geometry":{"type":"LineString","coordinates":[[1.804730198660188,49.081974908364515],[1.804451045101685,49.082932585761505],[1.803752950598824,49.083938869236754],[1.802210479576325,49.084938895422077],[1.800770272346966,49.085165728141497],[1.798784783703573,49.085228291648541],[1.796359939392491,49.085287628943448],[1.796070888534895,49.084519316139591],[1.795725195870524,49.083768715956552],[1.794514283610074,49.082727673836004],[1.792873157674066,49.081173663006332],[1.792356024596367,49.08032118001551],[1.791932385438399,49.079674624063024],[1.790987847025519,49.078365321695514],[1.789065515919587,49.077067042559399],[1.787157799494575,49.075848541458228],[1.786146775476545,49.074849913418518],[1.786153355277244,49.074259311549071],[1.786322002307755,49.073695300177903],[1.785451661637543,49.072192051703695],[1.785584908429525,49.071277533786379],[1.784606596649639,49.068888898686815],[1.785002844702294,49.068297917453251],[1.78504717237483,49.068001694193107],[1.784784494568167,49.067650066145625],[1.784663954108294,49.066963402429415],[1.784789562797906,49.066275666650128],[1.785929213591561,49.064756264472038]]}},
{"type":"Feature","properties":{"GCIdentifi":132668,"GCCalculat":437.23063485957908,"Nom":"AX_1562","code":"SEINE22","source_doc":null,"date_visit":null},"geometry":{"type":"LineString","coordinates":[[1.762619497569983,49.086030800522629],[1.76406843789309,49.085509176141308],[1.765082455525958,49.084750658849238],[1.766091608497598,49.083964035543417],[1.766537924583417,49.083210557336145],[1.766537924583417,49.083210557336145]]}},
{"type":"Feature","properties":{"GCIdentifi":132670,"GCCalculat":394.85303573061731,"Nom":"AX_1563","code":"SEINE22","source_doc":null,"date_visit":null},"geometry":{"type":"LineString","coordinates":[[1.767175019741735,49.086824971167644],[1.767656803764422,49.085813386814408],[1.767631739263369,49.085020496850113],[1.767908497746956,49.084294231494368],[1.768192716424283,49.083363635446169],[1.768192716424283,49.083363635446169]]}},
{"type":"Feature","properties":{"GCIdentifi":132780,"GCCalculat":319.33718673628891,"Nom":"AX_1564","code":"EPTE17","source_doc":null,"date_visit":null},"geometry":{"type":"LineString","coordinates":[[1.75183257888808,49.097246792203521],[1.749957669310728,49.097021624345643],[1.747509635605172,49.096820411587466],[1.747509635605172,49.096820411587466]]}},
{"type":"Feature","properties":{"GCIdentifi":132688,"GCCalculat":479.13713900043177,"Nom":"AX_1565","code":"SEINE24","source_doc":null,"date_visit":null},"geometry":{"type":"LineString","coordinates":[[1.763725558401332,49.076587110572767],[1.761307554666779,49.075060210470568],[1.759986428407174,49.074758242809075],[1.758443367700077,49.074141838528767],[1.758443367700077,49.074141838528767]]}},
{"type":"Feature","properties":{"GCIdentifi":132694,"GCCalculat":581.64885481993952,"Nom":"AX_1566","code":"SEINE24","source_doc":null,"date_visit":null},"geometry":{"type":"LineString","coordinates":[[1.749455772352757,49.086290837793136],[1.74860828925435,49.084954729953651],[1.746820995728783,49.083300478203988],[1.745181012311062,49.081915349232297],[1.745181012311062,49.081915349232297]]}},
{"type":"Feature","properties":{"GCIdentifi":132695,"GCCalculat":107.77181587011552,"Nom":"AX_1567","code":"SEINE24","source_doc":null,"date_visit":"2010-12-14"},"geometry":{"type":"LineString","coordinates":[[1.742176831858131,49.085733935244122],[1.743676167866036,49.084964108569984],[1.744903331148549,49.083816563142832]]}},
{"type":"Feature","properties":{"GCIdentifi":132709,"GCCalculat":145.31115228359519,"Nom":"AX_1568","code":"SEINE24","source_doc":null,"date_visit":"2010-12-14"},"geometry":{"type":"LineString","coordinates":[[1.741782475423993,49.089077644723375],[1.740436554482823,49.08938772619441],[1.739032612735248,49.089740833169579]]}},
{"type":"Feature","properties":{"GCIdentifi":132706,"GCCalculat":462.59627713249336,"Nom":"AX_1569","code":"SEINE24","source_doc":null,"date_visit":"2010-12-14"},"geometry":{"type":"LineString","coordinates":[[1.715507659935105,49.090396020892975],[1.717723999047511,49.089810785899047],[1.71924578746194,49.089192754067113],[1.721519093481705,49.087859642927128],[1.720721213590197,49.088144317257104]]}},
{"type":"Feature","properties":{"GCIdentifi":132710,"GCCalculat":314.00144722230715,"Nom":"AX_1570","code":"SEINE24","source_doc":null,"date_visit":"2010-12-14"},"geometry":{"type":"LineString","coordinates":[[1.742473419907204,49.091117233232183],[1.741017086309851,49.090890040803615],[1.740298252336583,49.090782767415277],[1.73941884520269,49.090642620517805],[1.738600193525718,49.090630841411233]]}},
{"type":"Feature","properties":{"GCIdentifi":132673,"GCCalculat":885.66591315684013,"Nom":"AX_1571","code":"SEINE24","source_doc":null,"date_visit":"2010-12-14"},"geometry":{"type":"LineString","coordinates":[[1.757267124323681,49.061288185960791],[1.755525958699237,49.060053616316644],[1.752642454042578,49.058779179428846],[1.750129344498925,49.058316037005625],[1.748232344940625,49.05820636955314]]}},
{"type":"Feature","properties":{"GCIdentifi":132675,"GCCalculat":693.57112517332132,"Nom":"AX_1572","code":"SEINE24","source_doc":null,"date_visit":"2010-12-14"},"geometry":{"type":"LineString","coordinates":[[1.740021770418429,49.057110584687457],[1.740143471287617,49.058496893464778],[1.74031130317997,49.058890787149792],[1.740446493356247,49.059156498661629],[1.740378056804445,49.059165115549334]]}},
{"type":"Feature","properties":{"GCIdentifi":132685,"GCCalculat":567.384008929213,"Nom":"AX_1573","code":"SEINE24","source_doc":null,"date_visit":"2010-04-28"},"geometry":{"type":"LineString","coordinates":[[1.715126546445438,49.060530889760507],[1.715448304216574,49.060656334054748],[1.715845374993096,49.060863885297529],[1.716317046802021,49.061184092185691],[1.716709914532834,49.061704073013473],[1.71671882780932,49.06221954730708]]}},
{"type":"Feature","properties":{"GCIdentifi":132689,"GCCalculat":962.46380950126297,"Nom":"AX_1574","code":"SEINE24","source_doc":null,"date_visit":"2007-09-17"},"geometry":{"type":"LineString","coordinates":[[1.76096718107603,49.077872494883842],[1.760415305285105,49.07653233213216],[1.760045824572982,49.075675944604598],[1.758290249589828,49.074081544629166],[1.757017907603086,49.071660891630771],[1.754367472140686,49.071042190228177]]}},
{"type":"Feature","properties":{"GCIdentifi":132690,"GCCalculat":547.11532611195969,"Nom":"AX_1575","code":"SEINE24","source_doc":null,"date_visit":"2007-09-17"},"geometry":{"type":"LineString","coordinates":[[1.757469038972401,49.067432070199885],[1.757245910347912,49.06809681208037],[1.757196409457547,49.069259907967698],[1.757175742665996,49.070002027809068],[1.756979032696364,49.07045581549184],[1.756342546837821,49.070807429460167],[1.755374393320781,49.071022606014267],[1.75439482848676,49.071041205835982]]}},
{"type":"Feature","properties":{"GCIdentifi":132691,"GCCalculat":328.07585803887059,"Nom":"AX_1576","code":"SEINE24","source_doc":null,"date_visit":"2007-09-17"},"geometry":{"type":"LineString","coordinates":[[1.75441811483227,49.068338506329624],[1.754011275840994,49.06921679004769],[1.753707956862658,49.070735649360877],[1.753662780035895,49.07123512038504]]}},
{"type":"Feature","properties":{"GCIdentifi":132692,"GCCalculat":1694.2622017162473,"Nom":"AX_1577","code":"SEINE24","source_doc":null,"date_visit":"2010-04-28"},"geometry":{"type":"LineString","coordinates":[[1.754944371054684,49.085212772020817],[1.755104104746163,49.08326087946029],[1.755099059069526,49.081506863655314],[1.753238191160238,49.080139824903121],[1.750896513085265,49.079112763448471],[1.748527142520798,49.07797546900575],[1.74659619751887,49.076922354021171],[1.745995897390237,49.075516760923925],[1.745512981394206,49.073589616942229],[1.74510168805339,49.07281145337565]]}},
{"type":"Feature","properties":{"GCIdentifi":132693,"GCCalculat":1238.4209641020311,"Nom":"AX_1578","code":"SEINE24","source_doc":null,"date_visit":null},"geometry":{"type":"LineString","coordinates":[[1.746125791993634,49.0876941877696],[1.745263524100884,49.086456792814054],[1.744792793045566,49.084647613138941],[1.744903331148549,49.083816563142832],[1.745108354880142,49.082275430576701],[1.745772112831644,49.080659625805382],[1.746513081625919,49.079304727677489],[1.746610609502294,49.076859556899649],[1.746610609502294,49.076859556899649]]}},
{"type":"Feature","properties":{"GCIdentifi":132696,"GCCalculat":464.01398572048339,"Nom":"AX_1579","code":"SEINE24","source_doc":null,"date_visit":"2010-12-14"},"geometry":{"type":"LineString","coordinates":[[1.739827954615665,49.083963741649825],[1.741327604747532,49.083181455901482],[1.742501909580759,49.082657194508236],[1.743778437685058,49.08230936071574],[1.745109203949909,49.082203562832078],[1.745109203949909,49.082203562832078]]}},
{"type":"Feature","properties":{"GCIdentifi":132697,"GCCalculat":245.79929390638966,"Nom":"AX_1580","code":"SEINE24","source_doc":null,"date_visit":null},"geometry":{"type":"LineString","coordinates":[[1.748039013652778,49.08682255917212],[1.747916063612147,49.085660835814913],[1.748065211650334,49.084619556995712],[1.748065211650334,49.084619556995712]]}},
{"type":"Feature","properties":{"GCIdentifi":132698,"GCCalculat":410.59949520925238,"Nom":"AX_1581","code":"SEINE24","source_doc":null,"date_visit":"2010-12-14"},"geometry":{"type":"LineString","coordinates":[[1.751094407230196,49.083557652569588],[1.749125202475278,49.082564609266527],[1.747738172523748,49.081811914748293],[1.747246094737022,49.081512662255626],[1.745772112831644,49.080659625805382],[1.746052897608335,49.080787002013594]]}},
{"type":"Feature","properties":{"GCIdentifi":132699,"GCCalculat":419.1382925023961,"Nom":"AX_1582","code":"SEINE24","source_doc":null,"date_visit":"2010-04-28"},"geometry":{"type":"LineString","coordinates":[[1.748288059034421,49.069332387619717],[1.747014089413351,49.070540802520469],[1.745470495213411,49.072518253755042],[1.745068497897153,49.072781395488427]]}},
{"type":"Feature","properties":{"GCIdentifi":132702,"GCCalculat":983.35754901760345,"Nom":"AX_1583","code":"SEINE24","source_doc":null,"date_visit":"2010-04-28"},"geometry":{"type":"LineString","coordinates":[[1.730260917097495,49.076181255617833],[1.728501793169801,49.075506068238639],[1.726751172859589,49.074426621493998],[1.725288948929817,49.072971386086571],[1.723718875301473,49.071676158567627],[1.721811433777898,49.070857443462252],[1.719625809258615,49.070379978737911],[1.717796755824339,49.07016635374508]]}},
{"type":"Feature","properties":{"GCIdentifi":132703,"GCCalculat":717.2911894137942,"Nom":"AX_1584","code":"SEINE24","source_doc":null,"date_visit":"2010-12-14"},"geometry":{"type":"LineString","coordinates":[[1.735000994617079,49.082627030064387],[1.732650389497341,49.082210422553466],[1.730665499746415,49.082225753760433],[1.726820519497113,49.082359821367234],[1.725841789895914,49.0825016751986],[1.724725108266689,49.08275622606898]]}},
{"type":"Feature","properties":{"GCIdentifi":132707,"GCCalculat":784.5111041055975,"Nom":"AX_1585","code":"SEINE24","source_doc":null,"date_visit":"2010-12-14"},"geometry":{"type":"LineString","coordinates":[[1.738832541670844,49.085924110475034],[1.737099749180677,49.085702977377814],[1.734081546343495,49.085924925047415],[1.732063002523495,49.086334937007358],[1.730272362533009,49.0868995465746],[1.728736768234002,49.087361831378118]]}},
{"type":"Feature","properties":{"GCIdentifi":132708,"GCCalculat":2011.3147708393963,"Nom":"AX_1586","code":"SEINE24","source_doc":null,"date_visit":"2010-12-14"},"geometry":{"type":"LineString","coordinates":[[1.741360632911405,49.088468490377821],[1.740864441145135,49.088575519408735],[1.740358899346121,49.088676207707962],[1.739755743116945,49.088888086740603],[1.73924160011135,49.08934402365923],[1.739032612735248,49.089740833169579],[1.738600193525718,49.090630841411233],[1.736384290917502,49.091618638436039],[1.734712172195825,49.091753589587775],[1.733052862014263,49.091816740458384],[1.73176252820906,49.091072180372208],[1.730953474725746,49.089979798101155],[1.729673192300374,49.088281943666388],[1.728736768234002,49.087361831378118],[1.72760383019606,49.086248595322253],[1.726479852844425,49.084092262753394],[1.724725108266689,49.08275622606898],[1.723817889088327,49.082347007630631],[1.722269039845277,49.081721671934936]]}},
{"type":"Feature","properties":{"GCIdentifi":132713,"GCCalculat":601.95243497217098,"Nom":"AX_1587","code":"SEINE24","source_doc":null,"date_visit":null},"geometry":{"type":"LineString","coordinates":[[1.724778026980026,49.093564492076759],[1.727756243912872,49.093418444882708],[1.729896527124232,49.092781456456777],[1.73083960147755,49.092131797579867],[1.731286132164253,49.091248548369677],[1.731141458035476,49.090268262237721],[1.731141458035476,49.090268262237721]]}},
{"type":"Feature","properties":{"GCIdentifi":132717,"GCCalculat":423.03666136425886,"Nom":"AX_1588","code":"SEINE24","source_doc":null,"date_visit":null},"geometry":{"type":"LineString","coordinates":[[1.707509724394783,49.096667263432217],[1.707774358933724,49.096160041607362],[1.707754179881349,49.095462599445746],[1.707606640479487,49.094693728010242],[1.707752699578551,49.094234131410666],[1.707604781617858,49.093360826022625]]}},
{"type":"Feature","properties":{"GCIdentifi":132720,"GCCalculat":457.89868171367323,"Nom":"AX_1589","code":"SEINE24","source_doc":null,"date_visit":null},"geometry":{"type":"LineString","coordinates":[[1.711434975653324,49.093760213690615],[1.710731897636929,49.092973699737485],[1.708963004425385,49.09210050058595],[1.707859926196487,49.09171715478621],[1.706521690047402,49.091404368198447],[1.706521690047402,49.091404368198447]]}},
{"type":"Feature","properties":{"GCIdentifi":132721,"GCCalculat":285.55710987647211,"Nom":"AX_1590","code":"SEINE24","source_doc":null,"date_visit":null},"geometry":{"type":"LineString","coordinates":[[1.712504979104593,49.092435404903924],[1.710632155116145,49.092208454480698],[1.708649561242611,49.092008945512617],[1.708649561242611,49.092008945512617]]}},
{"type":"Feature","properties":{"GCIdentifi":132722,"GCCalculat":306.02118015675137,"Nom":"AX_1591","code":"SEINE24","source_doc":null,"date_visit":null},"geometry":{"type":"LineString","coordinates":[[1.701830838873192,49.088805903016286],[1.703339064251565,49.088652564524011],[1.704288271784569,49.08822660156796],[1.705419972261679,49.087565833782335],[1.705419972261679,49.087565833782335]]}},
{"type":"Feature","properties":{"GCIdentifi":132723,"GCCalculat":289.23988081691459,"Nom":"AX_1592","code":"SEINE24","source_doc":null,"date_visit":"2009-04-24"},"geometry":{"type":"LineString","coordinates":[[1.704433802217822,49.094764962260015],[1.704737444128601,49.09415239751528],[1.705054562477451,49.093822905312834],[1.705587979871746,49.093427218935368],[1.705891131992109,49.0932525763887],[1.706297404355405,49.092903348813849],[1.706500778316071,49.092642823428847],[1.706710279981433,49.092437379235513],[1.706935411211767,49.09221514304032]]}},
{"type":"Feature","properties":{"GCIdentifi":132724,"GCCalculat":731.79246426049986,"Nom":"AX_1593","code":"SEINE24","source_doc":null,"date_visit":"2010-12-14"},"geometry":{"type":"LineString","coordinates":[[1.71397258214043,49.091546628436248],[1.71120430326187,49.090367760466293],[1.708246583380424,49.088795987598623]]}},
{"type":"Feature","properties":{"GCIdentifi":132726,"GCCalculat":744.57480893360071,"Nom":"AX_1594","code":"SEINE24","source_doc":null,"date_visit":null},"geometry":{"type":"LineString","coordinates":[[1.714870148152201,49.08518979031313],[1.713103347641689,49.085252054602769],[1.711737355572588,49.084984095818385],[1.70882181110989,49.083826153934631],[1.706581382422936,49.083060248560059],[1.706206278016446,49.082838817774359],[1.706004619786957,49.082646329517885]]}},
{"type":"Feature","properties":{"GCIdentifi":132728,"GCCalculat":917.81027441604749,"Nom":"AX_1595","code":"SEINE24","source_doc":null,"date_visit":"2011-01-14"},"geometry":{"type":"LineString","coordinates":[[1.695287054201897,49.080101128834997],[1.695806019987381,49.079204528760663],[1.696317606218938,49.078601354228987],[1.697012229862845,49.077956700676154],[1.698843136540556,49.076867796706154],[1.700063503437252,49.076370098140416],[1.70184871808633,49.075780668359528],[1.702337660908303,49.075416371517079],[1.703250992693789,49.074621842954315],[1.703871506234494,49.07421057913227]]}},
{"type":"Feature","properties":{"GCIdentifi":132741,"GCCalculat":619.42846826163645,"Nom":"AX_1596","code":"EPTE110","source_doc":null,"date_visit":null},"geometry":{"type":"LineString","coordinates":[[1.695038787712675,49.087697951389956],[1.693066146126635,49.088855832159027],[1.689844615289251,49.090196390921761],[1.687882701106386,49.090517697172402],[1.687882701106386,49.090517697172402]]}},
{"type":"Feature","properties":{"GCIdentifi":132746,"GCCalculat":251.3072335413612,"Nom":"AX_1597","code":"EPTE110","source_doc":null,"date_visit":null},"geometry":{"type":"LineString","coordinates":[[1.678958226222737,49.095359338138728],[1.678907567822074,49.0940272771997],[1.678988272579996,49.09310132827116],[1.678988272579996,49.09310132827116]]}},
{"type":"Feature","properties":{"GCIdentifi":132738,"GCCalculat":636.20229111171739,"Nom":"AX_1598","code":"EPTE110","source_doc":null,"date_visit":null},"geometry":{"type":"LineString","coordinates":[[1.693880927550047,49.097861634240786],[1.692549559423211,49.09701871184096],[1.691154726960365,49.095796987236639],[1.690749020101494,49.094391081468352],[1.690896230645966,49.093592402092554],[1.690616692758287,49.092871023181544],[1.690616692758287,49.092871023181544]]}},
{"type":"Feature","properties":{"GCIdentifi":132740,"GCCalculat":248.73816631030485,"Nom":"AX_1599","code":"EPTE110","source_doc":null,"date_visit":null},"geometry":{"type":"LineString","coordinates":[[1.69333300480761,49.090422659391393],[1.691831925510951,49.090153709219585],[1.689982085178656,49.090142153630239],[1.689982085178656,49.090142153630239]]}},
{"type":"Feature","properties":{"GCIdentifi":132743,"GCCalculat":762.20853380287247,"Nom":"AX_1600","code":"EPTE110","source_doc":null,"date_visit":"2011-01-14"},"geometry":{"type":"LineString","coordinates":[[1.682755428593905,49.082910211192967],[1.683685165679654,49.084746557263387],[1.683565835324506,49.086607908881412],[1.682100053402006,49.087687649306076],[1.680941834292553,49.088390696143264],[1.680941834292553,49.088390696143264]]}},
{"type":"Feature","properties":{"GCIdentifi":132731,"GCCalculat":374.3549826956758,"Nom":"AX_1601","code":"EPTE110","source_doc":null,"date_visit":"2009-04-24"},"geometry":{"type":"LineString","coordinates":[[1.701521252057988,49.098403906766038],[1.700682386448523,49.097811976243534],[1.700364800246059,49.097641780010434],[1.700155299830329,49.097575489515279],[1.69977176425935,49.097481283790472],[1.699118955860935,49.097315947438688],[1.69700956446127,49.096332888581799]]}},
{"type":"Feature","properties":{"GCIdentifi":132739,"GCCalculat":99.636357613531999,"Nom":"AX_1602","code":"EPTE110","source_doc":null,"date_visit":null},"geometry":{"type":"LineString","coordinates":[[1.701201682861001,49.092930220786783],[1.699965704798003,49.093309642605043],[1.699965704798003,49.093309642605043]]}},
{"type":"Feature","properties":{"GCIdentifi":132734,"GCCalculat":110.56523806209455,"Nom":"AX_1603","code":"EPTE110","source_doc":null,"date_visit":"2009-04-24"},"geometry":{"type":"LineString","coordinates":[[1.702905901978811,49.097106763788204],[1.702249253609121,49.096706755431583],[1.70192689372785,49.096510703413394],[1.701757208408159,49.096407580948004],[1.701401266614282,49.096294434456262],[1.700908921280907,49.096151325219751],[1.700375826726379,49.095853050104587],[1.700196290580943,49.095585923176266]]}},
{"type":"Feature","properties":{"GCIdentifi":132737,"GCCalculat":103.99153881289718,"Nom":"AX_1604","code":"EPTE110","source_doc":null,"date_visit":"2009-04-24"},"geometry":{"type":"LineString","coordinates":[[1.700183151976364,49.099264488654377],[1.699746300457609,49.098928567095221],[1.699653004485679,49.098603535624896],[1.69968800992033,49.098274720918312],[1.699629746264336,49.098020622351498],[1.699464522526428,49.097703040537255],[1.699214792718424,49.097444505468097],[1.699118955860935,49.097315947438688]]}},
{"type":"Feature","properties":{"GCIdentifi":132732,"GCCalculat":515.4928747860572,"Nom":"AX_1605","code":"EPTE110","source_doc":null,"date_visit":"2009-04-24"},"geometry":{"type":"LineString","coordinates":[[1.697350092348079,49.099356530687523],[1.697598476517173,49.098794220825631],[1.697670019828341,49.098418439471892],[1.697807487913489,49.098102550878131],[1.697863406687808,49.097744647702598],[1.697837399019259,49.097507569259129],[1.697697179232969,49.0972417819683],[1.697415899132956,49.096910080709193],[1.697030058815913,49.096465505919205],[1.696930619753107,49.096089894372163],[1.696660024875414,49.094666779713791],[1.696660024875414,49.094666779713791]]}},
{"type":"Feature","properties":{"GCIdentifi":132733,"GCCalculat":724.14905713027213,"Nom":"AX_1606","code":"EPTE110","source_doc":null,"date_visit":null},"geometry":{"type":"LineString","coordinates":[[1.702304533552307,49.095197869308599],[1.700196290580943,49.095585923176266],[1.698177097152593,49.095035709713351],[1.695980419330743,49.094330611459696],[1.694048402279857,49.093394525648193],[1.694048402279857,49.093394525648193]]}},
{"type":"Feature","properties":{"GCIdentifi":132736,"GCCalculat":2335.9565821930391,"Nom":"AX_1607","code":"EPTE110","source_doc":null,"date_visit":null},"geometry":{"type":"LineString","coordinates":[[1.702093922637013,49.093888521300784],[1.699826975422944,49.093326828686813],[1.698264692042282,49.093416951382096],[1.696321270332224,49.093361200767255],[1.694117737155526,49.093321918436608],[1.692245545923267,49.093050885954312],[1.690480859298084,49.092798395445634],[1.689614407570417,49.092109664475515],[1.687692068437374,49.090452615085184],[1.686838364745183,49.089711152015731],[1.685504173077804,49.089236443135192],[1.68244148545024,49.088759719948349],[1.680641157973882,49.088372145279223],[1.677791083545123,49.088499513640933],[1.675464287188643,49.089385569464305],[1.673823828761264,49.090212662973748],[1.673823828761264,49.090212662973748]]}},
{"type":"Feature","properties":{"GCIdentifi":132742,"GCCalculat":801.91525183965223,"Nom":"AX_1608","code":"EPTE110","source_doc":null,"date_visit":null},"geometry":{"type":"LineString","coordinates":[[1.693105007032375,49.084818055449666],[1.692696917090982,49.085697258430898],[1.690614894738793,49.086854477927389],[1.689056943689997,49.087673279302429],[1.687241043128258,49.088210970949703],[1.686154670918654,49.088655103303118],[1.684737987170585,49.089123156440884],[1.684737987170585,49.089123156440884]]}},
{"type":"Feature","properties":{"GCIdentifi":132744,"GCCalculat":445.35326151657739,"Nom":"AX_1609","code":"EPTE110","source_doc":null,"date_visit":"2011-01-14"},"geometry":{"type":"LineString","coordinates":[[1.679929706009287,49.083400968930057],[1.681292868866233,49.084459462831617],[1.681864711052324,49.085400545201189],[1.681976640882652,49.086206154370913]]}},
{"type":"Feature","properties":{"GCIdentifi":132745,"GCCalculat":2065.0626011087693,"Nom":"AX_1610","code":"EPTE110","source_doc":null,"date_visit":null},"geometry":{"type":"LineString","coordinates":[[1.686459144102981,49.097749022314247],[1.68521211227102,49.096743663052173],[1.682493584329683,49.095162843581171],[1.679368862281559,49.093284315786448],[1.676610790206791,49.091748025954821],[1.673741771589682,49.090211056326389],[1.672416534496184,49.089969817638043],[1.669634705375689,49.090098511624689],[1.667704105809603,49.091130451944288],[1.665949300831322,49.092305970829329],[1.664627474039892,49.094128490481843],[1.665124712270556,49.093471238601637]]}},
{"type":"Feature","properties":{"GCIdentifi":132747,"GCCalculat":247.31604466697985,"Nom":"AX_1611","code":"EPTE110","source_doc":null,"date_visit":null},"geometry":{"type":"LineString","coordinates":[[1.676665128529885,49.093825742946365],[1.676871866777688,49.092684930888325],[1.676489121128085,49.091639541068162],[1.676489121128085,49.091639541068162]]}},
{"type":"Feature","properties":{"GCIdentifi":132748,"GCCalculat":421.69496058651225,"Nom":"AX_1612","code":"EPTE110","source_doc":null,"date_visit":null},"geometry":{"type":"LineString","coordinates":[[1.66750542811924,49.086605069722836],[1.668437922102055,49.087563882272185],[1.669351663480919,49.088774080728406],[1.669662584347631,49.090061618096492],[1.669662584347631,49.090061618096492]]}},
{"type":"Feature","properties":{"GCIdentifi":132749,"GCCalculat":1096.4103809057613,"Nom":"AX_1613","code":"EPTE110","source_doc":null,"date_visit":null},"geometry":{"type":"LineString","coordinates":[[1.68441299144603,49.101325079455755],[1.681417035794151,49.101047481885317],[1.678044411971483,49.099265185715616],[1.675781966947992,49.09837067776914],[1.672617963529993,49.097381062475954],[1.671141818356247,49.097156914538864],[1.671141818356247,49.097156914538864]]}},
{"type":"Feature","properties":{"GCIdentifi":132750,"GCCalculat":1696.9087912390278,"Nom":"AX_1614","code":"EPTE110","source_doc":null,"date_visit":null},"geometry":{"type":"LineString","coordinates":[[1.67828568383216,49.105805270069943],[1.675863255733231,49.103676896195878],[1.674074314909888,49.102147262019422],[1.671730818038074,49.10129711799572],[1.671033144914325,49.100276835798901],[1.670685206137144,49.098556775003168],[1.670878644411587,49.097397925850196],[1.670816275338248,49.096948405122347],[1.669567751648803,49.096077632859597],[1.667662238947176,49.095238927850239],[1.664627474039892,49.094128490481843],[1.665360448839564,49.09437093767621]]}},
{"type":"Feature","properties":{"GCIdentifi":132752,"GCCalculat":295.6379856414361,"Nom":"AX_1615","code":"EPTE110","source_doc":null,"date_visit":null},"geometry":{"type":"LineString","coordinates":[[1.67022378625876,49.103356781420395],[1.670572587492112,49.101839500883273],[1.671447522363073,49.100873278085722],[1.671447522363073,49.100873278085722]]}},
{"type":"Feature","properties":{"GCIdentifi":132753,"GCCalculat":277.16171406071959,"Nom":"AX_1616","code":"EPTE110","source_doc":null,"date_visit":null},"geometry":{"type":"LineString","coordinates":[[1.668230937143749,49.101869674896911],[1.669864850190059,49.100549661037697],[1.670950295452058,49.100205617312419],[1.670950295452058,49.100205617312419]]}},
{"type":"Feature","properties":{"GCIdentifi":132754,"GCCalculat":886.97178220251953,"Nom":"AX_1617","code":"EPTE110","source_doc":null,"date_visit":"2010-12-17"},"geometry":{"type":"LineString","coordinates":[[1.650752050870356,49.088174615830177],[1.647482219273707,49.090827934191942],[1.646920709797018,49.091914552125317],[1.646927487886342,49.093390097061658],[1.646891218145464,49.094679208082368],[1.647309183897836,49.095581957870387],[1.649320368262655,49.097001931128666],[1.651011416994597,49.098003525050316]]}},
{"type":"Feature","properties":{"GCIdentifi":132755,"GCCalculat":938.38709563622672,"Nom":"AX_1618","code":"EPTE110","source_doc":null,"date_visit":null},"geometry":{"type":"LineString","coordinates":[[1.641700673347096,49.09312383550391],[1.643536518834745,49.094017576231316],[1.645128393823267,49.095735148610501],[1.645502837295157,49.09732855932446],[1.645818831103941,49.098211944426041],[1.647459572337579,49.099381809661779],[1.648397783172618,49.099918563173738],[1.648397783172618,49.099918563173738]]}},
{"type":"Feature","properties":{"GCIdentifi":132756,"GCCalculat":368.00349761414287,"Nom":"AX_1619","code":"EPTE111","source_doc":null,"date_visit":"2010-12-17"},"geometry":{"type":"LineString","coordinates":[[1.624589370236824,49.08466883925788],[1.62362467153747,49.085532377207031],[1.620535540960125,49.086897733164982],[1.618650180883085,49.087366694504013]]}},
{"type":"Feature","properties":{"GCIdentifi":132759,"GCCalculat":799.11801016490358,"Nom":"AX_1620","code":"EPTE111","source_doc":null,"date_visit":"2010-12-17"},"geometry":{"type":"LineString","coordinates":[[1.633711832384828,49.086024315759417],[1.632219260939404,49.087614277697888],[1.630057479679046,49.089125526874867],[1.627902731317875,49.09080137210691],[1.627100245035949,49.09131743167859],[1.627100245035949,49.09131743167859]]}},
{"type":"Feature","properties":{"GCIdentifi":132781,"GCCalculat":142.18930729481491,"Nom":"AX_1621","code":"EPTE17","source_doc":null,"date_visit":null},"geometry":{"type":"LineString","coordinates":[[1.751299451753487,49.095913443542223],[1.750286191836623,49.097005328260337],[1.750286191836623,49.097005328260337]]}},
{"type":"Feature","properties":{"GCIdentifi":132773,"GCCalculat":479.9393581801213,"Nom":"AX_1622","code":"EPTE19","source_doc":null,"date_visit":"2011-01-14"},"geometry":{"type":"LineString","coordinates":[[1.664032307100408,49.10644017832611],[1.663270455623049,49.10736057136161],[1.662761475879575,49.108014512512341],[1.662085408789357,49.108787755676843],[1.661164362492362,49.109517892033189],[1.658696567659385,49.110860992016555],[1.657810481138842,49.111612588080625],[1.657840073311928,49.112448208363077],[1.658156562899066,49.113092327013149],[1.658712508690539,49.113689342392995],[1.658889808537574,49.11427534412902],[1.658889808537574,49.11427534412902],[1.658571361092807,49.114773267821413],[1.657971199334404,49.115139664246605],[1.657002142429585,49.11552941978853],[1.655888475667507,49.116390951987306],[1.654482946197944,49.117564389387574]]}},
{"type":"Feature","properties":{"GCIdentifi":132762,"GCCalculat":458.67463847573538,"Nom":"AX_1623","code":"EPTE19","source_doc":null,"date_visit":"2011-01-14"},"geometry":{"type":"LineString","coordinates":[[1.667886917894306,49.117067394990599],[1.666357148244281,49.115708712656641],[1.665498436783203,49.114444923775118],[1.664962605159863,49.113225374388044]]}},
{"type":"Feature","properties":{"GCIdentifi":132777,"GCCalculat":764.87778985636396,"Nom":"AX_1624","code":null,"source_doc":null,"date_visit":null},"geometry":{"type":"LineString","coordinates":[[1.670415524415441,49.120606931175878],[1.669186446806527,49.121292630956106],[1.666645200510967,49.12184375275627],[1.664908948660409,49.122454564105126],[1.663117133054888,49.123370451087972],[1.661802234556602,49.124314952131705],[1.661802234556602,49.124314952131705]]}},
{"type":"Feature","properties":{"GCIdentifi":132779,"GCCalculat":439.39533771663127,"Nom":"AX_1625","code":"EPTE17","source_doc":null,"date_visit":"2009-04-24"},"geometry":{"type":"LineString","coordinates":[[1.752803664571464,49.094511876153298],[1.750640184668984,49.09541486797692],[1.748350743447997,49.095975808764592],[1.746896056027988,49.096507317512398],[1.746345323155646,49.096948035910941]]}},
{"type":"Feature","properties":{"GCIdentifi":132790,"GCCalculat":783.27987039325694,"Nom":"AX_1626","code":"EPTE17","source_doc":null,"date_visit":"2009-04-24"},"geometry":{"type":"LineString","coordinates":[[1.734728955208527,49.096978550512695],[1.734245526016483,49.097780011499644],[1.733150114905949,49.099123977973527],[1.73211360881831,49.100258251288956],[1.731194699517495,49.101843433729499],[1.730942191749449,49.102351900208888],[1.730392987303732,49.103349507615782]]}},
{"type":"Feature","properties":{"GCIdentifi":132798,"GCCalculat":235.68183438248619,"Nom":"AX_1627","code":"EPTE17","source_doc":null,"date_visit":"2009-04-24"},"geometry":{"type":"LineString","coordinates":[[1.714708425577905,49.099007386988056],[1.714929240887763,49.099261245242836],[1.715243138748097,49.099593072101101],[1.715588767276832,49.099850978159388],[1.716055207797856,49.100156672594025],[1.717029247033831,49.100897453780419],[1.71763295696732,49.101306093528919],[1.718093490375288,49.101537655574838],[1.718650469574725,49.101855068085946],[1.718988372767216,49.102048909788792],[1.719366952722416,49.102272156930013]]}},
{"type":"Feature","properties":{"GCIdentifi":132805,"GCCalculat":803.54880838101519,"Nom":"AX_1628","code":"EPTE17","source_doc":null,"date_visit":null},"geometry":{"type":"LineString","coordinates":[[1.702283134312116,49.101665687402992],[1.703753788629471,49.102207206534921],[1.70568848773338,49.102973592316836],[1.706911166323964,49.103788808192583],[1.708658649086613,49.105299735305422],[1.709902534352182,49.106611358490042],[1.709902534352182,49.106611358490042]]}},
{"type":"Feature","properties":{"GCIdentifi":132803,"GCCalculat":813.06186825306361,"Nom":"AX_1629","code":"EPTE17","source_doc":null,"date_visit":"2009-04-24"},"geometry":{"type":"LineString","coordinates":[[1.702263657140271,49.105183657304273],[1.704257520905187,49.10561238357112],[1.706669530106133,49.107185393118662],[1.708188047562913,49.107878698856453],[1.708804124048129,49.108256021867156],[1.70969191486192,49.109059262653176]]}},
{"type":"Feature","properties":{"GCIdentifi":132818,"GCCalculat":469.04006190216273,"Nom":"AX_1630","code":"EPTE17","source_doc":null,"date_visit":"2009-04-24"},"geometry":{"type":"LineString","coordinates":[[1.682300996686248,49.121483878281282],[1.682370746978113,49.122676793564388],[1.682396087758018,49.123347331869226],[1.682624060623111,49.124091999405046],[1.682705323518839,49.124415852766816],[1.683290257960724,49.125855394215442]]}},
{"type":"Feature","properties":{"GCIdentifi":132847,"GCCalculat":434.52093001457365,"Nom":"AX_1631","code":"EPTE12","source_doc":null,"date_visit":"2007-11-20"},"geometry":{"type":"LineString","coordinates":[[1.692191403501429,49.201673760180121],[1.693776369866465,49.203396211567309],[1.694235241834956,49.205268412407968]]}},
{"type":"Feature","properties":{"GCIdentifi":132825,"GCCalculat":478.95425822302184,"Nom":"AX_1632","code":"EPTE17","source_doc":null,"date_visit":"2007-11-20"},"geometry":{"type":"LineString","coordinates":[[1.716108171223617,49.127284133597804],[1.715117861649936,49.125894234812833],[1.714651280648789,49.124627296447443],[1.714539346994293,49.12400685743259],[1.715805618417533,49.12385650868066]]}},
{"type":"Feature","properties":{"GCIdentifi":132849,"GCCalculat":365.54618779096887,"Nom":"AX_1633","code":"EPTE12","source_doc":null,"date_visit":"2007-06-14"},"geometry":{"type":"LineString","coordinates":[[1.689829000831469,49.192468397048032],[1.691331779699667,49.193502063170087],[1.691293260555837,49.193694981095149],[1.691269148612973,49.193835203153142],[1.691593886329425,49.194029054576255],[1.693347584926966,49.194483557476687]]}},
{"type":"Feature","properties":{"GCIdentifi":132794,"GCCalculat":464.27414011891341,"Nom":"AX_1634","code":"EPTE17","source_doc":null,"date_visit":"2009-04-24"},"geometry":{"type":"LineString","coordinates":[[1.714640084788358,49.097235062400976],[1.715390697120439,49.097240260709412],[1.717938046454086,49.097149622749228],[1.719303062606312,49.096978441741285],[1.721748890907602,49.097209440489884]]}},
{"type":"Feature","properties":{"GCIdentifi":132786,"GCCalculat":681.42845696413519,"Nom":"AX_1635","code":"EPTE17","source_doc":null,"date_visit":"2009-04-24"},"geometry":{"type":"LineString","coordinates":[[1.739542105920456,49.097726881215053],[1.740034665072758,49.098287535013171],[1.740414463015916,49.098699360487657],[1.740994125356234,49.099129094874208],[1.742572205244775,49.099581950358036],[1.7433364555368,49.099882351449537],[1.743836111375923,49.100426192487063],[1.744172256779025,49.10105899266042]]}},
{"type":"Feature","properties":{"GCIdentifi":132804,"GCCalculat":385.75013572116325,"Nom":"AX_1636","code":"EPTE17","source_doc":null,"date_visit":"2009-04-24"},"geometry":{"type":"LineString","coordinates":[[1.705213629421658,49.104133184923072],[1.705718079124837,49.104407710651714],[1.706406315450131,49.104621471884336],[1.706882592206015,49.104823975693691],[1.707435442694285,49.10519308289701],[1.708439177858752,49.106287799837062],[1.708707322278981,49.107124723875529],[1.70969191486192,49.109059262653176]]}},
{"type":"Feature","properties":{"GCIdentifi":132793,"GCCalculat":121.5798989426864,"Nom":"AX_1637","code":"EPTE17","source_doc":null,"date_visit":"2009-04-24"},"geometry":{"type":"LineString","coordinates":[[1.722228216406828,49.094278985800251],[1.721827283319096,49.094893300846962],[1.72146024955756,49.095119288440102],[1.721108535255815,49.095489073021241],[1.720803208498898,49.095841140485305],[1.720796806107233,49.096354293757265],[1.721084112260738,49.096765684343225],[1.721748890907602,49.097209440489884]]}},
{"type":"Feature","properties":{"GCIdentifi":132791,"GCCalculat":654.02849784896989,"Nom":"AX_1638","code":"EPTE17","source_doc":null,"date_visit":"2009-04-24"},"geometry":{"type":"LineString","coordinates":[[1.728815760317116,49.098511545896557],[1.729041933016433,49.100284669136094],[1.729031887200705,49.101241344878055],[1.729143993994275,49.102138010267133]]}},
{"type":"Feature","properties":{"GCIdentifi":132826,"GCCalculat":397.70664296745053,"Nom":"AX_1639","code":"EPTE17","source_doc":null,"date_visit":"2007-11-20"},"geometry":{"type":"LineString","coordinates":[[1.72050162791528,49.123894208856399],[1.718814813203365,49.124017630644971],[1.716969346707255,49.12396836959703],[1.716307931166772,49.123912009850692],[1.716477478395983,49.124716923706089]]}},
{"type":"Feature","properties":{"GCIdentifi":132802,"GCCalculat":469.17679865870667,"Nom":"AX_1640","code":"EPTE17","source_doc":null,"date_visit":"2009-04-24"},"geometry":{"type":"LineString","coordinates":[[1.703466286708509,49.110104149114555],[1.705699072983373,49.109919955688675],[1.706997397062304,49.10977775230868],[1.708348925941519,49.109755982360149],[1.710898580410166,49.109940604037611]]}},
{"type":"Feature","properties":{"GCIdentifi":132829,"GCCalculat":480.68622510629342,"Nom":"AX_1641","code":"EPTE17","source_doc":null,"date_visit":"2009-04-24"},"geometry":{"type":"LineString","coordinates":[[1.714498093578269,49.124020102645822],[1.713296053491322,49.123554300119707],[1.712689355651341,49.123228741335637],[1.711703418504877,49.122860659161944],[1.709559366021164,49.122343641115584],[1.708801887499652,49.121904932598078],[1.707591281860298,49.120639512054005]]}},
{"type":"Feature","properties":{"GCIdentifi":132828,"GCCalculat":371.59299433911866,"Nom":"AX_1642","code":"EPTE17","source_doc":null,"date_visit":"2009-04-24"},"geometry":{"type":"LineString","coordinates":[[1.712434416091126,49.127026121732285],[1.713427938153684,49.126121991896582],[1.713702498533228,49.124971364566051],[1.713296053491322,49.123554300119707]]}},
{"type":"Feature","properties":{"GCIdentifi":132800,"GCCalculat":135.01608636992393,"Nom":"AX_1643","code":"EPTE17","source_doc":null,"date_visit":"2009-04-24"},"geometry":{"type":"LineString","coordinates":[[1.712334665351399,49.098616054572382],[1.712632967326714,49.098962424158671],[1.712893905855484,49.099152492447928],[1.713095487429238,49.09944104755656],[1.713188900649816,49.099629070212522],[1.71327014359141,49.100100014640567],[1.713325784914838,49.100436069465502],[1.713381785585561,49.100604816497729],[1.713495218650908,49.100831126444]]}},
{"type":"Feature","properties":{"GCIdentifi":132783,"GCCalculat":149.77971292855636,"Nom":"AX_1644","code":"EPTE17","source_doc":null,"date_visit":"2009-04-24"},"geometry":{"type":"LineString","coordinates":[[1.743642651206367,49.091745156108956],[1.74443492382137,49.092264657562382],[1.744801533953373,49.092632613147501]]}},
{"type":"Feature","properties":{"GCIdentifi":132778,"GCCalculat":4370.2250721814726,"Nom":"AX_1645","code":"EPTE17","source_doc":null,"date_visit":"2009-04-24"},"geometry":{"type":"LineString","coordinates":[[1.745181713012091,49.090724517901464],[1.745581923803871,49.091144312708153],[1.74552729887568,49.091566239955696],[1.74484463016214,49.092318438551608],[1.744801533953373,49.092632613147501],[1.745299303141827,49.093332521999663],[1.746009932959855,49.094245734656326],[1.745433276992612,49.094998474051302],[1.745452427118232,49.095540920346906],[1.745690560907911,49.095931810378005],[1.74617810091519,49.096345290774529],[1.746374116965526,49.096685418839478],[1.746345323155646,49.096948035910941],[1.745265243187427,49.098039541495247],[1.745144263315121,49.098433050112696],[1.744992003586152,49.098580481421259],[1.744846034881923,49.098918848745818],[1.744308453725437,49.099969354001139],[1.744412433712832,49.100424667267227],[1.744172256779025,49.10105899266042],[1.74316584902349,49.102127290334742],[1.742253895867309,49.103161236257755],[1.742248927331099,49.104428967133785],[1.742006079529681,49.105849315464262],[1.741213584444195,49.106326927511375],[1.738707247344412,49.106810203231319],[1.736349825423992,49.106717015390934],[1.735419961761324,49.106671721716118],[1.731262545455025,49.107338167947589],[1.729870950916535,49.1079820980842],[1.727404192239254,49.109125606080745],[1.722560345472216,49.109809423198278],[1.721409359776727,49.110347868265102],[1.7204805102774,49.11145005099759],[1.718661079933675,49.11277651214543],[1.716404417218236,49.11335722184085]]}},
{"type":"Feature","properties":{"GCIdentifi":132782,"GCCalculat":634.22515699306109,"Nom":"AX_1646","code":"EPTE17","source_doc":null,"date_visit":"2009-04-24"},"geometry":{"type":"LineString","coordinates":[[1.749454149478701,49.09233316618046],[1.748753997814109,49.092691150536112],[1.748409152507515,49.093077900800736],[1.747974961863168,49.093497881496951],[1.746009932959855,49.094245734656326]]}},
{"type":"Feature","properties":{"GCIdentifi":132784,"GCCalculat":486.07999356027909,"Nom":"AX_1647","code":"EPTE17","source_doc":null,"date_visit":"2009-04-24"},"geometry":{"type":"LineString","coordinates":[[1.741468620213044,49.094940879799431],[1.742023102176874,49.095187434470773],[1.743996725293288,49.096585557733775],[1.744958317492317,49.097823490311796],[1.745265243187427,49.098039541495247]]}},
{"type":"Feature","properties":{"GCIdentifi":132788,"GCCalculat":821.72549618863866,"Nom":"AX_1648","code":"EPTE17","source_doc":null,"date_visit":"2009-04-24"},"geometry":{"type":"LineString","coordinates":[[1.737557387079155,49.098665386463715],[1.736169398818802,49.100870223778387],[1.735891986107547,49.103435738577161],[1.736143777678959,49.105799645909826],[1.736349825423992,49.106717015390934]]}},
{"type":"Feature","properties":{"GCIdentifi":132789,"GCCalculat":1814.1722126100731,"Nom":"AX_1649","code":"EPTE17","source_doc":null,"date_visit":"2009-04-24"},"geometry":{"type":"LineString","coordinates":[[1.713800035325218,49.095096980298159],[1.714697819120468,49.095226512658883],[1.715525789537537,49.095333180161838],[1.715955632232603,49.095419719125758],[1.716826823721921,49.095626573649639],[1.717893157861374,49.095953473774607],[1.718620388201529,49.096186485303591],[1.719358231181355,49.096393698339],[1.722944165151188,49.097625700454635],[1.725176053367985,49.098707774439646],[1.72793033833705,49.100980582810699],[1.730392987303732,49.103349507615782],[1.732415494571911,49.10592377679091],[1.732327079773243,49.106439854666547],[1.731262545455025,49.107338167947589]]}},
{"type":"Feature","properties":{"GCIdentifi":132792,"GCCalculat":311.78637678132293,"Nom":"AX_1650","code":"EPTE17","source_doc":null,"date_visit":"2009-04-24"},"geometry":{"type":"LineString","coordinates":[[1.724180993185362,49.095930004335003],[1.724735575451543,49.097268105346906],[1.724943907182444,49.097982256843999],[1.725176053367985,49.098707774439646]]}},
{"type":"Feature","properties":{"GCIdentifi":132796,"GCCalculat":1377.5954972133975,"Nom":"AX_1651","code":"EPTE17","source_doc":null,"date_visit":"2009-04-24"},"geometry":{"type":"LineString","coordinates":[[1.717075652670478,49.098421709412044],[1.717240586282293,49.098905441156873],[1.717462441532039,49.099353567399902],[1.717822903138935,49.099791184280534],[1.718488556092279,49.100441583214909],[1.718912755519783,49.100981749546868],[1.719366952722416,49.102272156930013],[1.719643167238013,49.102886755365155],[1.720343092275318,49.103812418944621],[1.720912487352081,49.104232086486576],[1.721612789505615,49.104717572525644],[1.722012187482804,49.105470938104908],[1.722081097514562,49.106531338425945],[1.721916219578116,49.107826289274662],[1.721626050548215,49.109015003001481],[1.72202730284845,49.110033395126926]]}},
{"type":"Feature","properties":{"GCIdentifi":132799,"GCCalculat":955.82987758822742,"Nom":"AX_1652","code":"EPTE17","source_doc":null,"date_visit":"2009-04-24"},"geometry":{"type":"LineString","coordinates":[[1.71148636738951,49.099435648875946],[1.712820643225669,49.100080717000907],[1.713955285676327,49.10137263851253],[1.714952706045879,49.102564956528177],[1.715088596339126,49.103726777109088],[1.713953962073068,49.104600974985189],[1.711962118502853,49.105094313632556],[1.710520451616967,49.105490711109901],[1.710520451616967,49.105490711109901]]}},
{"type":"Feature","properties":{"GCIdentifi":132801,"GCCalculat":1727.3359827248992,"Nom":"AX_1653","code":"EPTE17","source_doc":null,"date_visit":"2009-04-24"},"geometry":{"type":"LineString","coordinates":[[1.708936425633796,49.099989895284281],[1.708342639054653,49.1006918369334],[1.708151593158793,49.101059082369382],[1.708068203297056,49.101834567449359],[1.707991402162258,49.102628035431067],[1.708309262698633,49.103321503665825],[1.708908069542311,49.103706565133727],[1.710060272579855,49.104421419116285],[1.710308052893109,49.104842740808522],[1.710520451616967,49.105490711109901],[1.710113899921531,49.106127421259757],[1.7095913786193,49.107410294445614],[1.709522851306967,49.108092640131055],[1.70969191486192,49.109059262653176],[1.710898580410166,49.109940604037611],[1.711607739038986,49.110399254953983],[1.712216405779464,49.110961782951399],[1.712553840690246,49.111738414184003],[1.712764365761348,49.112540203684205],[1.713451289841055,49.113683686009225],[1.713967119692617,49.114424235739747]]}},
{"type":"Feature","properties":{"GCIdentifi":132806,"GCCalculat":127.12831074082308,"Nom":"AX_1654","code":"EPTE17","source_doc":null,"date_visit":null},"geometry":{"type":"LineString","coordinates":[[1.703573306763702,49.10094180851101],[1.703736755563434,49.101801737831721],[1.703753788629471,49.102207206534921]]}},
{"type":"Feature","properties":{"GCIdentifi":132807,"GCCalculat":332.50834943627262,"Nom":"AX_1655","code":"EPTE17","source_doc":null,"date_visit":"2009-04-24"},"geometry":{"type":"LineString","coordinates":[[1.705595356277319,49.099549336986826],[1.705405365752338,49.10010075356243],[1.705649695562687,49.100920699192976],[1.705870179294843,49.101332889737982],[1.705996338896283,49.102169033829334],[1.70568848773338,49.102973592316836]]}},
{"type":"Feature","properties":{"GCIdentifi":132808,"GCCalculat":797.59753043817273,"Nom":"AX_1656","code":"EPTE17","source_doc":null,"date_visit":"2009-04-24"},"geometry":{"type":"LineString","coordinates":[[1.69550396861531,49.100616221939973],[1.694416563447487,49.100465281007857],[1.694028820860263,49.100430532232231],[1.693436128183734,49.100506949307949],[1.692122739822611,49.100901563463694],[1.691572640539131,49.101120820000581],[1.69080513917986,49.101616192122449],[1.69010076618205,49.102516139264978],[1.689945938388863,49.102979034217469],[1.689858699203705,49.103894836954638],[1.690048522607625,49.104943587681404],[1.690136723053562,49.106044536671476],[1.689777288188138,49.106849886240909]]}},
{"type":"Feature","properties":{"GCIdentifi":132809,"GCCalculat":897.33269932045368,"Nom":"AX_1657","code":"EPTE17","source_doc":null,"date_visit":"2009-04-24"},"geometry":{"type":"LineString","coordinates":[[1.694858323190427,49.102532782147414],[1.694572125068696,49.102972477192743],[1.694245318492698,49.103379393976716],[1.69385717262417,49.103769106599671],[1.693453642257012,49.104158749648889],[1.692846034114934,49.104586521769448],[1.691574085327848,49.105337344003757],[1.690763078719888,49.105885250965478],[1.689777288188138,49.106849886240909],[1.688431249725858,49.108156078669715],[1.687412813576603,49.108993617619909],[1.687151836995641,49.109199894294413]]}},
{"type":"Feature","properties":{"GCIdentifi":132812,"GCCalculat":1123.8045050100673,"Nom":"AX_1658","code":"EPTE17","source_doc":null,"date_visit":null},"geometry":{"type":"LineString","coordinates":[[1.684726967572704,49.106695508548334],[1.686017851163026,49.108027860126526],[1.686893181712462,49.108578569815691],[1.687201898045001,49.109165361743869],[1.687473041865404,49.110920876880932],[1.687966353005253,49.112171215448775],[1.68868548152313,49.113032057056792],[1.689033064096558,49.114180517475646],[1.688593141430241,49.114986518260963],[1.687476706388283,49.115722451637538]]}},
{"type":"Feature","properties":{"GCIdentifi":132813,"GCCalculat":752.38628558897619,"Nom":"AX_1659","code":"EPTE17","source_doc":null,"date_visit":"2009-04-24"},"geometry":{"type":"LineString","coordinates":[[1.68405180085662,49.111070998919317],[1.685680213019335,49.111198160789073],[1.687413769456443,49.111657166663093],[1.687665424886794,49.111902264101445],[1.687966353005253,49.112171215448775]]}},
{"type":"Feature","properties":{"GCIdentifi":132814,"GCCalculat":754.53488369265938,"Nom":"AX_1660","code":"EPTE17","source_doc":null,"date_visit":"2009-04-24"},"geometry":{"type":"LineString","coordinates":[[1.692754582880476,49.111873698438039],[1.691860432873024,49.111697151658596],[1.690887793948904,49.11181915998484],[1.689908521450885,49.112248408530903],[1.68937270400843,49.113065112709933],[1.689033064096558,49.114180517475646]]}},
{"type":"Feature","properties":{"GCIdentifi":132819,"GCCalculat":258.53957991856436,"Nom":"AX_1661","code":"EPTE17","source_doc":null,"date_visit":"2009-04-24"},"geometry":{"type":"LineString","coordinates":[[1.679993253224747,49.121597561076797],[1.681175506033009,49.122367915357167],[1.682396087758018,49.123347331869226]]}},
{"type":"Feature","properties":{"GCIdentifi":132820,"GCCalculat":358.25050758426607,"Nom":"AX_1662","code":"EPTE17","source_doc":null,"date_visit":"2009-04-24"},"geometry":{"type":"LineString","coordinates":[[1.675678365859711,49.119175357927006],[1.676562541644844,49.121630644507867],[1.676975777780543,49.122074334229332],[1.677523167969453,49.122339113282997]]}},
{"type":"Feature","properties":{"GCIdentifi":132821,"GCCalculat":431.36752846816375,"Nom":"AX_1663","code":"EPTE17","source_doc":null,"date_visit":null},"geometry":{"type":"LineString","coordinates":[[1.674904022699913,49.121298800694241],[1.675719515059131,49.121598850386853],[1.676812674234896,49.122117186673442],[1.677523167969453,49.122339113282997]]}},
{"type":"Feature","properties":{"GCIdentifi":132830,"GCCalculat":633.78806783639266,"Nom":"AX_1664","code":"EPTE17","source_doc":null,"date_visit":null},"geometry":{"type":"LineString","coordinates":[[1.687255392923961,49.132833200884619],[1.686331692062572,49.132414733943008],[1.684113321827962,49.132461647986084],[1.682192730712491,49.132765117835561],[1.68091075627882,49.132265963518435],[1.679117110627492,49.131901986705074]]}},
{"type":"Feature","properties":{"GCIdentifi":132832,"GCCalculat":1104.9900730115849,"Nom":"AX_1665","code":"EPTE15","source_doc":null,"date_visit":null},"geometry":{"type":"LineString","coordinates":[[1.693798772591449,49.165363599580886],[1.6917332602871,49.165917935135944],[1.688543707452335,49.166520944009015],[1.68633728483766,49.166454557912431],[1.684211821374206,49.166352671171374],[1.680022474705796,49.16589757201919],[1.679007352471385,49.165873796482025],[1.679007352471385,49.165873796482025]]}},
{"type":"Feature","properties":{"GCIdentifi":132838,"GCCalculat":948.26107167110683,"Nom":"AX_1666","code":"EPTE12","source_doc":null,"date_visit":"2011-01-18"},"geometry":{"type":"LineString","coordinates":[[1.69330019947686,49.184662730940289],[1.691939379800881,49.183383529247514],[1.690428310956505,49.182116703236581],[1.688637394985094,49.180903025114475],[1.687231472887902,49.179721632030642],[1.686417647166324,49.178855742498136],[1.685684196217918,49.178201471135502]]}},
{"type":"Feature","properties":{"GCIdentifi":132839,"GCCalculat":630.75068178268498,"Nom":"AX_1667","code":"EPTE12","source_doc":null,"date_visit":"2007-11-20"},"geometry":{"type":"LineString","coordinates":[[1.682353439873238,49.18654989006906],[1.680592188590757,49.185918855655302],[1.678719067479167,49.185457858467196],[1.676734398681417,49.185015270916459],[1.674199716006192,49.184838963803301],[1.674199716006192,49.184838963803301]]}},
{"type":"Feature","properties":{"GCIdentifi":132872,"GCCalculat":1184.0584908271705,"Nom":"AX_1668","code":"EPTE12","source_doc":null,"date_visit":null},"geometry":{"type":"LineString","coordinates":[[1.740794253194091,49.189251013962291],[1.743505168158549,49.189768107667994],[1.747702058717803,49.189951439178024],[1.752758349196867,49.190481442524991],[1.756616241622907,49.19138249844832],[1.756616241622907,49.19138249844832]]}},
{"type":"Feature","properties":{"GCIdentifi":132934,"GCCalculat":548.96024614966916,"Nom":"AX_1669","code":"EPTE11","source_doc":null,"date_visit":"2007-11-20"},"geometry":{"type":"LineString","coordinates":[[1.710432128191442,49.220510353928894],[1.714017453413709,49.22126424559282],[1.716216164054607,49.222277780988968],[1.716772541011249,49.222886019410318]]}},
{"type":"Feature","properties":{"GCIdentifi":132859,"GCCalculat":578.38207893350329,"Nom":"AX_1670","code":"EPTE12","source_doc":null,"date_visit":"2009-04-23"},"geometry":{"type":"LineString","coordinates":[[1.735738316269093,49.192230637086602],[1.735114921978543,49.192352015076622],[1.734169924182598,49.192431266738268],[1.733029251041703,49.192399458476658],[1.731519150789854,49.192314009157037],[1.730539411418823,49.192152766780197],[1.728637441750007,49.191614924928174],[1.72715548523608,49.191056854210473],[1.726218198825484,49.190652120864868]]}},
{"type":"Feature","properties":{"GCIdentifi":132863,"GCCalculat":827.16119723083295,"Nom":"AX_1671","code":"EPTE12","source_doc":null,"date_visit":null},"geometry":{"type":"LineString","coordinates":[[1.747717279688955,49.173737981221372],[1.7487841052422,49.175047145588408],[1.74927433374244,49.176597013899674],[1.749506536907288,49.177812040464929],[1.74957633313365,49.178855581971952],[1.749291082988882,49.180949445010938],[1.749291082988882,49.180949445010938]]}},
{"type":"Feature","properties":{"GCIdentifi":132874,"GCCalculat":743.72827359752068,"Nom":"AX_1672","code":"EPTE12","source_doc":null,"date_visit":null},"geometry":{"type":"LineString","coordinates":[[1.770162116195472,49.18996572468825],[1.768844790270115,49.191147230762475],[1.767878468531817,49.192787484841084],[1.76677163387329,49.194868335243441],[1.766399231374219,49.196107268665997],[1.766399231374219,49.196107268665997]]}},
{"type":"Feature","properties":{"GCIdentifi":132877,"GCCalculat":944.97441084490276,"Nom":"AX_1673","code":"EPTE12","source_doc":null,"date_visit":null},"geometry":{"type":"LineString","coordinates":[[1.77859887873564,49.185187602296082],[1.779535919983486,49.186099456678768],[1.78305608332194,49.187798597400082],[1.785543244119567,49.188593238988318],[1.788010497500916,49.188874559287726],[1.789627244459213,49.189072045875925],[1.789627244459213,49.189072045875925]]}},
{"type":"Feature","properties":{"GCIdentifi":132883,"GCCalculat":966.36621124731596,"Nom":"AX_1674","code":"EPTE12","source_doc":null,"date_visit":null},"geometry":{"type":"LineString","coordinates":[[1.776032208670481,49.189005279414815],[1.779560988293417,49.18994885707162],[1.782325318778539,49.191698254977197],[1.783946702002372,49.192866025939487],[1.78486915245726,49.193724974679107],[1.786055557943527,49.194422383839132],[1.786055557943527,49.194422383839132]]}},
{"type":"Feature","properties":{"GCIdentifi":132889,"GCCalculat":1021.3591263735835,"Nom":"AX_1675","code":"EPTE12","source_doc":null,"date_visit":null},"geometry":{"type":"LineString","coordinates":[[1.811139712658237,49.199523381523839],[1.8096402627838,49.201134613727596],[1.808501330114212,49.202361193373612],[1.807626709198804,49.203383479309018],[1.80673642142226,49.204422542547256],[1.805687871539683,49.205037540632162],[1.803715574043397,49.205811067134576],[1.802268939218014,49.20630739946327],[1.802268939218014,49.20630739946327]]}},
{"type":"Feature","properties":{"GCIdentifi":132893,"GCCalculat":369.77119910399819,"Nom":"AX_1676","code":"EPTE12","source_doc":null,"date_visit":null},"geometry":{"type":"LineString","coordinates":[[1.81719434684341,49.199290430718747],[1.819391950219261,49.200352498469094],[1.820778990425007,49.201590555072492],[1.820778990425007,49.201590555072492]]}},
{"type":"Feature","properties":{"GCIdentifi":132895,"GCCalculat":259.10762992068089,"Nom":"AX_1677","code":"EPTE12","source_doc":null,"date_visit":null},"geometry":{"type":"LineString","coordinates":[[1.819186917104493,49.208138833330494],[1.81921936213498,49.208966547240834],[1.818765140631971,49.210438860780499],[1.818765140631971,49.210438860780499]]}},
{"type":"Feature","properties":{"GCIdentifi":132903,"GCCalculat":369.04941126342197,"Nom":"AX_1678","code":"EPTE12","source_doc":null,"date_visit":null},"geometry":{"type":"LineString","coordinates":[[1.789609600335491,49.206742943447765],[1.79153683351792,49.206346754998179],[1.794570440274432,49.206172480157718],[1.794570440274432,49.206172480157718]]}},
{"type":"Feature","properties":{"GCIdentifi":132907,"GCCalculat":324.45605134170262,"Nom":"AX_1679","code":"EPTE12","source_doc":null,"date_visit":null},"geometry":{"type":"LineString","coordinates":[[1.783240693985548,49.206784271380428],[1.782572069164607,49.205278601117556],[1.782504972153964,49.203929679817882],[1.782504972153964,49.203929679817882]]}},
{"type":"Feature","properties":{"GCIdentifi":132908,"GCCalculat":279.83762995547045,"Nom":"AX_1680","code":"EPTE12","source_doc":null,"date_visit":null},"geometry":{"type":"LineString","coordinates":[[1.78832277141226,49.205333173570082],[1.786551677333983,49.205252835390276],[1.784594258378549,49.204821235790746],[1.784594258378549,49.204821235790746]]}},
{"type":"Feature","properties":{"GCIdentifi":132906,"GCCalculat":819.64027677883951,"Nom":"AX_1681","code":"EPTE12","source_doc":null,"date_visit":null},"geometry":{"type":"LineString","coordinates":[[1.787967750335691,49.20751663736786],[1.787472077138815,49.206472225821408],[1.786151189903173,49.205511427911865],[1.784198323115564,49.20467446903853],[1.782287236845693,49.20378489572218],[1.780746370093405,49.202895980284566],[1.780173759679646,49.202462000801788],[1.780173759679646,49.202462000801788]]}},
{"type":"Feature","properties":{"GCIdentifi":132937,"GCCalculat":526.83015158309502,"Nom":"AX_1682","code":"EPTE11","source_doc":null,"date_visit":"2007-11-20"},"geometry":{"type":"LineString","coordinates":[[1.732957146790639,49.221682062008526],[1.730663003908113,49.221854123187811],[1.729216122484084,49.221713981274263],[1.727498837605672,49.220704374491028],[1.726497186770832,49.220329614820791]]}},
{"type":"Feature","properties":{"GCIdentifi":132915,"GCCalculat":1232.099789707371,"Nom":"AX_1683","code":"EPTE12","source_doc":null,"date_visit":null},"geometry":{"type":"LineString","coordinates":[[1.756229560593308,49.224258975979481],[1.753855574101911,49.223060059758353],[1.752059071447845,49.221602382659498],[1.750161145514158,49.219597309380859],[1.749892465106636,49.217975600890433],[1.749295499708728,49.216282589985738],[1.748913927370374,49.214788303742864],[1.748913927370374,49.214788303742864]]}},
{"type":"Feature","properties":{"GCIdentifi":132916,"GCCalculat":1536.1774117972068,"Nom":"AX_1684","code":"EPTE12","source_doc":null,"date_visit":null},"geometry":{"type":"LineString","coordinates":[[1.76976514731233,49.222141464350734],[1.767161595949688,49.221652476691155],[1.763651847414378,49.221255462310921],[1.759858374577239,49.220499843146037],[1.754872470430135,49.219549422629946],[1.752711965660974,49.21872771316157],[1.749936466089828,49.217733267230969],[1.749936466089828,49.217733267230969]]}},
{"type":"Feature","properties":{"GCIdentifi":132929,"GCCalculat":1190.1315458805911,"Nom":"AX_1685","code":"EPTE12","source_doc":null,"date_visit":null},"geometry":{"type":"LineString","coordinates":[[1.809261453167079,49.21990087989056],[1.81279933628329,49.218963740474074],[1.815887671551657,49.217728018928817],[1.819261897465886,49.215369474833444],[1.820373009826056,49.21287378832109],[1.820373009826056,49.21287378832109]]}},
{"type":"Feature","properties":{"GCIdentifi":132922,"GCCalculat":556.24140960663613,"Nom":"AX_1686","code":"EPTE12","source_doc":null,"date_visit":null},"geometry":{"type":"LineString","coordinates":[[1.756329004660606,49.21697525246239],[1.754127997994577,49.216253309740601],[1.750770516514713,49.215778067568692],[1.749071308373465,49.215534691520965],[1.749071308373465,49.215534691520965]]}},
{"type":"Feature","properties":{"GCIdentifi":132926,"GCCalculat":447.15884619287351,"Nom":"AX_1687","code":"EPTE12","source_doc":null,"date_visit":null},"geometry":{"type":"LineString","coordinates":[[1.73383156020894,49.196570735362918],[1.732647268453605,49.197995088821131],[1.731188306910304,49.199452772553357],[1.730783426775056,49.200052525021562],[1.730783426775056,49.200052525021562]]}},
{"type":"Feature","properties":{"GCIdentifi":132917,"GCCalculat":430.65275648900342,"Nom":"AX_1688","code":"EPTE12","source_doc":null,"date_visit":null},"geometry":{"type":"LineString","coordinates":[[1.746070240750478,49.223092138778625],[1.74714504776695,49.221667089078849],[1.748447994842534,49.22051380078269],[1.749443591960898,49.219970941248818],[1.749443591960898,49.219970941248818]]}},
{"type":"Feature","properties":{"GCIdentifi":132925,"GCCalculat":610.49718786095332,"Nom":"AX_1689","code":"EPTE12","source_doc":null,"date_visit":null},"geometry":{"type":"LineString","coordinates":[[1.728442930511548,49.196138050512168],[1.729757827103326,49.197475660602272],[1.730534125871797,49.199143886670747],[1.73127602994627,49.201243141135791],[1.73127602994627,49.201243141135791]]}},
{"type":"Feature","properties":{"GCIdentifi":132869,"GCCalculat":537.14292184378269,"Nom":"AX_1690","code":"EPTE12","source_doc":null,"date_visit":null},"geometry":{"type":"LineString","coordinates":[[1.770657470045724,49.187405717474569],[1.768026045637104,49.187114214469965],[1.76582784370255,49.186248779109064],[1.764178168092876,49.18535907941056],[1.764178168092876,49.18535907941056]]}},
{"type":"Feature","properties":{"GCIdentifi":132873,"GCCalculat":415.08588568578568,"Nom":"AX_1691","code":"EPTE12","source_doc":null,"date_visit":null},"geometry":{"type":"LineString","coordinates":[[1.752957825436083,49.193315537004288],[1.753956155817996,49.19365298442343],[1.755621296630756,49.194399175614492],[1.757598073139667,49.195460208295316],[1.757598073139667,49.195460208295316]]}},
{"type":"Feature","properties":{"GCIdentifi":132923,"GCCalculat":558.54992811837008,"Nom":"AX_1692","code":"EPTE12","source_doc":null,"date_visit":null},"geometry":{"type":"LineString","coordinates":[[1.720214732288436,49.206723553929663],[1.721030686433129,49.205198529360601],[1.721986235748796,49.203468769208207],[1.722471455005324,49.201934108370644],[1.722471455005324,49.201934108370644]]}},
{"type":"Feature","properties":{"GCIdentifi":132899,"GCCalculat":372.5007219191242,"Nom":"AX_1693","code":"EPTE12","source_doc":null,"date_visit":null},"geometry":{"type":"LineString","coordinates":[[1.805305648000816,49.211088157384722],[1.806709840918729,49.212003075442304],[1.808434040048899,49.212487118427724],[1.809597943033207,49.212797900169448],[1.809597943033207,49.212797900169448]]}},
{"type":"Feature","properties":{"GCIdentifi":132900,"GCCalculat":452.59747523942207,"Nom":"AX_1694","code":"EPTE12","source_doc":null,"date_visit":null},"geometry":{"type":"LineString","coordinates":[[1.811907058917956,49.216469094033471],[1.810585615889745,49.215491761803221],[1.809934660134607,49.214652225754094],[1.809597472081138,49.212842815375893],[1.809597472081138,49.212842815375893]]}},
{"type":"Feature","properties":{"GCIdentifi":132871,"GCCalculat":643.88327710690169,"Nom":"AX_1695","code":"EPTE12","source_doc":null,"date_visit":null},"geometry":{"type":"LineString","coordinates":[[1.74065853774792,49.18573338182815],[1.742689239947613,49.185816907094392],[1.746266779130384,49.186050967349246],[1.749332788328925,49.186659583099043],[1.749332788328925,49.186659583099043]]}},
{"type":"Feature","properties":{"GCIdentifi":132918,"GCCalculat":510.7559378129647,"Nom":"AX_1696","code":"EPTE12","source_doc":null,"date_visit":null},"geometry":{"type":"LineString","coordinates":[[1.750273306821384,49.222995767080988],[1.749780329104058,49.221635665913716],[1.749401922472944,49.220014502891864],[1.749927373200687,49.218497921248535],[1.749927373200687,49.218497921248535]]}},
{"type":"Feature","properties":{"GCIdentifi":132920,"GCCalculat":778.8771026485631,"Nom":"AX_1697","code":"EPTE12","source_doc":null,"date_visit":null},"geometry":{"type":"LineString","coordinates":[[1.740088184006292,49.219319693255763],[1.743651311612843,49.217530289421745],[1.746671448158644,49.216403876249011],[1.749030501293216,49.215507545996395],[1.749030501293216,49.215507545996395]]}},
{"type":"Feature","properties":{"GCIdentifi":132914,"GCCalculat":364.65505929181711,"Nom":"AX_1698","code":"EPTE12","source_doc":null,"date_visit":null},"geometry":{"type":"LineString","coordinates":[[1.742737765151424,49.213676272889273],[1.744296094602248,49.213082443123263],[1.746071315840913,49.212696336740123],[1.747270507674765,49.212316230503475],[1.747270507674765,49.212316230503475]]}},
{"type":"Feature","properties":{"GCIdentifi":132905,"GCCalculat":441.73323601404525,"Nom":"AX_1699","code":"EPTE12","source_doc":null,"date_visit":null},"geometry":{"type":"LineString","coordinates":[[1.781415635048755,49.207989297790633],[1.781103202839855,49.206513422824983],[1.780250672079415,49.205367318877023],[1.779288885168895,49.204337427827411],[1.779288885168895,49.204337427827411]]}},
{"type":"Feature","properties":{"GCIdentifi":132876,"GCCalculat":294.86107297345001,"Nom":"AX_1700","code":"EPTE12","source_doc":null,"date_visit":null},"geometry":{"type":"LineString","coordinates":[[1.794211542292057,49.185189514477671],[1.794199110984517,49.186322454944694],[1.793498464095527,49.187722750302513],[1.793497234068684,49.187677834828555],[1.793497234068684,49.187677834828555]]}},
{"type":"Feature","properties":{"GCIdentifi":132890,"GCCalculat":384.6020995107782,"Nom":"AX_1701","code":"EPTE12","source_doc":null,"date_visit":null},"geometry":{"type":"LineString","coordinates":[[1.8100725600915,49.205587727145073],[1.808541516697099,49.20629150153259],[1.80749197903967,49.2069974687372],[1.807038522237504,49.208209222406111],[1.807038522237504,49.208209222406111]]}},
{"type":"Feature","properties":{"GCIdentifi":132894,"GCCalculat":529.66775629541451,"Nom":"AX_1702","code":"EPTE12","source_doc":null,"date_visit":null},"geometry":{"type":"LineString","coordinates":[[1.813690715443852,49.20215137117934],[1.815954141882356,49.20363715691898],[1.817379565299131,49.205135921520174],[1.817630763835058,49.206018527775662],[1.817630763835058,49.206018527775662]]}},
{"type":"Feature","properties":{"GCIdentifi":132882,"GCCalculat":406.28406455578732,"Nom":"AX_1703","code":"EPTE12","source_doc":null,"date_visit":null},"geometry":{"type":"LineString","coordinates":[[1.794618207290714,49.193087616176896],[1.792881878532271,49.192531431616928],[1.790757881065274,49.192331579466199],[1.789262567497228,49.192297507901074],[1.789262567497228,49.192297507901074]]}},
{"type":"Feature","properties":{"GCIdentifi":132884,"GCCalculat":384.10611865988739,"Nom":"AX_1704","code":"EPTE12","source_doc":null,"date_visit":null},"geometry":{"type":"LineString","coordinates":[[1.780751220475147,49.187859315281742],[1.780805567262682,49.189118351634605],[1.781011696971692,49.190288270850971],[1.781576694507413,49.19123536079811],[1.781576694507413,49.19123536079811]]}},
{"type":"Feature","properties":{"GCIdentifi":132844,"GCCalculat":527.64992588359121,"Nom":"AX_1705","code":"EPTE12","source_doc":null,"date_visit":"2007-11-20"},"geometry":{"type":"LineString","coordinates":[[1.684653680548889,49.200077109891353],[1.685752996305212,49.202085487640247],[1.686575928853691,49.203618435323094],[1.685322822313618,49.20416492035978]]}},
{"type":"Feature","properties":{"GCIdentifi":132842,"GCCalculat":351.98942316217898,"Nom":"AX_1706","code":"EPTE12","source_doc":null,"date_visit":"2007-11-20"},"geometry":{"type":"LineString","coordinates":[[1.704835342157979,49.206433296054847],[1.702421115688423,49.20652553391578],[1.700053130946501,49.206222716772494]]}},
{"type":"Feature","properties":{"GCIdentifi":132841,"GCCalculat":193.88456209520317,"Nom":"AX_1707","code":"EPTE12","source_doc":null,"date_visit":"2007-11-20"},"geometry":{"type":"LineString","coordinates":[[1.701459804464113,49.209444262989877],[1.70027334413022,49.207883594335527]]}},
{"type":"Feature","properties":{"GCIdentifi":132848,"GCCalculat":969.32646609882829,"Nom":"AX_1708","code":"EPTE12","source_doc":null,"date_visit":null},"geometry":{"type":"LineString","coordinates":[[1.692935236235238,49.193256162130552],[1.693215671084368,49.194218944234969],[1.694449913569588,49.196411027781984],[1.695310885336209,49.196876215467718],[1.696496860095212,49.197384772682206],[1.698586290688785,49.198258801631155],[1.701466408550164,49.19921464262125]]}},
{"type":"Feature","properties":{"GCIdentifi":132861,"GCCalculat":684.31045646448672,"Nom":"AX_1709","code":"EPTE12","source_doc":null,"date_visit":null},"geometry":{"type":"LineString","coordinates":[[1.723549089348463,49.194780270403378],[1.724285307649097,49.196205772169122],[1.724737603099169,49.198420300906143],[1.724611465230482,49.19975025641525],[1.724159873572139,49.200791025881919],[1.724159873572139,49.200791025881919]]}},
{"type":"Feature","properties":{"GCIdentifi":132865,"GCCalculat":758.83199571826003,"Nom":"AX_1710","code":"EPTE12","source_doc":null,"date_visit":null},"geometry":{"type":"LineString","coordinates":[[1.757435252850219,49.175459463114628],[1.757389164715492,49.177051496651785],[1.756411633247434,49.179637075177332],[1.755242743337787,49.181006714349088],[1.754465252988481,49.181865164847451],[1.754465252988481,49.181865164847451]]}},
{"type":"Feature","properties":{"GCIdentifi":132867,"GCCalculat":1040.814683051645,"Nom":"AX_1711","code":"EPTE12","source_doc":null,"date_visit":null},"geometry":{"type":"LineString","coordinates":[[1.772917138823212,49.181849514588073],[1.771412364324884,49.182669683493536],[1.768034405610507,49.184155445364361],[1.764109254005011,49.185394671001767],[1.760213139043733,49.185447019909766],[1.760213139043733,49.185447019909766]]}},
{"type":"Feature","properties":{"GCIdentifi":132833,"GCCalculat":883.60285306814444,"Nom":"AX_1712","code":"EPTE12","source_doc":null,"date_visit":"2011-01-18"},"geometry":{"type":"LineString","coordinates":[[1.695637452035383,49.172633153281403],[1.694363154319682,49.173561398403791],[1.693489625775507,49.174357133355961],[1.692709766222572,49.175189332829866],[1.691144985097681,49.176659313636236]]}},
{"type":"Feature","properties":{"GCIdentifi":132835,"GCCalculat":1543.5638127851387,"Nom":"AX_1713","code":"EPTE12","source_doc":null,"date_visit":"2011-01-18"},"geometry":{"type":"LineString","coordinates":[[1.704515529094127,49.178686866515314],[1.702598904381291,49.178416904742235],[1.700059395602331,49.178501655786206],[1.698323735504784,49.178366835433117],[1.69623515571844,49.177908713377107],[1.693868433120973,49.177433493218324],[1.691144985097681,49.176659313636236],[1.689566040209348,49.176389251153537],[1.687987894497646,49.176934041428623]]}},
{"type":"Feature","properties":{"GCIdentifi":132840,"GCCalculat":437.41928606965791,"Nom":"AX_1714","code":"EPTE12","source_doc":null,"date_visit":"2007-11-20"},"geometry":{"type":"LineString","coordinates":[[1.680093712135554,49.188362822938863],[1.678723094832887,49.187211857308611],[1.677155853308078,49.18539499617463],[1.6769121859692,49.185043245814406],[1.6769121859692,49.185043245814406]]}},
{"type":"Feature","properties":{"GCIdentifi":132843,"GCCalculat":325.50136028629231,"Nom":"AX_1715","code":"EPTE12","source_doc":null,"date_visit":"2007-11-20"},"geometry":{"type":"LineString","coordinates":[[1.687443473243405,49.204887736404771],[1.688062505600349,49.20681477214562],[1.687849530960288,49.207762425324134]]}},
{"type":"Feature","properties":{"GCIdentifi":132850,"GCCalculat":634.43136431419521,"Nom":"AX_1716","code":"EPTE12","source_doc":null,"date_visit":null},"geometry":{"type":"LineString","coordinates":[[1.686287263431145,49.195223081396925],[1.687604908095009,49.195221554282369],[1.690144857819686,49.19556152646949],[1.690711839885821,49.195705089194263],[1.691207959585623,49.195894266722135],[1.692013154763756,49.195642778303245],[1.692081426085574,49.195794739072966],[1.694017565287155,49.196190752165407],[1.694381975303993,49.196365729577046]]}},
{"type":"Feature","properties":{"GCIdentifi":132851,"GCCalculat":1164.0868309975094,"Nom":"AX_1717","code":"EPTE12","source_doc":null,"date_visit":"2007-06-14"},"geometry":{"type":"LineString","coordinates":[[1.692457342388606,49.18615787400887],[1.69402482199668,49.188000346025127],[1.695925779840954,49.189503320880107],[1.697392440314871,49.190681557095267],[1.698815634924913,49.192180679936108],[1.699671911744978,49.193536274355999],[1.700132110484565,49.194255249367359],[1.701312543975005,49.194660424234371]]}},
{"type":"Feature","properties":{"GCIdentifi":132852,"GCCalculat":626.44779354903676,"Nom":"AX_1718","code":"EPTE12","source_doc":null,"date_visit":null},"geometry":{"type":"LineString","coordinates":[[1.702658271508799,49.1866009269648],[1.700795547338358,49.187444043321769],[1.69882252254724,49.189258927495267],[1.69763481922886,49.191015274163931],[1.69763481922886,49.191015274163931]]}},
{"type":"Feature","properties":{"GCIdentifi":132853,"GCCalculat":857.20887420944223,"Nom":"AX_1719","code":"EPTE12","source_doc":null,"date_visit":"2007-06-14"},"geometry":{"type":"LineString","coordinates":[[1.703524999697331,49.188745975641957],[1.702446280617404,49.190033606700581],[1.701565177819683,49.191539028552477],[1.701279473866448,49.192438016877425],[1.701731472449461,49.194326993016347],[1.702107548940853,49.194661447722204],[1.703947636968643,49.195335237239455]]}},
{"type":"Feature","properties":{"GCIdentifi":132854,"GCCalculat":1114.9552852862851,"Nom":"AX_1720","code":"EPTE12","source_doc":null,"date_visit":"2007-06-14"},"geometry":{"type":"LineString","coordinates":[[1.709366492902068,49.183793495159712],[1.709106939667143,49.185479803770988],[1.708374545264906,49.189590111916843],[1.708879088814998,49.191544465495774],[1.709536790861424,49.192368906034801],[1.710649831741756,49.193093626882735],[1.710968406741647,49.193235739231902]]}},
{"type":"Feature","properties":{"GCIdentifi":132855,"GCCalculat":1839.9037033274562,"Nom":"AX_1721","code":"EPTE12","source_doc":null,"date_visit":null},"geometry":{"type":"LineString","coordinates":[[1.722334542079293,49.176999381331299],[1.721722388102692,49.178017932476401],[1.721238381802364,49.178923772631066],[1.72075391815217,49.179451183863009],[1.719298003256175,49.180409054071596],[1.717685512470404,49.181008982615282],[1.717330034821153,49.181217030879644],[1.715920449649206,49.18270399672295],[1.715404917839898,49.183787058667527],[1.714883741005196,49.185181112153757],[1.714416872978757,49.187022397647574],[1.714654625972588,49.188410462650317],[1.714981943080866,49.189082620572727],[1.715499345280419,49.190307131281983],[1.71584955321823,49.190795238975305],[1.716461681951687,49.191574476557193]]}},
{"type":"Feature","properties":{"GCIdentifi":132858,"GCCalculat":2491.9140118145519,"Nom":"AX_1722","code":"EPTE12","source_doc":null,"date_visit":"2011-11-25"},"geometry":{"type":"LineString","coordinates":[[1.73181784109871,49.186585000263584],[1.731683891075239,49.186840747963338],[1.731365683498492,49.187363464874224],[1.730937659753347,49.188180926074409],[1.730549707063793,49.188943572594958],[1.730012547965803,49.189576299565779],[1.728932239472175,49.190074760390871],[1.727507669369687,49.190424281619961],[1.726218198825484,49.190652120864868],[1.724716577021199,49.190856345813764],[1.722723855415312,49.190872656427565],[1.720944194505233,49.190703660298141],[1.718925465600854,49.19060747158376],[1.717167775669277,49.191010100752251],[1.711969458616217,49.194823350296474],[1.709609674855895,49.197287609489322]]}},
{"type":"Feature","properties":{"GCIdentifi":132862,"GCCalculat":2504.4744731509286,"Nom":"AX_1723","code":"EPTE12","source_doc":null,"date_visit":"2009-04-23"},"geometry":{"type":"LineString","coordinates":[[1.734973307005544,49.178245408116481],[1.737271676603555,49.178970495287501],[1.739006836993234,49.179249044892472],[1.741338252287635,49.17951268975466],[1.743058377538423,49.17976413846538],[1.745594168174077,49.18027354971715],[1.74733057895248,49.180596913014554],[1.749413972261588,49.180986012948587],[1.752963779509333,49.181219725517444],[1.756880811596529,49.182858796319273],[1.7593873051667,49.184435640399897],[1.760242032371895,49.18532140033011],[1.760293004027236,49.186824106843943],[1.75983417479633,49.18841293492337],[1.759834491245671,49.188385990734943],[1.759834491245671,49.188385990734943]]}},
{"type":"Feature","properties":{"GCIdentifi":132864,"GCCalculat":718.90826885060119,"Nom":"AX_1724","code":"EPTE12","source_doc":null,"date_visit":"2009-04-23"},"geometry":{"type":"LineString","coordinates":[[1.737043013826706,49.182707427279155],[1.740813811710178,49.182378964106007],[1.742019747485098,49.182235885612947],[1.744389996239847,49.18198763462501],[1.745701307866461,49.181768695117697],[1.746512562434236,49.181395575003478],[1.747065877198517,49.180818993739209],[1.74733057895248,49.180596913014554]]}},
{"type":"Feature","properties":{"GCIdentifi":132866,"GCCalculat":597.64023854643142,"Nom":"AX_1725","code":"EPTE12","source_doc":null,"date_visit":null},"geometry":{"type":"LineString","coordinates":[[1.765448109482858,49.181165783835503],[1.76362305758083,49.182415443627114],[1.761018988402677,49.18332881104952],[1.758544309069352,49.183864328717426],[1.758544309069352,49.183864328717426]]}},
{"type":"Feature","properties":{"GCIdentifi":132868,"GCCalculat":286.01212974558905,"Nom":"AX_1726","code":"EPTE12","source_doc":null,"date_visit":null},"geometry":{"type":"LineString","coordinates":[[1.770715707218495,49.181129009862929],[1.770442051594761,49.182287623546848],[1.769494112461039,49.183541689989077],[1.769494112461039,49.183541689989077]]}},
{"type":"Feature","properties":{"GCIdentifi":132870,"GCCalculat":1242.4990215578046,"Nom":"AX_1727","code":"EPTE12","source_doc":null,"date_visit":null},"geometry":{"type":"LineString","coordinates":[[1.744377047172357,49.183495607785154],[1.746771821598176,49.185072154771092],[1.74986380529437,49.186950908386429],[1.754972169981443,49.190015477179394],[1.756226377418047,49.19073262659208],[1.756508059328461,49.191256184817362],[1.756508059328461,49.191256184817362]]}},
{"type":"Feature","properties":{"GCIdentifi":132875,"GCCalculat":1289.9734457654311,"Nom":"AX_1728","code":"EPTE12","source_doc":null,"date_visit":null},"geometry":{"type":"LineString","coordinates":[[1.807018460534917,49.188362003237472],[1.804674210712824,49.188107487396813],[1.802401800874583,49.187863377585828],[1.799508787464365,49.187661217266076],[1.794513858992093,49.187610767689947],[1.793430749554174,49.187650563291832],[1.791391405784877,49.188333724695717],[1.790229085461504,49.189181573706826],[1.790229085461504,49.189181573706826]]}},
{"type":"Feature","properties":{"GCIdentifi":132879,"GCCalculat":656.06742615963879,"Nom":"AX_1729","code":"EPTE12","source_doc":null,"date_visit":null},"geometry":{"type":"LineString","coordinates":[[1.783529462983043,49.184689342598617],[1.783957203162602,49.185806426740072],[1.784948833531598,49.186593870321055],[1.786968131389722,49.18755688459504],[1.789520504205782,49.188809907556724],[1.789520504205782,49.188809907556724]]}},
{"type":"Feature","properties":{"GCIdentifi":132880,"GCCalculat":237.61222975351706,"Nom":"AX_1730","code":"EPTE12","source_doc":null,"date_visit":null},"geometry":{"type":"LineString","coordinates":[[1.785766264196606,49.184728186484818],[1.785794423678066,49.185888260224587],[1.785453192014793,49.186838839509342],[1.785453192014793,49.186838839509342]]}},
{"type":"Feature","properties":{"GCIdentifi":132881,"GCCalculat":1353.1959936606529,"Nom":"AX_1731","code":"EPTE12","source_doc":null,"date_visit":null},"geometry":{"type":"LineString","coordinates":[[1.790683399642419,49.185434407732863],[1.789976169157221,49.187265847697169],[1.789807737972854,49.189019002676247],[1.790279438842405,49.189739906471686],[1.790520149881852,49.190281169401885],[1.790261308207862,49.191376995453346],[1.789012949479547,49.192557943026181],[1.787593175085857,49.193127203704854],[1.786459638562761,49.19383143261328],[1.785625057230582,49.194924502165662],[1.785170648796017,49.196182209557676],[1.785170648796017,49.196182209557676]]}},
{"type":"Feature","properties":{"GCIdentifi":132885,"GCCalculat":1638.2150538833348,"Nom":"AX_1732","code":"EPTE12","source_doc":null,"date_visit":null},"geometry":{"type":"LineString","coordinates":[[1.812182483685434,49.193143398208008],[1.807915792195744,49.193032875196103],[1.804218460564296,49.193510978756962],[1.800771905582373,49.193926143688621],[1.798812406474645,49.194816412239142],[1.796075635486855,49.196584450142161],[1.793550487462146,49.199188866404548],[1.793550487462146,49.199188866404548]]}},
{"type":"Feature","properties":{"GCIdentifi":132886,"GCCalculat":336.99824932334445,"Nom":"AX_1733","code":"EPTE12","source_doc":null,"date_visit":null},"geometry":{"type":"LineString","coordinates":[[1.811436862602056,49.194785027783112],[1.809673674791221,49.194155984751781],[1.807585888314155,49.193122311095394],[1.807585888314155,49.193122311095394]]}},
{"type":"Feature","properties":{"GCIdentifi":132887,"GCCalculat":2696.8200816091703,"Nom":"AX_1734","code":"EPTE12","source_doc":null,"date_visit":null},"geometry":{"type":"LineString","coordinates":[[1.82448685341968,49.213179680486661],[1.821592568996936,49.212952253359447],[1.818849528055207,49.212848958969872],[1.814876399056149,49.212049455965158],[1.810342756242661,49.209978374754371],[1.808543993776171,49.20862151853099],[1.807065743468167,49.208227303464369],[1.804242430869398,49.207808896405858],[1.802727363327695,49.207020320274395],[1.80152700572901,49.205188912035339],[1.798161168282427,49.20299700050267],[1.796933750873974,49.202253491132744],[1.794337014641435,49.201216033850407],[1.794337014641435,49.201216033850407]]}},
{"type":"Feature","properties":{"GCIdentifi":132888,"GCCalculat":1227.3991543083534,"Nom":"AX_1735","code":"EPTE12","source_doc":null,"date_visit":null},"geometry":{"type":"LineString","coordinates":[[1.811566890976787,49.198022921535959],[1.809315195027128,49.198202365006232],[1.806677755310881,49.198395704423532],[1.804905207244757,49.19863118671222],[1.802981618282536,49.198882765499683],[1.801163606335295,49.199513232686243],[1.798763103641233,49.200599057222952],[1.797780831848701,49.201420900986456],[1.797083471227947,49.202352999875792],[1.797083471227947,49.202352999875792]]}},
{"type":"Feature","properties":{"GCIdentifi":132891,"GCCalculat":1864.5999251083661,"Nom":"AX_1736","code":"EPTE12","source_doc":null,"date_visit":null},"geometry":{"type":"LineString","coordinates":[[1.824779694988935,49.196850786200777],[1.824392340951427,49.198513171740508],[1.823256816270535,49.200935805199776],[1.821465717672971,49.20278054816194],[1.819126009948655,49.204793480853041],[1.817074460599235,49.206608897682301],[1.812316167899176,49.2089442336015],[1.81009798546067,49.209788590813581],[1.81009798546067,49.209788590813581]]}},
{"type":"Feature","properties":{"GCIdentifi":132892,"GCCalculat":754.44227324539304,"Nom":"AX_1737","code":"EPTE12","source_doc":null,"date_visit":null},"geometry":{"type":"LineString","coordinates":[[1.819895859310611,49.196739066403552],[1.820752178784707,49.197597433354353],[1.820906523570742,49.199882079983446],[1.820814669806347,49.202111740111135],[1.82073312999531,49.20335218243531],[1.82073312999531,49.20335218243531]]}},
{"type":"Feature","properties":{"GCIdentifi":132896,"GCCalculat":589.77761670881978,"Nom":"AX_1738","code":"EPTE12","source_doc":null,"date_visit":null},"geometry":{"type":"LineString","coordinates":[[1.821317722962095,49.209073673993664],[1.819783716488833,49.210227846173424],[1.818693371306548,49.210582267779493],[1.816726018157786,49.211212309710469],[1.814617480890902,49.211895570337823],[1.814617480890902,49.211895570337823]]}},
{"type":"Feature","properties":{"GCIdentifi":132897,"GCCalculat":1520.9972295423413,"Nom":"AX_1739","code":"EPTE12","source_doc":null,"date_visit":null},"geometry":{"type":"LineString","coordinates":[[1.795105327889827,49.21755103006975],[1.796164480360722,49.216162536203541],[1.798558691132934,49.215570774358895],[1.801615473680426,49.214730538654152],[1.807487210858104,49.213832479312373],[1.810135473242325,49.212539866028123],[1.811670790808055,49.211449828667064],[1.812254377143559,49.210886539090268],[1.812254377143559,49.210886539090268]]}},
{"type":"Feature","properties":{"GCIdentifi":132898,"GCCalculat":1385.8811937564346,"Nom":"AX_1740","code":"EPTE12","source_doc":null,"date_visit":null},"geometry":{"type":"LineString","coordinates":[[1.789771583689918,49.215628051389487],[1.791801217160736,49.214685495376159],[1.79456856697368,49.213986690839953],[1.799058795160688,49.213721465346893],[1.802356979318521,49.213529136966883],[1.804311428731735,49.213008209419485],[1.806765150310429,49.213235143792872],[1.807889196660436,49.213428958732997],[1.807889196660436,49.213428958732997]]}},
{"type":"Feature","properties":{"GCIdentifi":132901,"GCCalculat":1133.6159207194432,"Nom":"AX_1741","code":"EPTE12","source_doc":null,"date_visit":null},"geometry":{"type":"LineString","coordinates":[[1.791787399084284,49.212211700764257],[1.793314305393454,49.211768663078168],[1.795896572755957,49.210423268922419],[1.798261115144338,49.208915118762029],[1.799332516063177,49.20763442458761],[1.799860237936963,49.205757168054475],[1.800163292780433,49.204363952467546],[1.800163292780433,49.204363952467546]]}},
{"type":"Feature","properties":{"GCIdentifi":132902,"GCCalculat":1111.6257680370013,"Nom":"AX_1742","code":"EPTE12","source_doc":null,"date_visit":null},"geometry":{"type":"LineString","coordinates":[[1.78993275793609,49.211141733433443],[1.791274654525,49.210221731561752],[1.793469364437438,49.207804440091884],[1.795490006157264,49.204989920433441],[1.797110388356912,49.202398045171272],[1.797110388356912,49.202398045171272]]}},
{"type":"Feature","properties":{"GCIdentifi":132904,"GCCalculat":1749.7498569456329,"Nom":"AX_1743","code":"EPTE12","source_doc":null,"date_visit":null},"geometry":{"type":"LineString","coordinates":[[1.779783380382482,49.21154209846631],[1.777802958968834,49.210704880224704],[1.777197220425193,49.209559958413266],[1.777106786768623,49.208013281703742],[1.777695229811936,49.206901115459601],[1.778769472848829,49.205261315866494],[1.779613534391933,49.203511448852204],[1.780315711960675,49.202183088695314],[1.780478367703701,49.201131716986708],[1.780201352237192,49.200015346054499],[1.77879923506198,49.198992323888469],[1.777401348190001,49.19760097777877],[1.777401348190001,49.19760097777877]]}},
{"type":"Feature","properties":{"GCIdentifi":132909,"GCCalculat":990.1230403943307,"Nom":"AX_1744","code":"EPTE12","source_doc":null,"date_visit":null},"geometry":{"type":"LineString","coordinates":[[1.775044407949797,49.20580906413695],[1.775830342819164,49.20421165528218],[1.775448429336182,49.202834253436777],[1.774166359209984,49.200903331578218],[1.773560894094704,49.199902107592841],[1.773246787063719,49.198596890297779],[1.772795427081805,49.197308938431362],[1.772795427081805,49.197308938431362]]}},
{"type":"Feature","properties":{"GCIdentifi":132910,"GCCalculat":643.07263545587818,"Nom":"AX_1745","code":"EPTE12","source_doc":null,"date_visit":null},"geometry":{"type":"LineString","coordinates":[[1.770957397119899,49.203243381889727],[1.769885272567382,49.202141020506332],[1.76938839455751,49.201240265934764],[1.769002090889228,49.200114316798761],[1.769088113263479,49.198594361409683],[1.769455511736583,49.197786571443721],[1.769455511736583,49.197786571443721]]}},
{"type":"Feature","properties":{"GCIdentifi":132911,"GCCalculat":1233.7804895870875,"Nom":"AX_1746","code":"EPTE12","source_doc":null,"date_visit":null},"geometry":{"type":"LineString","coordinates":[[1.778653380674147,49.213101931216087],[1.776226578191017,49.212928401128693],[1.772992088235343,49.2112933392266],[1.771475766450752,49.210648072641995],[1.770105996251057,49.210379684875157],[1.767828307409235,49.210368430881793],[1.766883068343652,49.210148142410134],[1.765077074531431,49.209663047635814],[1.764114646608213,49.208561181792547],[1.764114646608213,49.208561181792547]]}},
{"type":"Feature","properties":{"GCIdentifi":132912,"GCCalculat":488.89537775629032,"Nom":"AX_1747","code":"EPTE12","source_doc":null,"date_visit":null},"geometry":{"type":"LineString","coordinates":[[1.770238405428928,49.20840180702411],[1.769009301127551,49.207829775771998],[1.767354698851528,49.207299451111254],[1.765474029291707,49.207352992748177],[1.764017115648886,49.207516391903241],[1.764017115648886,49.207516391903241]]}},
{"type":"Feature","properties":{"GCIdentifi":132913,"GCCalculat":1585.4079578642156,"Nom":"AX_1748","code":"EPTE12","source_doc":null,"date_visit":null},"geometry":{"type":"LineString","coordinates":[[1.770548867888481,49.218385884636326],[1.76742656667091,49.216517652517716],[1.76497566268559,49.216047327915888],[1.761896945428912,49.215177426876174],[1.759611268715222,49.213340131778594],[1.756974147858301,49.212400448285159],[1.755213216691772,49.211439331912118],[1.753487450480824,49.210116787528484],[1.753540382737521,49.210135011887864],[1.753540382737521,49.210135011887864]]}},
{"type":"Feature","properties":{"GCIdentifi":132919,"GCCalculat":339.46672518784681,"Nom":"AX_1749","code":"EPTE12","source_doc":null,"date_visit":null},"geometry":{"type":"LineString","coordinates":[[1.743514100040187,49.222097548398807],[1.74532933796043,49.221973280328228],[1.74779689832586,49.221058451027474],[1.74779689832586,49.221058451027474]]}},
{"type":"Feature","properties":{"GCIdentifi":132921,"GCCalculat":266.94001375960727,"Nom":"AX_1750","code":"EPTE12","source_doc":null,"date_visit":null},"geometry":{"type":"LineString","coordinates":[[1.742923194967674,49.21535934023111],[1.744576396527673,49.216006813602668],[1.746093591580907,49.216562603497458],[1.746093591580907,49.216562603497458]]}},
{"type":"Feature","properties":{"GCIdentifi":132924,"GCCalculat":323.3705792852262,"Nom":"AX_1751","code":"EPTE12","source_doc":null,"date_visit":null},"geometry":{"type":"LineString","coordinates":[[1.725761018927981,49.205583140779574],[1.726832988570168,49.204403050374751],[1.72749553190742,49.202931072517664],[1.72749553190742,49.202931072517664]]}},
{"type":"Feature","properties":{"GCIdentifi":132927,"GCCalculat":344.2218060458826,"Nom":"AX_1752","code":"EPTE12","source_doc":null,"date_visit":null},"geometry":{"type":"LineString","coordinates":[[1.740450787363057,49.196128100392819],[1.741780025872081,49.197439794710178],[1.742887993326142,49.198776164637962],[1.742887993326142,49.198776164637962]]}},
{"type":"Feature","properties":{"GCIdentifi":132928,"GCCalculat":248.14653100625,"Nom":"AX_1753","code":"EPTE12","source_doc":null,"date_visit":null},"geometry":{"type":"LineString","coordinates":[[1.749242540260734,49.197702818384457],[1.748064885870721,49.198605219933597],[1.747983906729854,49.199647974027037],[1.747983906729854,49.199647974027037]]}},
{"type":"Feature","properties":{"GCIdentifi":132930,"GCCalculat":645.30296229317332,"Nom":"AX_1754","code":"EPTE12","source_doc":null,"date_visit":null},"geometry":{"type":"LineString","coordinates":[[1.815193379619336,49.223732319461767],[1.814850756538311,49.221114429859227],[1.81551484704911,49.217968859926188],[1.81551484704911,49.217968859926188]]}},
{"type":"Feature","properties":{"GCIdentifi":132936,"GCCalculat":197.87209363668222,"Nom":"AX_1755","code":"EPTE11","source_doc":null,"date_visit":"2007-11-20"},"geometry":{"type":"LineString","coordinates":[[1.73452440703774,49.218422651537097],[1.733359474309962,49.218363750687701],[1.731828560564866,49.21851403617417]]}},
{"type":"Feature","properties":{"GCIdentifi":132932,"GCCalculat":220.53573158624758,"Nom":"AX_1756","code":"EPTE11","source_doc":null,"date_visit":"2007-11-20"},"geometry":{"type":"LineString","coordinates":[[1.714601437604562,49.21641983219002],[1.716243177835544,49.218086125663362],[1.716243177835544,49.218086125663362]]}},
{"type":"Feature","properties":{"GCIdentifi":132931,"GCCalculat":1297.7011046278076,"Nom":"AX_1757","code":"EPTE11","source_doc":null,"date_visit":"2007-11-20"},"geometry":{"type":"LineString","coordinates":[[1.706370739227677,49.212212346957038],[1.708632699619567,49.214542416732101],[1.711028885364459,49.215899600701192],[1.714550381276743,49.217341471081788],[1.716925206852832,49.21851314576891],[1.718493829766086,49.220419294231242]]}},
{"type":"Feature","properties":{"GCIdentifi":132935,"GCCalculat":824.48562546142716,"Nom":"AX_1758","code":"EPTE11","source_doc":null,"date_visit":"2007-11-20"},"geometry":{"type":"LineString","coordinates":[[1.733886245297967,49.216778750128213],[1.73270533838741,49.217886461466492],[1.731029155109952,49.21911955417891],[1.729600832146351,49.219846376215514],[1.727623058390848,49.220362544130296],[1.726135500440848,49.220327699131296],[1.724850122168278,49.220163648595225]]}},
{"type":"Feature","properties":{"GCIdentifi":0,"GCCalculat":878.87472673551872,"Nom":"AX_1759","code":null,"source_doc":null,"date_visit":null},"geometry":{"type":"LineString","coordinates":[[2.464716157518784,49.009475880208953],[2.461268188670335,49.008134471579581],[2.460208831896932,49.007696568721116],[2.456471680877812,49.005940977071035],[2.454631665905609,49.005190541311862]]}},
{"type":"Feature","properties":{"GCIdentifi":0,"GCCalculat":152.36432838770645,"Nom":"AX_1760","code":null,"source_doc":null,"date_visit":null},"geometry":{"type":"LineString","coordinates":[[2.456415262342337,49.005903979513498],[2.455966574211835,49.004565968326709]]}},
{"type":"Feature","properties":{"GCIdentifi":0,"GCCalculat":826.09932484157082,"Nom":"AX_1761","code":null,"source_doc":null,"date_visit":"2008-06-03"},"geometry":{"type":"LineString","coordinates":[[2.028654140936917,49.063846114879595],[2.029344219530569,49.0647125993031],[2.029598798601969,49.065544207129278],[2.030931891539759,49.066624605809537],[2.031672573434167,49.06733624213286],[2.031709609601008,49.067428421995487],[2.0321466826765,49.067499204047223],[2.032204212912194,49.067590316875709],[2.034763750581269,49.069903483645547]]}},
{"type":"Feature","properties":{"GCIdentifi":0,"GCCalculat":1183.0647342676407,"Nom":"AX_1762","code":null,"source_doc":null,"date_visit":"2010-10-25"},"geometry":{"type":"LineString","coordinates":[[2.547084554103177,49.069275491970458],[2.546386596405207,49.06974485393625],[2.545411471364305,49.070022362615646],[2.544397824113839,49.070248618263854],[2.542532582020262,49.070551696625209],[2.541394914112554,49.071029694989882],[2.540466648057128,49.07145593665048],[2.540020885796853,49.072404908137905],[2.539968631858056,49.073375857738924],[2.539862516180929,49.075003053669064],[2.540453607482953,49.076266780275013],[2.541259047189826,49.077102596690786]]}},
{"type":"Feature","properties":{"GCIdentifi":0,"GCCalculat":195.62766494525772,"Nom":"AX_1763","code":null,"source_doc":null,"date_visit":"2010-10-25"},"geometry":{"type":"LineString","coordinates":[[2.53346114752798,49.05960271983048],[2.532913683265705,49.058187983590166],[2.532714355255669,49.057176966285446],[2.532645446012345,49.056149352819993],[2.532663880687326,49.055550136970417],[2.532829985802095,49.054463488218374]]}},
{"type":"Feature","properties":{"GCIdentifi":0,"GCCalculat":639.13875744939276,"Nom":"AX_1764","code":null,"source_doc":null,"date_visit":null},"geometry":{"type":"LineString","coordinates":[[2.020503735581246,49.178468654219806],[2.020881081931909,49.178080643533157],[2.021009051957001,49.177478773154249],[2.021277731528123,49.177155917605454],[2.021353774203912,49.177049441868505],[2.021538093507238,49.176880404187244],[2.021842207475697,49.176733000908406],[2.02220955030345,49.176600397170574],[2.02292213340829,49.176319389362853],[2.023939226945148,49.175820220451349],[2.02482513698618,49.175475653771045],[2.025570024762972,49.175223915290353],[2.025892088224722,49.174757712143553]]}},
{"type":"Feature","properties":{"GCIdentifi":0,"GCCalculat":310.57339434617211,"Nom":"AX_1765","code":null,"source_doc":null,"date_visit":"2009-11-24"},"geometry":{"type":"LineString","coordinates":[[2.024783998267965,49.177261216580206],[2.02533569195477,49.176383803212303],[2.025836202914579,49.175750397493523],[2.025917137090504,49.174725231840078],[2.02520483745236,49.173385905671402]]}},
{"type":"Feature","properties":{"GCIdentifi":0,"GCCalculat":931.02557983623024,"Nom":"AX_1766","code":null,"source_doc":null,"date_visit":null},"geometry":{"type":"LineString","coordinates":[[2.008866699091683,49.17414555446787],[2.009106631079427,49.173863254034103],[2.009366551884996,49.173666372105096],[2.009712266703271,49.173440533129849],[2.01072854207623,49.173076263246287],[2.011614007284034,49.172810389968866],[2.012672568138834,49.1725169508005],[2.013363678589975,49.172377415985416],[2.013860588709162,49.172336143475114],[2.014463936251733,49.172252483324641],[2.014895871331395,49.172197556611579],[2.015693720158723,49.172227853380797],[2.016511310545732,49.172386232979463],[2.017006920808884,49.172542554593377],[2.017543395841327,49.172741681949205],[2.017845959191856,49.172827858034914],[2.018276975670449,49.172913264356119],[2.018620952442925,49.172956897036862],[2.01900761488226,49.173015217414907],[2.019569304946712,49.173016788591035],[2.019956724634087,49.172960573225382],[2.020454102070032,49.172849658499679]]}},
{"type":"Feature","properties":{"GCIdentifi":0,"GCCalculat":610.74117638651978,"Nom":"AX_1767","code":null,"source_doc":null,"date_visit":null},"geometry":{"type":"LineString","coordinates":[[2.012131783678094,49.176106368595065],[2.0123927209806,49.175753393017764],[2.012674288860345,49.175387027208636],[2.013023041798439,49.174963550777655],[2.013326871113377,49.174597221806479],[2.013544054242869,49.174385613025485],[2.01391210322476,49.17414636850561],[2.014495959894326,49.173907702217527],[2.015316248000338,49.173655097056468],[2.016096415097677,49.173247437975],[2.016635635666163,49.173022117141862],[2.016916938718893,49.172953293461916],[2.017261438064963,49.172911562849563],[2.018254635348227,49.172927809817502]]}},
{"type":"Feature","properties":{"GCIdentifi":0,"GCCalculat":537.91802207831461,"Nom":"AX_1768","code":null,"source_doc":null,"date_visit":null},"geometry":{"type":"LineString","coordinates":[[2.054967148218516,49.184052547586745],[2.054717257982813,49.184017122096307],[2.05459926217842,49.183983153935777],[2.054493600258575,49.183887451024937],[2.05437654971906,49.183688405367015],[2.054324436148738,49.183515359027751],[2.054258702781484,49.183324313496115],[2.054089270173531,49.183003881445941],[2.053813500801276,49.182700020458412],[2.053538048217522,49.182344507542126],[2.053237463571038,49.18189350894319],[2.052661820528257,49.181018475973126],[2.052061420061725,49.179987330028091],[2.051970286747681,49.17975354570877]]}},
{"type":"Feature","properties":{"GCIdentifi":0,"GCCalculat":568.99525078534396,"Nom":"AX_1769","code":null,"source_doc":null,"date_visit":"2009-11-24"},"geometry":{"type":"LineString","coordinates":[[2.035584998882933,49.167450539375771],[2.035226611201987,49.167313222627456],[2.03434041220448,49.166926590139397],[2.033812510329914,49.166689644294657],[2.033246879316521,49.166440218990864],[2.032832321243992,49.166215975131408],[2.032373462272881,49.1659368778461],[2.032029287580065,49.165656380965657],[2.031909769852863,49.165322555140563],[2.031791173063963,49.164842772490083],[2.031937807381812,49.164118474051484]]}},
{"type":"Feature","properties":{"GCIdentifi":0,"GCCalculat":664.19787918501527,"Nom":"AX_1770","code":null,"source_doc":null,"date_visit":"2009-11-04"},"geometry":{"type":"LineString","coordinates":[[2.125320011676615,49.166934909885562],[2.124484749905586,49.166846903607997],[2.123297512049195,49.166585336309616],[2.122214048930969,49.16608700427291],[2.121771705963924,49.16582230794161],[2.121451227063588,49.165491578150437],[2.120884284884143,49.165139051876778],[2.120188729612078,49.164830080176934],[2.119303746318187,49.164761032057733]]}},
{"type":"Feature","properties":{"GCIdentifi":0,"GCCalculat":342.68592079564803,"Nom":"AX_1772","code":null,"source_doc":null,"date_visit":null},"geometry":{"type":"LineString","coordinates":[[2.564902554348582,49.049844023916798],[2.564663963655512,49.049971390549658],[2.56453278759472,49.05042303699976],[2.564417145372283,49.050537801709908],[2.564203813588066,49.050580889625216],[2.561921473397601,49.050585392651229],[2.561376317134306,49.050542670921054],[2.560979583471164,49.050456996241913]]}},
{"type":"Feature","properties":{"GCIdentifi":0,"GCCalculat":528.21166920869996,"Nom":"AX_1773","code":null,"source_doc":null,"date_visit":null},"geometry":{"type":"LineString","coordinates":[[2.567071697729913,49.052324618309321],[2.567466679976939,49.052030762420159],[2.567829566057883,49.051812203168218],[2.568192689147017,49.051648645925589],[2.568818183907738,49.051331848676732],[2.56931620882711,49.051159034072363],[2.569529428897492,49.051091245463986],[2.571328610613401,49.050783274682296],[2.573442858220958,49.050279261660279]]}},
{"type":"Feature","properties":{"GCIdentifi":0,"GCCalculat":308.21898228694414,"Nom":"AX_1774","code":null,"source_doc":null,"date_visit":null},"geometry":{"type":"LineString","coordinates":[[2.564104043790405,49.05229460908361],[2.563806153507171,49.052159335626939],[2.563225709172409,49.0518730167759],[2.562720285258391,49.051558482360846],[2.562148126130559,49.051212636108424],[2.561459485690855,49.050800776222466],[2.560945467012855,49.050464919152169]]}},
{"type":"Feature","properties":{"GCIdentifi":0,"GCCalculat":15.934264493574355,"Nom":"AX_1775","code":null,"source_doc":null,"date_visit":null},"geometry":{"type":"LineString","coordinates":[[2.565939900609521,49.052511041628904],[2.566149835854585,49.052472452256666]]}},
{"type":"Feature","properties":{"GCIdentifi":130016,"GCCalculat":1423.6866469740562,"Nom":"AX_1776","code":"SEINE12","source_doc":null,"date_visit":"2006-11-22"},"geometry":{"type":"LineString","coordinates":[[2.540024391442381,49.034487133268186],[2.539150143823687,49.0349411892335],[2.538748125303033,49.035192299460327],[2.538059171640916,49.035442781525248],[2.537133484595455,49.035428687866428],[2.536277278907898,49.035289823414914],[2.535611183181886,49.035275254413285],[2.53423324754019,49.035340522420228],[2.533822281469691,49.035500664658613],[2.533609509456044,49.035681825014635],[2.533219808119127,49.036027208278682],[2.53275479423709,49.036771356065579],[2.532582876499371,49.037347676674983],[2.532582433080633,49.037668828032167],[2.532719798273741,49.037860592287956],[2.53089112550423,49.037988341289818],[2.529838797314343,49.037920501088351],[2.528851688565622,49.037942376466546],[2.528189530682062,49.038074852667108],[2.527458098213911,49.038399469298838],[2.526845617233087,49.038575645071717],[2.526446182265671,49.038631339891388],[2.525540769485537,49.038577798816149],[2.524731151830141,49.038564526866175],[2.524366511487074,49.038788589975567]]}},
{"type":"Feature","properties":{"GCIdentifi":0,"GCCalculat":245.982566171814,"Nom":"AX_1778","code":null,"source_doc":null,"date_visit":"2006-11-22"},"geometry":{"type":"LineString","coordinates":[[2.556550214425886,49.046308651934439],[2.555911598480268,49.047134083085872],[2.55556945817674,49.047408720753374],[2.55516839793543,49.047498187852781],[2.554840603120205,49.047538101835372],[2.5545414977769,49.047499371537413],[2.554213119359446,49.047411275028878]]}},
{"type":"Feature","properties":{"GCIdentifi":130033,"GCCalculat":197.54032742177179,"Nom":"AX_1779","code":"SEINE12","source_doc":null,"date_visit":"2006-11-22"},"geometry":{"type":"LineString","coordinates":[[2.541020608511835,49.046643878733036],[2.541810750626618,49.046048474780982],[2.542820667556992,49.045319034324429],[2.542820667556992,49.045319034324429],[2.542820667556992,49.045319034324429]]}},
{"type":"Feature","properties":{"GCIdentifi":0,"GCCalculat":360.36842355456224,"Nom":"AX_1780","code":null,"source_doc":null,"date_visit":"2006-11-22"},"geometry":{"type":"LineString","coordinates":[[2.546259995159836,49.03095568753421],[2.545451703169934,49.030821285946509],[2.543874737383301,49.031854949897166],[2.542546306620503,49.032718594560841]]}},
{"type":"Feature","properties":{"GCIdentifi":0,"GCCalculat":296.25941493365872,"Nom":"AX_1781","code":null,"source_doc":null,"date_visit":"2006-11-22"},"geometry":{"type":"LineString","coordinates":[[2.54637944763489,49.030931896659084],[2.546612404145111,49.030697907923674],[2.546836365409545,49.030358391701533],[2.548006728294606,49.028496764700229]]}},
{"type":"Feature","properties":{"GCIdentifi":0,"GCCalculat":567.00060565155809,"Nom":"AX_1782","code":null,"source_doc":null,"date_visit":"2006-11-22"},"geometry":{"type":"LineString","coordinates":[[2.546714194888915,49.030945884246528],[2.549227575223862,49.03086714371463],[2.55032767457297,49.030953813870198],[2.553918710299621,49.030903283891789],[2.554456698034885,49.030916853739072]]}},
{"type":"Feature","properties":{"GCIdentifi":0,"GCCalculat":175.9344562329112,"Nom":"AX_1783","code":null,"source_doc":null,"date_visit":"2006-12-20"},"geometry":{"type":"LineString","coordinates":[[1.788037284689864,49.093650703607004],[1.787461106959002,49.093952258790615],[1.787001204896538,49.094255478924254],[1.786505676997522,49.094841504014909]]}},
{"type":"Feature","properties":{"GCIdentifi":0,"GCCalculat":506.29515724535696,"Nom":"AX_1784","code":null,"source_doc":null,"date_visit":"2006-12-13"},"geometry":{"type":"LineString","coordinates":[[2.342874059737575,49.0506834478144],[2.343039557893865,49.049111435639972],[2.342983080198271,49.048091866477428],[2.342817327426268,49.047742666802876],[2.342673754961451,49.04707344864628],[2.342086034566329,49.046243665900256]]}},
{"type":"Feature","properties":{"GCIdentifi":0,"GCCalculat":197.93149628960415,"Nom":"AX_1785","code":null,"source_doc":null,"date_visit":"2006-12-13"},"geometry":{"type":"LineString","coordinates":[[2.343756191922389,49.042970390828799],[2.344231045749976,49.043062454297086],[2.344881850628509,49.043236457241917],[2.345264483476682,49.043374537931591],[2.345466044285244,49.043414949296967],[2.345705201450766,49.043437374401499],[2.345833306041074,49.04338909298108],[2.346067237019672,49.043118450051587]]}},
{"type":"Feature","properties":{"GCIdentifi":0,"GCCalculat":231.95350957956006,"Nom":"AX_1786","code":null,"source_doc":null,"date_visit":"2006-12-13"},"geometry":{"type":"LineString","coordinates":[[2.347211627155172,49.042957784324344],[2.346560788367021,49.042620985362433],[2.34589289352396,49.042400958391383],[2.345137913332441,49.042281990132714],[2.344345345688728,49.042140565793872]]}},
{"type":"Feature","properties":{"GCIdentifi":0,"GCCalculat":212.05596187737325,"Nom":"AX_1787","code":null,"source_doc":null,"date_visit":"2006-12-13"},"geometry":{"type":"LineString","coordinates":[[2.34744730343794,49.042747780911803],[2.346690490991175,49.04216620303459],[2.345860344996638,49.041835033608642],[2.345209511619937,49.041570090704283]]}},
{"type":"Feature","properties":{"GCIdentifi":0,"GCCalculat":215.83548820988628,"Nom":"AX_1788","code":null,"source_doc":null,"date_visit":"2006-12-13"},"geometry":{"type":"LineString","coordinates":[[2.34658768090149,49.0404639400139],[2.347168446244961,49.040635679751567],[2.347791921330487,49.040902882570869],[2.348241185693308,49.041179063968379],[2.348791297231156,49.041693277269935]]}},
{"type":"Feature","properties":{"GCIdentifi":0,"GCCalculat":62.164345138144192,"Nom":"AX_1789","code":null,"source_doc":null,"date_visit":"2006-11-07"},"geometry":{"type":"LineString","coordinates":[[2.506292359014464,49.004147835844705],[2.505740820897525,49.004573088913503]]}},
{"type":"Feature","properties":{"GCIdentifi":0,"GCCalculat":566.32808887003966,"Nom":"AX_1790","code":null,"source_doc":null,"date_visit":"2007-01-09"},"geometry":{"type":"LineString","coordinates":[[2.181630430494761,49.159576746629995],[2.182616113234706,49.159734151563235],[2.183818418086025,49.160162444390373],[2.18496031339603,49.160745619117485],[2.185472574184437,49.161198784168775],[2.185746777980022,49.16167861401113],[2.186140017693254,49.162415727131481],[2.186334766062674,49.163127886596541]]}},
{"type":"Feature","properties":{"GCIdentifi":0,"GCCalculat":262.97955804247636,"Nom":"AX_1791","code":null,"source_doc":null,"date_visit":"2007-01-16"},"geometry":{"type":"LineString","coordinates":[[2.377276593975138,49.027562157039988],[2.377734266823753,49.027616998393754],[2.378098035092072,49.027719063547892],[2.378472282574584,49.028033331452612],[2.378961150612255,49.028648480549329],[2.379263972756795,49.02932547507384]]}},
{"type":"Feature","properties":{"GCIdentifi":0,"GCCalculat":1156.043065606246,"Nom":"AX_1792","code":null,"source_doc":null,"date_visit":"2009-01-20"},"geometry":{"type":"LineString","coordinates":[[2.116140434513329,49.124305838369835],[2.116346753848434,49.125223614523904],[2.116621708809128,49.125724958162088],[2.11712519008659,49.126390651975875],[2.117772993579932,49.126925262772247],[2.118715940674701,49.127270648450306],[2.12053780484383,49.128128592807464],[2.123741648200987,49.129529189418228],[2.124192606455057,49.130103825000447],[2.124506105304046,49.130816286138206],[2.124728945695731,49.131526369100229],[2.12454770021139,49.131885354955848],[2.124577134768531,49.13220879276323],[2.124599993805858,49.132464845887128],[2.124987510492863,49.133076410298742],[2.125562128648331,49.133954426434698]]}},
{"type":"Feature","properties":{"GCIdentifi":0,"GCCalculat":178.20621643610198,"Nom":"AX_1793","code":null,"source_doc":null,"date_visit":"2007-02-08"},"geometry":{"type":"LineString","coordinates":[[2.465271101588002,49.000327180190091],[2.465847659154077,49.000225464987423],[2.466192267166944,49.000179042795672],[2.466545536490156,49.00017415722138],[2.466883428399592,49.000168150207507],[2.467129118984051,49.000153289184972],[2.467651038486613,49.00004151219246]]}},
{"type":"Feature","properties":{"GCIdentifi":0,"GCCalculat":193.95016219755797,"Nom":"AX_1794","code":null,"source_doc":null,"date_visit":"2007-02-08"},"geometry":{"type":"LineString","coordinates":[[2.158716431469206,49.056286559162551],[2.159159469303167,49.056618481696766],[2.159402736742035,49.056910806730905],[2.159478422910611,49.057242180284788],[2.159461676560375,49.057623936844763],[2.159307084430118,49.057855002511033]]}},
{"type":"Feature","properties":{"GCIdentifi":0,"GCCalculat":387.4047302501275,"Nom":"AX_1795","code":null,"source_doc":null,"date_visit":"2007-02-08"},"geometry":{"type":"LineString","coordinates":[[2.172704642626042,49.062866126589029],[2.172182938279218,49.061487624121689],[2.172100032124287,49.061237102697653],[2.172031512061003,49.060782229422713],[2.172032080912768,49.060605945359569],[2.172271738728738,49.059442998158595]]}},
{"type":"Feature","properties":{"GCIdentifi":0,"GCCalculat":226.74077485485344,"Nom":"AX_1796","code":null,"source_doc":null,"date_visit":"2007-02-13"},"geometry":{"type":"LineString","coordinates":[[2.182872216592334,49.077027289163979],[2.18376039316674,49.076129059829434],[2.184311814085476,49.075231496685866]]}},
{"type":"Feature","properties":{"GCIdentifi":0,"GCCalculat":159.41542593662777,"Nom":"AX_1797","code":null,"source_doc":null,"date_visit":"2007-02-15"},"geometry":{"type":"LineString","coordinates":[[2.491802873558361,49.021322535303305],[2.489690263245986,49.02167570111709]]}},
{"type":"Feature","properties":{"GCIdentifi":0,"GCCalculat":1075.3652073726955,"Nom":"AX_1798","code":null,"source_doc":null,"date_visit":"2006-12-05"},"geometry":{"type":"LineString","coordinates":[[2.398794639718449,49.121413393843454],[2.399745925282574,49.121482485235745],[2.401978053811732,49.12243907314992],[2.401814093373169,49.122655863335424],[2.401139178923573,49.123307524210979],[2.40142857637359,49.123533043208859],[2.40171741976457,49.123307191283033],[2.402462093617755,49.123631275731256],[2.403783397954238,49.124019021867284],[2.404446183300052,49.124516074025848],[2.406651573204219,49.125753278469062],[2.408552094576935,49.126709928257348]]}},
{"type":"Feature","properties":{"GCIdentifi":0,"GCCalculat":559.84706176018312,"Nom":"AX_1799","code":null,"source_doc":null,"date_visit":"2010-04-28"},"geometry":{"type":"LineString","coordinates":[[2.219943332094909,49.078246310493562],[2.220799033550717,49.078584484734129],[2.221627692569009,49.079038912068476],[2.222415643317303,49.079675998587533]]}},
{"type":"Feature","properties":{"GCIdentifi":0,"GCCalculat":610.34409410877686,"Nom":"AX_1800","code":null,"source_doc":null,"date_visit":"2007-02-22"},"geometry":{"type":"LineString","coordinates":[[1.99441263949799,49.090819398277347],[1.995542367884305,49.091376344660787],[1.997093063952862,49.091882876533916],[1.999355419611126,49.092338717756739],[2.00214499583739,49.092710708832094]]}},
{"type":"Feature","properties":{"GCIdentifi":131088,"GCCalculat":615.70485472343103,"Nom":"AX_1801","code":"OISE19","source_doc":null,"date_visit":"2007-02-27"},"geometry":{"type":"LineString","coordinates":[[2.184501406035575,49.046398648491483],[2.181288610586899,49.044662861159075],[2.180465398021143,49.044082326924922],[2.178882349343801,49.042363297595195],[2.178882349343801,49.042363297595195]]}},
{"type":"Feature","properties":{"GCIdentifi":131082,"GCCalculat":633.10128475423471,"Nom":"AX_1802","code":"OISE18","source_doc":null,"date_visit":"2007-02-27"},"geometry":{"type":"LineString","coordinates":[[2.202963514640485,49.055923421138125],[2.20265962507117,49.057095345163468],[2.202356412936739,49.058020244076673],[2.202168337181679,49.058689257205501],[2.202143111372889,49.059798626642198],[2.202764505435013,49.060635892323596],[2.203755857261938,49.061161418504575],[2.203755857261938,49.061161418504575]]}},
{"type":"Feature","properties":{"GCIdentifi":0,"GCCalculat":295.64783621941035,"Nom":"AX_1803","code":null,"source_doc":null,"date_visit":"2007-02-27"},"geometry":{"type":"LineString","coordinates":[[2.19455326930955,49.08297002620786],[2.19339959418792,49.083489594874855],[2.192751288975326,49.083630271233979],[2.191527371487882,49.083605150445052],[2.190878775813036,49.083841235416152]]}},
{"type":"Feature","properties":{"GCIdentifi":0,"GCCalculat":398.39148336724094,"Nom":"AX_1804","code":null,"source_doc":null,"date_visit":"2007-02-27"},"geometry":{"type":"LineString","coordinates":[[2.196181494718777,49.085691615886731],[2.195572401654844,49.085866027757234],[2.194830442091702,49.08586511587027],[2.194165348897969,49.085888992397393],[2.190837370917011,49.086284556424587]]}},
{"type":"Feature","properties":{"GCIdentifi":0,"GCCalculat":380.97810805643667,"Nom":"AX_1805","code":null,"source_doc":null,"date_visit":"2007-03-06"},"geometry":{"type":"LineString","coordinates":[[2.176720922303462,49.094877558792568],[2.181856375764899,49.097038513122151],[2.182131474868293,49.097461428074972],[2.183443682615451,49.098235841644545]]}},
{"type":"Feature","properties":{"GCIdentifi":130151,"GCCalculat":1755.4647354453807,"Nom":"AX_1806","code":"SEINE12","source_doc":null,"date_visit":"2007-03-08"},"geometry":{"type":"LineString","coordinates":[[2.468108662178335,49.063924796339435],[2.468575789639432,49.061589798984251],[2.468589280475066,49.06088575493699],[2.468215416274171,49.060375251526708],[2.467888676116735,49.06022292419636],[2.467467499072123,49.059906753154351],[2.467203223814447,49.059468008996724],[2.467046303818219,49.058928088938053],[2.466463163981316,49.058091078202786],[2.466080452661047,49.057439114368314],[2.465004981659483,49.056481386210876],[2.464631749011935,49.056185361041557],[2.463916662535253,49.055818986924663],[2.462651090632375,49.054650340048269],[2.461635368105433,49.053627385775577],[2.460948310503708,49.052161649100377],[2.460878668706211,49.051639579425739],[2.460725492543346,49.050497797834247],[2.460298223607614,49.049742564166088],[2.460298223607614,49.049742564166088]]}},
{"type":"Feature","properties":{"GCIdentifi":130139,"GCCalculat":2496.7622426773314,"Nom":"AX_1807","code":"SEINE12","source_doc":null,"date_visit":"2007-03-08"},"geometry":{"type":"LineString","coordinates":[[2.474419437706604,49.065213204495301],[2.475334953914897,49.064450801170572],[2.476050424613607,49.063660552318993],[2.476518256662851,49.062315908237657],[2.476611609681606,49.062090093192737],[2.476717201824599,49.061965316927925],[2.476935449011067,49.061802240883857],[2.477020317185562,49.061596655745937],[2.476971668433104,49.061314869308816],[2.476827203522463,49.060983804770068],[2.476911158176744,49.060461555064556],[2.477253687251264,49.060140001049518],[2.477225630794829,49.059884020170578],[2.477139171198386,49.059521422226958],[2.477154030328069,49.059346247554153],[2.477134627995913,49.058522072988104],[2.477102267598998,49.057353197681259],[2.477226167364456,49.057065597048783],[2.477252506180813,49.056709612295514],[2.477176486517669,49.056409901878588],[2.477071860045801,49.056266289183988],[2.476871569605259,49.056128419217373],[2.476841713371432,49.055841012278535],[2.476444406221082,49.054905012773169],[2.475496894724452,49.053934869351551],[2.473930696823567,49.051633745709061],[2.472709277798568,49.050421361189841],[2.4714052517315,49.048957539111363],[2.471034342329943,49.04823933165342],[2.470632884018615,49.046342142575114],[2.470668561564668,49.044371461177356],[2.470668561564668,49.044371461177356],[2.470668561564668,49.044371461177356]]}},
{"type":"Feature","properties":{"GCIdentifi":0,"GCCalculat":365.22735799041584,"Nom":"AX_1808","code":null,"source_doc":null,"date_visit":"2007-03-08"},"geometry":{"type":"LineString","coordinates":[[2.499018951869113,49.104001131672497],[2.500081485777535,49.103115926830824],[2.500829029937631,49.102148078490579],[2.500950321931176,49.101078929679311]]}},
{"type":"Feature","properties":{"GCIdentifi":0,"GCCalculat":186.13435142194683,"Nom":"AX_1809","code":null,"source_doc":null,"date_visit":"2007-03-13"},"geometry":{"type":"LineString","coordinates":[[1.917746906516786,49.08280785743046],[1.91952137496738,49.083210716651315],[1.920090386847193,49.08344408642143]]}},
{"type":"Feature","properties":{"GCIdentifi":131202,"GCCalculat":841.27172195854075,"Nom":"AX_1810","code":"OISE210","source_doc":null,"date_visit":"2008-11-26"},"geometry":{"type":"LineString","coordinates":[[2.00094718199919,49.029370970780313],[2.002311235673024,49.029924046363639],[2.005235081667619,49.030381705541387],[2.006470909740352,49.030460522747028],[2.008869519920813,49.030559487615164],[2.011250084603173,49.030804329427284],[2.012089978689806,49.030849388315708]]}},
{"type":"Feature","properties":{"GCIdentifi":131035,"GCCalculat":613.91510940364265,"Nom":"AX_1811","code":"OISE110","source_doc":null,"date_visit":"2007-03-27"},"geometry":{"type":"LineString","coordinates":[[2.193197581921674,49.037072053056676],[2.19240318573417,49.035977374536451],[2.19145233005558,49.034091995505221],[2.191215911885463,49.033183279128572],[2.191068241181214,49.032294897216396],[2.190799820447367,49.031820718630577]]}},
{"type":"Feature","properties":{"GCIdentifi":0,"GCCalculat":262.05592950508395,"Nom":"AX_1812","code":null,"source_doc":null,"date_visit":"2007-03-27"},"geometry":{"type":"LineString","coordinates":[[2.232075983997337,49.040980211150384],[2.230357479372681,49.041085308171233],[2.228528662086005,49.040866864873003]]}},
{"type":"Feature","properties":{"GCIdentifi":0,"GCCalculat":295.68049011711997,"Nom":"AX_1813","code":null,"source_doc":null,"date_visit":"2007-03-27"},"geometry":{"type":"LineString","coordinates":[[2.226146194519078,49.041554036641593],[2.226411814986931,49.041922589135524],[2.227260980777054,49.042576915386526],[2.227491328740038,49.04268044828315],[2.227820919702251,49.042705461488325],[2.229303897046925,49.042536187711647]]}},
{"type":"Feature","properties":{"GCIdentifi":131032,"GCCalculat":729.65643372827105,"Nom":"AX_1814","code":"OISE110","source_doc":null,"date_visit":"2010-02-18"},"geometry":{"type":"LineString","coordinates":[[2.206070502867751,49.034879893665888],[2.20453290535315,49.034458182665638],[2.202374361634876,49.033796544825144],[2.201217156431686,49.033555991356472],[2.200350455189511,49.033249551258109]]}},
{"type":"Feature","properties":{"GCIdentifi":131032,"GCCalculat":1030.8768008099662,"Nom":"AX_1815","code":"OISE110","source_doc":null,"date_visit":"2010-02-18"},"geometry":{"type":"LineString","coordinates":[[2.19827074207469,49.033133650160885],[2.197683956653652,49.032900502042331],[2.196801686004348,49.03266810859845],[2.195775756969203,49.032519767873453],[2.193922011162523,49.032237860289172],[2.188139415325473,49.030880680857912]]}},
{"type":"Feature","properties":{"GCIdentifi":0,"GCCalculat":376.66496162824285,"Nom":"AX_1816","code":null,"source_doc":null,"date_visit":"2007-05-03"},"geometry":{"type":"LineString","coordinates":[[2.040144486454759,49.154745300965935],[2.041438085641303,49.155998407303727],[2.042607477781408,49.157708167344332]]}},
{"type":"Feature","properties":{"GCIdentifi":131127,"GCCalculat":556.94508338711694,"Nom":"AX_1817","code":"SEINE16","source_doc":null,"date_visit":"2007-05-29"},"geometry":{"type":"LineString","coordinates":[[2.219852200001118,48.961970857028454],[2.21805369934141,48.961724224312313],[2.216772654033492,48.961178302112096],[2.216016574566254,48.96074745368724],[2.214350315048708,48.959454372559918],[2.213986330471909,48.959085674111876]]}},
{"type":"Feature","properties":{"GCIdentifi":0,"GCCalculat":456.05760406723857,"Nom":"AX_1818","code":null,"source_doc":null,"date_visit":"2007-06-14"},"geometry":{"type":"LineString","coordinates":[[1.696317123532864,49.194465348820209],[1.698721755379648,49.198251695901106]]}},
{"type":"Feature","properties":{"GCIdentifi":0,"GCCalculat":320.12237113876211,"Nom":"AX_1819","code":null,"source_doc":null,"date_visit":"2007-09-17"},"geometry":{"type":"LineString","coordinates":[[1.77499376462621,49.056503699750941],[1.777035513783594,49.058018397870825],[1.77756661762407,49.058799162425174]]}},
{"type":"Feature","properties":{"GCIdentifi":0,"GCCalculat":208.76530969232212,"Nom":"AX_1820","code":null,"source_doc":null,"date_visit":"2007-09-17"},"geometry":{"type":"LineString","coordinates":[[1.772332897624184,49.059703247290578],[1.774740978695282,49.060713353432021]]}},
{"type":"Feature","properties":{"GCIdentifi":0,"GCCalculat":426.71819280333784,"Nom":"AX_1821","code":null,"source_doc":null,"date_visit":"2007-09-17"},"geometry":{"type":"LineString","coordinates":[[1.761335698540191,49.067788428787196],[1.75981349497712,49.069505563120082],[1.75817404808213,49.071009825956978]]}},
{"type":"Feature","properties":{"GCIdentifi":390057,"GCCalculat":2143.6228569467189,"Nom":"AX_1822","code":"SEINE12","source_doc":null,"date_visit":"2006-11-22"},"geometry":{"type":"MultiLineString","coordinates":[[[2.562590584540562,49.036215722463311],[2.562035376552461,49.036560415599489],[2.561649591581398,49.036975519247228],[2.561203914326772,49.037747819175337],[2.560699374627156,49.038351772433359],[2.560242979629461,49.03864573552719],[2.559256450225572,49.039169786582413],[2.55760819531918,49.039920820046817],[2.556887614293602,49.04035002268725],[2.556520857847451,49.040454026136324],[2.555289394832025,49.040455254566695],[2.553662389665503,49.040621151880735],[2.551392303538385,49.040984748759364],[2.550846372843065,49.041129499793385],[2.549741261315817,49.04152792544793],[2.548866797787838,49.041933780383651],[2.548114954503947,49.042267535371117],[2.547391657737742,49.042485578751261],[2.546092942222086,49.042748471740921],[2.544970850147672,49.042777450820623],[2.544199109725924,49.042854084184675],[2.54418544517015,49.042854113256425],[2.544185460402733,49.042858609214669]],[[2.569103795093028,49.037189741003274],[2.567802726577378,49.036527609773273],[2.567089586443037,49.036324685061004]],[[2.567079311911255,49.036320206054206],[2.566075646992979,49.036070701926015],[2.564925271818188,49.03585740759894],[2.563702963323972,49.035968743352853],[2.562576904919358,49.036211257643103]]]}},
{"type":"Feature","properties":{"GCIdentifi":132939,"GCCalculat":1920.2014383237542,"Nom":"AX_1823","code":"EPTE11","source_doc":null,"date_visit":"2007-11-20"},"geometry":{"type":"MultiLineString","coordinates":[[[1.703871823146297,49.230373906697807],[1.704801621904691,49.230204974406966],[1.706994383685907,49.22955225690535],[1.708325564889853,49.22909690739808],[1.708523496634223,49.229170993426322],[1.710437788516201,49.227894594491161],[1.710902147613888,49.22778147028928],[1.711321626906405,49.227826424451159],[1.713537949333031,49.228822142445352],[1.713845820056786,49.228881064784773],[1.714266942400452,49.228796894610959],[1.714530794999451,49.228812916325758],[1.71598262108279,49.229254219336269],[1.716817917010674,49.229504651797036],[1.717806887369017,49.229943414485874],[1.718531287622865,49.23014944368758],[1.718907291055304,49.230108798560103]],[[1.727575772402338,49.228633583593066],[1.725184140258434,49.228755619777523],[1.721850600288397,49.229477803122556],[1.718903802793342,49.230113275059921]]]}},
{"type":"Feature","properties":{"GCIdentifi":0,"GCCalculat":663.54091180701357,"Nom":"AX_1824","code":null,"source_doc":null,"date_visit":"2007-12-18"},"geometry":{"type":"LineString","coordinates":[[2.386224865969617,49.132824453922616],[2.386003171729705,49.133573488986421],[2.386087666945732,49.13421347681269],[2.386617192966933,49.134962215199209],[2.387480513196766,49.135801742974287],[2.388567999365404,49.136568172364065],[2.389460140585444,49.137079790726908],[2.390656807329221,49.137517167548459]]}},
{"type":"Feature","properties":{"GCIdentifi":0,"GCCalculat":212.31891616690586,"Nom":"AX_1825","code":null,"source_doc":null,"date_visit":"2007-12-18"},"geometry":{"type":"LineString","coordinates":[[2.363465690518728,49.109703122386499],[2.363717536419769,49.110507050396286],[2.36379993194351,49.111054969559135],[2.36400721205649,49.111606264155476],[2.364209149185687,49.111843129682001],[2.364464225214557,49.112163085810202],[2.364825438607223,49.112743514272012],[2.364929943095749,49.11301412069605],[2.365185152139165,49.113624890990991],[2.365402589593933,49.113954949898023],[2.36543349383208,49.114176155538352],[2.365449080613585,49.114500653479446]]}},
{"type":"Feature","properties":{"GCIdentifi":0,"GCCalculat":523.0451174533473,"Nom":"AX_1826","code":null,"source_doc":null,"date_visit":"2012-02-10"},"geometry":{"type":"LineString","coordinates":[[2.523194937153215,49.071047389039514],[2.524325250169061,49.072030375202992],[2.525580528642903,49.072777194300613],[2.526855090816289,49.073490447136052],[2.528051303258452,49.074234165224603]]}},
{"type":"Feature","properties":{"GCIdentifi":130076,"GCCalculat":1275.5177304442459,"Nom":"AX_1827","code":"SEINE12","source_doc":null,"date_visit":null},"geometry":{"type":"LineString","coordinates":[[2.520013893744564,49.063521376940145],[2.518972942052234,49.062050937808181],[2.516680668062547,49.060406165396302],[2.513742824721192,49.058324427740068],[2.508756976285807,49.054845459416782]]}},
{"type":"Feature","properties":{"GCIdentifi":130115,"GCCalculat":1776.2302003643115,"Nom":"AX_1828","code":"SEINE12","source_doc":null,"date_visit":"2008-02-20"},"geometry":{"type":"LineString","coordinates":[[2.498249736270759,49.0674290639299],[2.497123763623286,49.066971395473423],[2.495420725780631,49.066137215712921],[2.494249196031752,49.06529779498441],[2.493701221047739,49.064940335547774],[2.492482909612434,49.064426592691618],[2.491649593708865,49.064069527532922],[2.491104726996527,49.063596400166254],[2.491341951911914,49.062954932439382],[2.491611846611601,49.062376283021386],[2.492266498502229,49.061354710705928],[2.492191789049463,49.060413829200755],[2.492172925999541,49.058762119487739],[2.492341074855073,49.057898385717309],[2.49262626394792,49.056766149173235],[2.492717152512562,49.05578911495251],[2.493029526005012,49.055157622683986],[2.493382886343432,49.05451712153139],[2.493736658449105,49.054015830834565]]}},
{"type":"Feature","properties":{"GCIdentifi":0,"GCCalculat":223.80028373427095,"Nom":"AX_1829","code":null,"source_doc":null,"date_visit":null},"geometry":{"type":"LineString","coordinates":[[2.449515706528073,49.127229575977879],[2.449744531512107,49.127038464219531],[2.450015755797414,49.126682243802058],[2.450348143169189,49.126133963644413],[2.45043018308722,49.125354617442397]]}},
{"type":"Feature","properties":{"GCIdentifi":0,"GCCalculat":193.03521588968948,"Nom":"AX_1830","code":null,"source_doc":null,"date_visit":null},"geometry":{"type":"LineString","coordinates":[[2.447719717634829,49.125959115553663],[2.45024217167627,49.12543675577146]]}},
{"type":"Feature","properties":{"GCIdentifi":0,"GCCalculat":191.7973530234139,"Nom":"AX_1831","code":null,"source_doc":null,"date_visit":null},"geometry":{"type":"LineString","coordinates":[[2.447151525197341,49.123578057857692],[2.449779375113122,49.123562034318375]]}},
{"type":"Feature","properties":{"GCIdentifi":0,"GCCalculat":196.17071814148167,"Nom":"AX_1832","code":null,"source_doc":null,"date_visit":null},"geometry":{"type":"LineString","coordinates":[[2.447983499818208,49.12227808644014],[2.4486096234578,49.123016327756446],[2.449736591439625,49.123562081405851]]}},
{"type":"Feature","properties":{"GCIdentifi":0,"GCCalculat":490.54393500329343,"Nom":"AX_1833","code":null,"source_doc":null,"date_visit":"2008-02-19"},"geometry":{"type":"LineString","coordinates":[[2.412650439797157,49.119268289877361],[2.41474834876042,49.117454587879287],[2.417726890974424,49.116599147932938]]}},
{"type":"Feature","properties":{"GCIdentifi":0,"GCCalculat":481.35140818382615,"Nom":"AX_1834","code":null,"source_doc":null,"date_visit":"2008-02-19"},"geometry":{"type":"LineString","coordinates":[[2.415999152689782,49.099488942307978],[2.41752000721913,49.099882013909045],[2.41844046522278,49.100157613519592],[2.419023265064143,49.100984752416672],[2.41940373255337,49.101470677150111],[2.420825920297842,49.102113045804948]]}},
{"type":"Feature","properties":{"GCIdentifi":130442,"GCCalculat":255.23965252915579,"Nom":"AX_1835","code":"OISE12","source_doc":null,"date_visit":"2008-02-19"},"geometry":{"type":"LineString","coordinates":[[2.398448514077761,49.103145636881003],[2.399659841315024,49.103542464522263],[2.401780703305092,49.103740044897002]]}},
{"type":"Feature","properties":{"GCIdentifi":0,"GCCalculat":270.85377105635655,"Nom":"AX_1836","code":null,"source_doc":null,"date_visit":"2008-02-19"},"geometry":{"type":"LineString","coordinates":[[2.392266754202848,49.114213515009453],[2.393468129163912,49.113231552133669],[2.394000516219247,49.112108425068087]]}},
{"type":"Feature","properties":{"GCIdentifi":0,"GCCalculat":438.66143821811318,"Nom":"AX_1837","code":null,"source_doc":null,"date_visit":"2008-02-19"},"geometry":{"type":"LineString","coordinates":[[2.388604413765973,49.109236431735759],[2.390714401093522,49.110269624678324],[2.392650933209756,49.112085514579462]]}},
{"type":"Feature","properties":{"GCIdentifi":130448,"GCCalculat":253.2456018149953,"Nom":"AX_1838","code":"OISE12","source_doc":null,"date_visit":"2008-02-19"},"geometry":{"type":"LineString","coordinates":[[2.390724592783664,49.107063830391155],[2.391737114317366,49.107084681406292],[2.392896877626693,49.107254795449151],[2.393798331398038,49.107349813501088],[2.393995051044196,49.107378911850375],[2.394137035141118,49.107415880320822]]}},
{"type":"Feature","properties":{"GCIdentifi":0,"GCCalculat":381.45732054297366,"Nom":"AX_1839","code":null,"source_doc":null,"date_visit":"2008-03-13"},"geometry":{"type":"LineString","coordinates":[[2.382359308955849,49.106786738314483],[2.38282701422566,49.107645539803428],[2.383389108061084,49.108811976164802],[2.38353022583559,49.109748392920679],[2.383484383410058,49.110100987113576]]}},
{"type":"Feature","properties":{"GCIdentifi":0,"GCCalculat":255.96241051219286,"Nom":"AX_1840","code":null,"source_doc":null,"date_visit":"2008-03-13"},"geometry":{"type":"LineString","coordinates":[[2.384814384378701,49.107644725274994],[2.384230007569111,49.108213144458738],[2.383833930571273,49.108949899333147],[2.383525093408117,49.109759614782298]]}},
{"type":"Feature","properties":{"GCIdentifi":0,"GCCalculat":1065.4300439972767,"Nom":"AX_1841","code":null,"source_doc":null,"date_visit":"2008-03-13"},"geometry":{"type":"LineString","coordinates":[[2.379804963376937,49.099839397452101],[2.379040450195232,49.099693702089525],[2.377530078696783,49.099215910784245],[2.376038441844369,49.098579750099404],[2.373763569245261,49.097785524149437],[2.372047994896773,49.097138156622478],[2.370426470640691,49.096403158030739],[2.369215144846375,49.095326680019234],[2.368580060992692,49.09423766061969]]}},
{"type":"Feature","properties":{"GCIdentifi":130746,"GCCalculat":420.82004027723485,"Nom":"AX_1842","code":"OISE14","source_doc":null,"date_visit":"2008-03-13"},"geometry":{"type":"LineString","coordinates":[[2.369626425217973,49.086366053725911],[2.368246177703005,49.085404137940472],[2.367086903810085,49.085074325603379],[2.365796124861464,49.084930931897084],[2.36501005358604,49.085506037480556]]}},
{"type":"Feature","properties":{"GCIdentifi":0,"GCCalculat":200.93670266127833,"Nom":"AX_1843","code":null,"source_doc":null,"date_visit":"2008-03-13"},"geometry":{"type":"LineString","coordinates":[[2.358710033315866,49.084702313409714],[2.358841429345817,49.084184640351644],[2.358818914512089,49.083524384610698],[2.358709236133106,49.082906832142015]]}},
{"type":"Feature","properties":{"GCIdentifi":0,"GCCalculat":141.54117383034514,"Nom":"AX_1844","code":null,"source_doc":null,"date_visit":"2008-03-13"},"geometry":{"type":"LineString","coordinates":[[2.358295180743487,49.085981327666389],[2.35840435241568,49.08546366293865],[2.358513575109773,49.085032452191953],[2.358381827987706,49.084731556114576]]}},
{"type":"Feature","properties":{"GCIdentifi":0,"GCCalculat":220.66174002508183,"Nom":"AX_1845","code":null,"source_doc":null,"date_visit":"2008-03-13"},"geometry":{"type":"LineString","coordinates":[[2.34950372671029,49.089301842771789],[2.348869363418591,49.088927992694288],[2.347906740671406,49.088526094695574],[2.346986874714649,49.088224119468769]]}},
{"type":"Feature","properties":{"GCIdentifi":0,"GCCalculat":205.21328397416627,"Nom":"AX_1846","code":null,"source_doc":null,"date_visit":"2010-10-28"},"geometry":{"type":"LineString","coordinates":[[2.453042949620767,49.103581807062419],[2.453480613322832,49.102808833172276],[2.456116984132437,49.099887886406933]]}},
{"type":"Feature","properties":{"GCIdentifi":130853,"GCCalculat":487.81056994362666,"Nom":"AX_1847","code":"SEINE14","source_doc":null,"date_visit":"2008-02-19"},"geometry":{"type":"LineString","coordinates":[[2.341438859520319,48.992976820471036],[2.343578061192713,48.988822090649421]]}},
{"type":"Feature","properties":{"GCIdentifi":130852,"GCCalculat":234.03470110746156,"Nom":"AX_1848","code":"SEINE14","source_doc":null,"date_visit":"2008-02-19"},"geometry":{"type":"LineString","coordinates":[[2.345269269378547,48.990916132556677],[2.34521967066634,48.990274964034477],[2.345130879604998,48.989801136857665],[2.345175085845843,48.988816375602632]]}},
{"type":"Feature","properties":{"GCIdentifi":0,"GCCalculat":480.71769415710787,"Nom":"AX_1849","code":null,"source_doc":null,"date_visit":"2008-02-20"},"geometry":{"type":"LineString","coordinates":[[2.513137898680568,49.032866350034816],[2.509846633232713,49.031271256314085],[2.509767793497801,49.03119052869755],[2.509791338852569,49.031089447673445],[2.509944152754867,49.030837694986914],[2.511497855920311,49.030277264224921]]}},
{"type":"Feature","properties":{"GCIdentifi":0,"GCCalculat":309.05179276626217,"Nom":"AX_1850","code":null,"source_doc":null,"date_visit":"2008-02-20"},"geometry":{"type":"LineString","coordinates":[[2.51599309261999,49.033295358700755],[2.517041785338687,49.033802389774571],[2.517618782883012,49.03420909234665],[2.517706104434569,49.034270704831805],[2.518173521171014,49.034595596782339],[2.518392783620196,49.03477715929877],[2.518635710327426,49.035359557547139]]}},
{"type":"Feature","properties":{"GCIdentifi":0,"GCCalculat":841.81306418407655,"Nom":"AX_1851","code":null,"source_doc":null,"date_visit":"2008-02-20"},"geometry":{"type":"LineString","coordinates":[[2.509306431079608,49.03846409359582],[2.508237671291538,49.038579107250747],[2.505369018052605,49.038281313981578],[2.502479480827756,49.038360745253684],[2.501583043412328,49.038429403986264],[2.497926451314291,49.037936039827102]]}},
{"type":"Feature","properties":{"GCIdentifi":0,"GCCalculat":1127.8770208460646,"Nom":"AX_1852","code":null,"source_doc":null,"date_visit":"2008-02-20"},"geometry":{"type":"LineString","coordinates":[[2.507843544479766,49.053050235787076],[2.508474964550837,49.053833051521302],[2.509751549975387,49.054911340035652],[2.514055257203501,49.057774851853779],[2.516343076292149,49.059195103249237],[2.518186466907633,49.060522819427455]]}},
{"type":"Feature","properties":{"GCIdentifi":0,"GCCalculat":243.6934238735316,"Nom":"AX_1853","code":null,"source_doc":null,"date_visit":"2008-02-20"},"geometry":{"type":"LineString","coordinates":[[2.505211822004923,49.054340925386313],[2.505097708761284,49.052936387043175],[2.505286420691382,49.052161320669704]]}},
{"type":"Feature","properties":{"GCIdentifi":0,"GCCalculat":232.69952673724632,"Nom":"AX_1854","code":null,"source_doc":null,"date_visit":"2008-02-20"},"geometry":{"type":"LineString","coordinates":[[2.488482759225687,49.056682994307792],[2.489303482608808,49.056881767833374],[2.489956494866151,49.056992064699287],[2.491590034042506,49.057040404052387]]}},
{"type":"Feature","properties":{"GCIdentifi":0,"GCCalculat":620.88552765102702,"Nom":"AX_1855","code":null,"source_doc":null,"date_visit":"2008-02-20"},"geometry":{"type":"LineString","coordinates":[[2.497510493603504,49.061858384883621],[2.497296553712725,49.061227641419883],[2.497059971134558,49.06098542272737],[2.496532147096849,49.060511185082326],[2.496319427916299,49.060249840505186],[2.496109289654953,49.059725751222622],[2.495963229138225,49.059466573579208],[2.495624148537235,49.059229001875217],[2.494302901388898,49.058543613079117],[2.49286778306455,49.058044774041406],[2.492340647258964,49.057760280277549]]}},
{"type":"Feature","properties":{"GCIdentifi":0,"GCCalculat":164.39845116405075,"Nom":"AX_1856","code":null,"source_doc":null,"date_visit":"2008-03-19"},"geometry":{"type":"LineString","coordinates":[[2.342471378385263,49.055135657909403],[2.343554521525432,49.054793146545435],[2.344533437921275,49.05454828386155]]}},
{"type":"Feature","properties":{"GCIdentifi":130540,"GCCalculat":289.96430159058366,"Nom":"AX_1857","code":"SEINE13","source_doc":null,"date_visit":"2008-03-19"},"geometry":{"type":"LineString","coordinates":[[2.367389978306197,49.063719464448759],[2.367572656574195,49.063449944908626],[2.368288222806254,49.062797346133834],[2.369449966292434,49.062439964897969],[2.370251095512456,49.062033251372199]]}},
{"type":"Feature","properties":{"GCIdentifi":0,"GCCalculat":450.61886906670918,"Nom":"AX_1858","code":null,"source_doc":null,"date_visit":"2008-04-03"},"geometry":{"type":"LineString","coordinates":[[1.865101170734841,49.089321478487506],[1.86423610170882,49.088601514905015],[1.862715612629417,49.085629678050296]]}},
{"type":"Feature","properties":{"GCIdentifi":0,"GCCalculat":622.0325600569189,"Nom":"AX_1859","code":null,"source_doc":null,"date_visit":null},"geometry":{"type":"LineString","coordinates":[[1.90540259036262,49.111658486678472],[1.911914589311957,49.109045141718298],[1.912764375906544,49.108875353218394]]}},
{"type":"Feature","properties":{"GCIdentifi":0,"GCCalculat":690.50772912146954,"Nom":"AX_1860","code":null,"source_doc":null,"date_visit":"2008-06-03"},"geometry":{"type":"LineString","coordinates":[[1.692880989483505,49.158003414818218],[1.69206595623533,49.157219552778173],[1.691753563237108,49.156492392643422],[1.691966794838822,49.155635687600608],[1.691998711122632,49.154764494776551],[1.692042371500467,49.154434606687033],[1.692287209129705,49.154172113475752],[1.692713120592496,49.153936439988129],[1.693377684948807,49.153260162473096]]}},
{"type":"Feature","properties":{"GCIdentifi":0,"GCCalculat":489.4544717803156,"Nom":"AX_1861","code":null,"source_doc":null,"date_visit":"2008-06-03"},"geometry":{"type":"LineString","coordinates":[[1.681827337809679,49.140838989109959],[1.679422895484655,49.143136179801942],[1.677899297290381,49.144985431429909]]}},
{"type":"Feature","properties":{"GCIdentifi":0,"GCCalculat":301.54821684614268,"Nom":"AX_1862","code":null,"source_doc":null,"date_visit":"2008-06-03"},"geometry":{"type":"LineString","coordinates":[[1.6872620882553,49.145869063220218],[1.684281835832961,49.148310214804518]]}},
{"type":"Feature","properties":{"GCIdentifi":0,"GCCalculat":177.36110669236277,"Nom":"AX_1864","code":null,"source_doc":null,"date_visit":"2008-10-29"},"geometry":{"type":"LineString","coordinates":[[2.080940337999235,49.01391122573844],[2.080836870582708,49.013447238267659],[2.080553758328832,49.013070432902218],[2.079830938198349,49.012548921348937]]}},
{"type":"Feature","properties":{"GCIdentifi":131177,"GCCalculat":817.28542832667381,"Nom":"AX_1865","code":"OISE210","source_doc":null,"date_visit":"2008-10-29"},"geometry":{"type":"LineString","coordinates":[[2.035782239672888,49.00471614099456],[2.037092784850949,49.004756626345134],[2.039864244401768,49.004530282475386],[2.042036475050082,49.004610013795954],[2.044115672496182,49.004553607618881],[2.045575587681517,49.00444615494883],[2.046829023255401,49.004622264273479],[2.046847560560017,49.004659371221344]]}},
{"type":"Feature","properties":{"GCIdentifi":0,"GCCalculat":470.19328059862443,"Nom":"AX_1866","code":null,"source_doc":null,"date_visit":"2008-10-29"},"geometry":{"type":"LineString","coordinates":[[2.024731008335122,49.004692141447165],[2.027395688417463,49.004628640955893],[2.029458001705319,49.004267014962842],[2.03096414400249,49.003863445742603]]}},
{"type":"Feature","properties":{"GCIdentifi":131183,"GCCalculat":579.99042461133399,"Nom":"AX_1867","code":"OISE210","source_doc":null,"date_visit":"2008-10-29"},"geometry":{"type":"LineString","coordinates":[[2.015806576012815,49.007546544500528],[2.017398956954085,49.008101218730424],[2.019225602363998,49.008320759610214],[2.019999800767506,49.008435201933402],[2.022583667490035,49.008767955999694],[2.023388265973568,49.008934106667162]]}},
{"type":"Feature","properties":{"GCIdentifi":132215,"GCCalculat":440.27217475751559,"Nom":"AX_1868","code":"SEINE21","source_doc":null,"date_visit":null},"geometry":{"type":"LineString","coordinates":[[1.993554157141317,49.042041011734327],[1.993211991467798,49.041139426289661],[1.992238435295297,49.039415132688561],[1.991635797384717,49.038266724321709],[1.991023605331887,49.037977179185575],[1.99073714635695,49.037603393851185],[1.990244138879051,49.036605027979704]]}},
{"type":"Feature","properties":{"GCIdentifi":132215,"GCCalculat":233.25995929663407,"Nom":"AX_1869","code":"SEINE21","source_doc":null,"date_visit":null},"geometry":{"type":"LineString","coordinates":[[1.990244408006712,49.036605255053573],[1.988841941637439,49.035675748635427],[1.988163375319335,49.035025777839714],[1.988163375319335,49.035025777839714]]}},
{"type":"Feature","properties":{"GCIdentifi":131209,"GCCalculat":132.29484500573295,"Nom":"AX_1870","code":"OISE211","source_doc":null,"date_visit":"2008-11-26"},"geometry":{"type":"LineString","coordinates":[[2.005950444773621,49.038073304554693],[2.007697318786151,49.038383753720325]]}},
{"type":"Feature","properties":{"GCIdentifi":131208,"GCCalculat":97.952249980683433,"Nom":"AX_1871","code":"OISE210","source_doc":null,"date_visit":"2008-11-26"},"geometry":{"type":"LineString","coordinates":[[2.005120393449547,49.03756446606441],[2.006437674027061,49.037448371496907],[2.00685572872749,49.037423818033581],[2.007497450328396,49.037420679258602]]}},
{"type":"Feature","properties":{"GCIdentifi":131205,"GCCalculat":132.21269318422739,"Nom":"AX_1872","code":"OISE210","source_doc":null,"date_visit":"2008-11-26"},"geometry":{"type":"LineString","coordinates":[[2.00281673864088,49.030422966538062],[2.004260888892701,49.030251989864276],[2.003922597459594,49.030279084099227]]}},
{"type":"Feature","properties":{"GCIdentifi":0,"GCCalculat":2.2475566418142989,"Nom":"AX_1873","code":null,"source_doc":null,"date_visit":null},"geometry":{"type":"LineString","coordinates":[[2.002231530345304,49.035660642739295],[2.002231374527231,49.035680847436893]]}},
{"type":"Feature","properties":{"GCIdentifi":0,"GCCalculat":134.20927170557999,"Nom":"AX_1874","code":"oise210","source_doc":null,"date_visit":"2008-11-26"},"geometry":{"type":"LineString","coordinates":[[2.003688433180564,49.031070043622279],[2.005192412306729,49.030378222666727]]}},
{"type":"Feature","properties":{"GCIdentifi":131417,"GCCalculat":1873.5703047769719,"Nom":"AX_1876","code":"OISE210","source_doc":null,"date_visit":"2010-03-02"},"geometry":{"type":"LineString","coordinates":[[2.002556947667588,49.061340824776117],[2.003354017900468,49.061729400869851],[2.004197794915791,49.062288814646145],[2.006498431342067,49.062960215917322],[2.009239973559844,49.064390865955794],[2.011044233758779,49.066136909106298],[2.011552496032709,49.06734853875092],[2.011509031245186,49.068468340910265],[2.011126542650465,49.06994905699468],[2.010383213846007,49.070612131625424],[2.010058033228711,49.071409562683279],[2.009863720306733,49.072309897165489],[2.010312732639153,49.074306612166367],[2.01024709233175,49.075426232973143],[2.011492707446707,49.077458583659769]]}},
{"type":"Feature","properties":{"GCIdentifi":132223,"GCCalculat":884.53773022677296,"Nom":"AX_1877","code":"SEINE21","source_doc":null,"date_visit":"2008-11-26"},"geometry":{"type":"LineString","coordinates":[[1.969894762142719,49.032494968151674],[1.969659791539978,49.034472749485431],[1.969404191675707,49.035776723426991],[1.9694372168737,49.037080501673472],[1.970223806472734,49.037874665021832],[1.971805210909425,49.038589374123553],[1.973126826413685,49.039331317797831],[1.973126826413685,49.039331317797831]]}},
{"type":"Feature","properties":{"GCIdentifi":131405,"GCCalculat":1079.5388230433257,"Nom":"AX_1878","code":"OISE210","source_doc":null,"date_visit":"2008-12-02"},"geometry":{"type":"LineString","coordinates":[[2.02979646835541,49.059299273170851],[2.030033694027884,49.060721458570605],[2.032550594112025,49.063227714356756],[2.033909451385439,49.064561922063774],[2.035130922615361,49.066301120212515],[2.035833270147708,49.06799289534041],[2.035833270147708,49.06799289534041]]}},
{"type":"Feature","properties":{"GCIdentifi":131407,"GCCalculat":217.74170817753216,"Nom":"AX_1880","code":"OISE210","source_doc":null,"date_visit":"2008-12-02"},"geometry":{"type":"LineString","coordinates":[[2.023299017206108,49.060050505441893],[2.024405603286066,49.060662475790593],[2.025292681076934,49.06116120583664]]}},
{"type":"Feature","properties":{"GCIdentifi":131406,"GCCalculat":137.69646295069521,"Nom":"AX_1881","code":"OISE210","source_doc":null,"date_visit":"2008-12-02"},"geometry":{"type":"LineString","coordinates":[[2.022216236845879,49.058859881192213],[2.023166300929478,49.059929209919588]]}},
{"type":"Feature","properties":{"GCIdentifi":131406,"GCCalculat":385.01547786382093,"Nom":"AX_1882","code":"OISE210","source_doc":null,"date_visit":"2008-12-02"},"geometry":{"type":"LineString","coordinates":[[2.025292515765842,49.061190402096116],[2.027116225786655,49.062472053328918],[2.028204119672285,49.063390143921026],[2.028655823853524,49.063846128483945]]}},
{"type":"Feature","properties":{"GCIdentifi":131410,"GCCalculat":497.77136918453215,"Nom":"AX_1883","code":"OISE210","source_doc":null,"date_visit":"2008-12-02"},"geometry":{"type":"LineString","coordinates":[[2.012611788836656,49.059669656950497],[2.010951897457245,49.061603050129882],[2.009401548354735,49.063655388224731],[2.009239973559844,49.064390865955794]]}},
{"type":"Feature","properties":{"GCIdentifi":132220,"GCCalculat":263.7701276622293,"Nom":"AX_1884","code":"SEINE21","source_doc":null,"date_visit":"2008-11-26"},"geometry":{"type":"LineString","coordinates":[[1.970360580886125,49.027235735805355],[1.971315615821729,49.027628443052954],[1.972057249807686,49.027785770381549],[1.972318751871322,49.028217780340235],[1.972686555884613,49.028825316068833]]}},
{"type":"Feature","properties":{"GCIdentifi":132220,"GCCalculat":553.88549476719163,"Nom":"AX_1885","code":"SEINE21","source_doc":null,"date_visit":"2008-11-26"},"geometry":{"type":"LineString","coordinates":[[1.969774006764262,49.023665340635141],[1.970422079281273,49.024232225609019],[1.972361965156931,49.02675367828099],[1.971780679166328,49.027316635260689],[1.971947693297072,49.027593408127458],[1.972207444642828,49.028028793622184]]}},
{"type":"Feature","properties":{"GCIdentifi":131153,"GCCalculat":1582.9759524057058,"Nom":"AX_1886","code":"OISE19","source_doc":null,"date_visit":null},"geometry":{"type":"LineString","coordinates":[[2.178651533486594,49.050986622368434],[2.177684839851416,49.04932232889059],[2.176021006473942,49.04772776204689],[2.17454624647745,49.046844233781783],[2.173030568181157,49.045960620425291],[2.170846349704843,49.044275410203177],[2.168825391933852,49.043338246228451],[2.166201775371797,49.042839179836477],[2.162950243398363,49.042163930905268]]}},
{"type":"Feature","properties":{"GCIdentifi":0,"GCCalculat":171.81476148758509,"Nom":"AX_1887","code":"OISE210","source_doc":null,"date_visit":"2008-12-02"},"geometry":{"type":"LineString","coordinates":[[1.998468098357372,49.05757164602111],[2.00026731679737,49.05856621866446]]}},
{"type":"Feature","properties":{"GCIdentifi":131197,"GCCalculat":730.93664532882531,"Nom":"AX_1888","code":"OISE210","source_doc":null,"date_visit":"2008-12-02"},"geometry":{"type":"LineString","coordinates":[[2.003545732874708,49.026896993252429],[2.004080673003537,49.026571784266565],[2.004742204530129,49.026208765621156],[2.005645327802192,49.025975572835044],[2.007735018519876,49.026795702371842],[2.010406162073533,49.02697064663667],[2.012683878546381,49.027251096989126]]}},
{"type":"Feature","properties":{"GCIdentifi":131197,"GCCalculat":452.06605404347869,"Nom":"AX_1889","code":"OISE210","source_doc":null,"date_visit":"2007-03-15"},"geometry":{"type":"LineString","coordinates":[[2.008252583890195,49.0254800407182],[2.00987381121204,49.024835645975195],[2.011876162290317,49.024132821767068],[2.013269939000517,49.023797641034136],[2.013764242241312,49.023665411858197]]}},
{"type":"Feature","properties":{"GCIdentifi":131213,"GCCalculat":1836.1926837508415,"Nom":"AX_1890","code":"OISE210","source_doc":null,"date_visit":"2008-12-15"},"geometry":{"type":"LineString","coordinates":[[2.01376457751176,49.0469225761152],[2.014155549908235,49.046693487027277],[2.017022900635274,49.045487699971503],[2.019153817209032,49.043758755391252],[2.022599962311159,49.04174371605805],[2.023254772218674,49.041370474049891],[2.024501074789805,49.040920212618502],[2.025478705824454,49.040271608228323],[2.025790360744006,49.039331476328009],[2.025548877811261,49.038890662718757],[2.025581405281297,49.038610031936052],[2.025951407768532,49.037890154349959]]}},
{"type":"Feature","properties":{"GCIdentifi":131218,"GCCalculat":439.44420313208013,"Nom":"AX_1891","code":"OISE211","source_doc":null,"date_visit":"2008-12-15"},"geometry":{"type":"LineString","coordinates":[[2.015667604887611,49.047704969276744],[2.015389551546084,49.046328646833551],[2.015389551546084,49.046328646833551]]}},
{"type":"Feature","properties":{"GCIdentifi":131219,"GCCalculat":578.31112049789488,"Nom":"AX_1892","code":"OISE211","source_doc":null,"date_visit":"2008-12-15"},"geometry":{"type":"LineString","coordinates":[[2.023236917169286,49.043113135100121],[2.023299427371416,49.04160190464205],[2.023299427371416,49.04160190464205]]}},
{"type":"Feature","properties":{"GCIdentifi":132183,"GCCalculat":492.53325812022467,"Nom":"AX_1893","code":"OISE29","source_doc":null,"date_visit":"2008-12-16"},"geometry":{"type":"LineString","coordinates":[[2.097204346316603,49.067097836282166],[2.099049779940299,49.068205457907901],[2.099906181040496,49.069232432780382],[2.099906181040496,49.069232432780382]]}},
{"type":"Feature","properties":{"GCIdentifi":131400,"GCCalculat":1403.8082701789149,"Nom":"AX_1894","code":"OISE210","source_doc":null,"date_visit":"2008-12-18"},"geometry":{"type":"LineString","coordinates":[[2.040485383110754,49.0576543142096],[2.041079002535131,49.058106126990346],[2.041828553077699,49.059338729743871]]}},
{"type":"Feature","properties":{"GCIdentifi":130707,"GCCalculat":2186.1073522507104,"Nom":"AX_1895","code":"OISE14","source_doc":null,"date_visit":null},"geometry":{"type":"LineString","coordinates":[[2.336327042279546,49.107880401597662],[2.337450714208806,49.106274698389143]]}},
{"type":"Feature","properties":{"GCIdentifi":130707,"GCCalculat":2186.1073522507104,"Nom":"AX_1896","code":"OISE14","source_doc":null,"date_visit":null},"geometry":{"type":"LineString","coordinates":[[2.337845777576604,49.105600980341769],[2.338478536321643,49.104524142915771],[2.339287404231809,49.103721275838261],[2.340075759299942,49.103255253470742],[2.340294640729781,49.102697186771451],[2.339761015564091,49.101725915247357],[2.33907009028573,49.100870296219966],[2.3378661806459,49.099730604640889],[2.337117174601895,49.099056900865598],[2.336287812807356,49.098448287303427],[2.335302908386282,49.097618480325153],[2.334177772894995,49.097164838643181],[2.333269805169889,49.09671228258744]]}},
{"type":"Feature","properties":{"GCIdentifi":130484,"GCCalculat":1415.9409796675095,"Nom":"AX_1897","code":"OISE12","source_doc":null,"date_visit":null},"geometry":{"type":"LineString","coordinates":[[2.347362652081773,49.110804995215901],[2.347465372187237,49.111193493904267],[2.347455213787257,49.111742595046813],[2.347527300904455,49.112790208891532],[2.347628337204828,49.113366229964726],[2.347445454366182,49.114037736184898]]}},
{"type":"Feature","properties":{"GCIdentifi":130791,"GCCalculat":2393.729640142004,"Nom":"AX_1898","code":"OISE14","source_doc":null,"date_visit":"2009-01-19"},"geometry":{"type":"LineString","coordinates":[[2.324582981151946,49.084396033527405],[2.324938356781844,49.085253950499954],[2.325175709779386,49.086448702969811],[2.326020033376496,49.087424567753722],[2.326955011279729,49.088339781300306],[2.326787159171607,49.08977480517958]]}},
{"type":"Feature","properties":{"GCIdentifi":130792,"GCCalculat":489.15046498175025,"Nom":"AX_1899","code":"OISE14","source_doc":null,"date_visit":"2009-01-19"},"geometry":{"type":"LineString","coordinates":[[2.320232025527277,49.085230900909579],[2.321421856480745,49.085259130998196],[2.322729552431727,49.085557995528973],[2.323466316222672,49.085675986817897],[2.323963764870741,49.085839977810537]]}},
{"type":"Feature","properties":{"GCIdentifi":130793,"GCCalculat":458.5561086325306,"Nom":"AX_1900","code":"OISE14","source_doc":null,"date_visit":"2009-01-19"},"geometry":{"type":"LineString","coordinates":[[2.328030506785072,49.087546014006513],[2.327609893779277,49.087777290681451],[2.327073005458096,49.088097273439189],[2.326989184956353,49.088318464746401]]}},
{"type":"Feature","properties":{"GCIdentifi":130793,"GCCalculat":458.5561086325306,"Nom":"AX_1901","code":"OISE14","source_doc":null,"date_visit":"2009-01-19"},"geometry":{"type":"LineString","coordinates":[[2.3270561669966,49.086839633432149],[2.326787732663659,49.086983353776063],[2.326266260357093,49.087203379030548],[2.326049071028215,49.087457136235273]]}},
{"type":"Feature","properties":{"GCIdentifi":130777,"GCCalculat":1740.9337482130722,"Nom":"AX_1902","code":"OISE14","source_doc":null,"date_visit":"2009-01-19"},"geometry":{"type":"LineString","coordinates":[[2.349399014526258,49.080869098639084],[2.348072589260818,49.081101655834232],[2.347029886778321,49.081156788632939],[2.344930836435201,49.081840780245898],[2.344242019960713,49.082227090053614],[2.342226641765857,49.082679713698802],[2.341572021511694,49.083816077552669],[2.341638774144567,49.084732336897041],[2.341823465098934,49.085372381008668],[2.341789308946298,49.085648595559633],[2.340866222163651,49.086552551522779],[2.337792422186875,49.087711416442701],[2.337253892701701,49.088230185047188],[2.336549517065731,49.088870213369738],[2.335993884166427,49.089355298001493],[2.335607456432049,49.089841494904086]]}},
{"type":"Feature","properties":{"GCIdentifi":130778,"GCCalculat":554.75909604415585,"Nom":"AX_1903","code":"OISE14","source_doc":null,"date_visit":"2009-01-19"},"geometry":{"type":"LineString","coordinates":[[2.342875758441585,49.078883255880783],[2.34327245789163,49.079809612229809],[2.343764827256534,49.080375492562823],[2.34472898363668,49.080825712340456],[2.345149561605798,49.081377015135374],[2.345435087646445,49.081664440978948]]}},
{"type":"Feature","properties":{"GCIdentifi":130779,"GCCalculat":300.01595672191092,"Nom":"AX_1904","code":"OISE14","source_doc":null,"date_visit":"2009-01-19"},"geometry":{"type":"LineString","coordinates":[[2.34000923420639,49.078828346952598],[2.340210953735646,49.078873252724527],[2.341269027025213,49.079038280104953],[2.342477519792927,49.079236976509364],[2.343065558548213,49.0793031872455]]}},
{"type":"Feature","properties":{"GCIdentifi":130777,"GCCalculat":1740.9337482130722,"Nom":"AX_1905","code":"OISE14","source_doc":null,"date_visit":"2009-01-19"},"geometry":{"type":"LineString","coordinates":[[2.34652343475746,49.078804404912418],[2.346089466391167,49.079854318775674],[2.346072512687938,49.080660560369431]]}},
{"type":"Feature","properties":{"GCIdentifi":130777,"GCCalculat":1740.9337482130722,"Nom":"AX_1906","code":"OISE14","source_doc":null,"date_visit":"2009-01-19"},"geometry":{"type":"LineString","coordinates":[[2.344543952442805,49.078144303807804],[2.344996972865338,49.078541767637589],[2.345316697209776,49.079093079017063],[2.345501393142087,49.079589371522268],[2.346022924459697,49.080585327360069],[2.346274359546913,49.081388154822058]]}},
{"type":"Feature","properties":{"GCIdentifi":130570,"GCCalculat":980.91793924691308,"Nom":"AX_1907","code":"SEINE13","source_doc":null,"date_visit":"2009-01-19"},"geometry":{"type":"LineString","coordinates":[[2.357780076452108,49.072631623298882],[2.358424121019042,49.071992588699402],[2.359080086574011,49.071254723189192],[2.359080086574011,49.071254723189192]]}},
{"type":"Feature","properties":{"GCIdentifi":130569,"GCCalculat":3843.3598534466391,"Nom":"AX_1908","code":"SEINE13","source_doc":null,"date_visit":"2009-01-19"},"geometry":{"type":"LineString","coordinates":[[2.359490664685274,49.072165289244197],[2.359257992634271,49.071642081101537],[2.359105590258488,49.070962781732099],[2.359170019327372,49.069816304820151],[2.358265189510167,49.068062568633259],[2.356837700511046,49.06671649924813],[2.356526546099126,49.066379675235424],[2.354854917584647,49.065464820511558],[2.352371597025695,49.064382737633274],[2.350534336785877,49.063278055205807],[2.349209837735122,49.062567443926255],[2.346526755620083,49.060842957435682],[2.346010567808769,49.059854871641058],[2.34553022984939,49.058844327463198],[2.345360969132674,49.058133563742707],[2.34545828914119,49.057691138441747],[2.345000255117334,49.056870358273386],[2.344448349272743,49.056696359341657],[2.344472091398488,49.055464551957904],[2.345664325656684,49.053765556458949],[2.347797726099005,49.051706041176935],[2.349807975721085,49.049800317124706],[2.35034242522886,49.04882783928916],[2.350711314828775,49.048451634192489],[2.350711314828775,49.048451634192489]]}},
{"type":"Feature","properties":{"GCIdentifi":130551,"GCCalculat":803.77049272946135,"Nom":"AX_1909","code":"SEINE13","source_doc":null,"date_visit":null},"geometry":{"type":"LineString","coordinates":[[2.371944317481409,49.054647615726601],[2.372273676594671,49.054118629930684],[2.37318158048587,49.052749569545981],[2.373787531733952,49.052045331672552],[2.373787531733952,49.052045331672552]]}},
{"type":"Feature","properties":{"GCIdentifi":130546,"GCCalculat":2156.0928432854716,"Nom":"AX_1910","code":"SEINE13","source_doc":null,"date_visit":"2009-01-19"},"geometry":{"type":"LineString","coordinates":[[2.385824919508289,49.060727361260078],[2.384679118732338,49.059710526935895],[2.382913152454562,49.058738845770783],[2.380666371067306,49.05686003958715],[2.379077657451798,49.055133656459461],[2.377735439678736,49.053876524046053],[2.376763883324453,49.052446334884223],[2.376036924512321,49.051313589177731],[2.376719076760637,49.049839029642584],[2.377731346214543,49.048912296705112],[2.378716529047076,49.048344901021885],[2.379726904071116,49.047256466296218],[2.380425113824553,49.046753142677282],[2.380425113824553,49.046753142677282]]}},
{"type":"Feature","properties":{"GCIdentifi":130539,"GCCalculat":490.83417070071499,"Nom":"AX_1911","code":"SEINE13","source_doc":null,"date_visit":"2008-03-19"},"geometry":{"type":"LineString","coordinates":[[2.375482010587989,49.062661535091522],[2.374950655788917,49.062767257860983],[2.374101517506714,49.062911273807522],[2.373067810842783,49.063054195043456],[2.372328085688172,49.063298092238135],[2.371824360817791,49.063773227937936],[2.371740802056949,49.064049476330339]]}},
{"type":"Feature","properties":{"GCIdentifi":130523,"GCCalculat":7173.9257799605439,"Nom":"AX_1912","code":"SEINE13","source_doc":null,"date_visit":"2010-11-25"},"geometry":{"type":"LineString","coordinates":[[2.413355526948702,49.082411457560418],[2.411970638510019,49.081672805011735],[2.408818956639627,49.079661504384802],[2.406188065826962,49.078296569511494],[2.403924039512889,49.075095489476432],[2.40187824032308,49.073559643275523],[2.400951238511738,49.072946184043573],[2.400004227885747,49.072444662305912],[2.388685703041356,49.067681178131039]]}},
{"type":"Feature","properties":{"GCIdentifi":130523,"GCCalculat":7173.9257799605439,"Nom":"AX_1913","code":"SEINE13","source_doc":null,"date_visit":"2009-01-19"},"geometry":{"type":"LineString","coordinates":[[2.388685703041356,49.067681178131039],[2.384178118848638,49.066489510486662],[2.377103320675729,49.066502321327718],[2.375033539679619,49.06607857569908],[2.372428462821675,49.065034024364344],[2.371749369359257,49.064065193746814],[2.370873927353545,49.063303022073221],[2.370221987363936,49.061951273694092],[2.369002603374724,49.060342550260962],[2.36713067006662,49.058808101295831],[2.365770171367517,49.058042657407405],[2.365629871827725,49.057747371970017],[2.36534777304409,49.057444269770613],[2.36483499050018,49.057048024133586],[2.364040019387543,49.056181350066815],[2.363603504129148,49.054606070054788],[2.362524961286309,49.053670945814417],[2.360511800349465,49.05240702454067],[2.357166057351097,49.050680703266671],[2.355959898125938,49.050537179647492],[2.354280487096573,49.050200589871672],[2.352153271160336,49.04907240642833],[2.350916350864492,49.048649233377098],[2.350473859010521,49.048420236592165],[2.349689666288743,49.048037416472695],[2.348917426804481,49.047617555175769],[2.348097348259786,49.047056192967872],[2.347321655523668,49.046373558027561],[2.345741281464511,49.044739910888168],[2.346122157897886,49.044561336716228],[2.346031609268306,49.044452436869605],[2.346212662003941,49.044315423075297],[2.345807761546977,49.043989832088101]]}},
{"type":"Feature","properties":{"GCIdentifi":130220,"GCCalculat":1921.9509625082574,"Nom":"AX_1914","code":"SEINE12","source_doc":null,"date_visit":"2010-10-28"},"geometry":{"type":"LineString","coordinates":[[2.414696553598236,49.073686232095589],[2.412737311845163,49.073327107016048],[2.411326967286621,49.073113543630235],[2.410177358490313,49.07238554573135],[2.408943645545028,49.071386959322382],[2.408190260454408,49.070408304034991],[2.407996306786182,49.069823411908473],[2.407023488288666,49.068348539519256]]}},
{"type":"Feature","properties":{"GCIdentifi":130220,"GCCalculat":1921.9509625082574,"Nom":"AX_1915","code":"SEINE12","source_doc":null,"date_visit":"2009-01-19"},"geometry":{"type":"LineString","coordinates":[[2.401165929917675,49.064976603227542],[2.400267824419075,49.064203439919332],[2.399215637911325,49.063201297695173],[2.39877721193216,49.062418891668067],[2.398241086755728,49.061402990906394],[2.398241086755728,49.061402990906394]]}},
{"type":"Feature","properties":{"GCIdentifi":130222,"GCCalculat":2363.1064990628811,"Nom":"AX_1916","code":"SEINE12","source_doc":null,"date_visit":"2009-01-19"},"geometry":{"type":"LineString","coordinates":[[2.394511690980765,49.066424167252059],[2.394470002243109,49.065829056412042],[2.395564317169271,49.064929072592399],[2.396560864875941,49.063759644600047],[2.397790960099509,49.062193727087276],[2.398227328827888,49.061322140104984],[2.398471672970095,49.05994650062857],[2.39862084875818,49.058993094881913],[2.399083694260527,49.057490429702106],[2.399312689777783,49.05616308272878],[2.399479180454613,49.055421893762976],[2.399614167714887,49.054073239692457],[2.400101696263536,49.053136848394395]]}},
{"type":"Feature","properties":{"GCIdentifi":130242,"GCCalculat":696.22432071261699,"Nom":"AX_1917","code":"SEINE12","source_doc":null,"date_visit":"2009-01-19"},"geometry":{"type":"LineString","coordinates":[[2.39212986587594,49.042268949029555],[2.392677661213407,49.041818419249211],[2.393578965083659,49.041368835936801],[2.395492881805703,49.040685152152101]]}},
{"type":"Feature","properties":{"GCIdentifi":0,"GCCalculat":0.0,"Nom":"AX_1918","code":"SEINE12","source_doc":null,"date_visit":"2009-01-19"},"geometry":{"type":"LineString","coordinates":[[2.415999834046661,49.048605963038476],[2.414040565587258,49.04978631268871],[2.412528742943332,49.050929281339329],[2.411127139967091,49.051556756569454],[2.409053641473377,49.051889334186725],[2.408100138846852,49.051742820995699],[2.405633108672358,49.05163429315752],[2.404568922607401,49.051744955004438],[2.403895824639269,49.051745348590615],[2.403838586469439,49.051118819345348],[2.403444000933793,49.049865924528277],[2.403612322892167,49.049276328473844]]}},
{"type":"Feature","properties":{"GCIdentifi":131793,"GCCalculat":655.1938831403138,"Nom":"AX_1919","code":"OISE24","source_doc":null,"date_visit":"2009-01-20"},"geometry":{"type":"LineString","coordinates":[[2.131200029580933,49.143968310711976],[2.132691648087017,49.144177569876845],[2.136427766533956,49.14425039844145],[2.13848585894912,49.144054104128429],[2.139889229934556,49.144086835342343],[2.144030620799012,49.143372977735574],[2.146414843021482,49.143807007889514],[2.150337599209661,49.145209162804349]]}},
{"type":"Feature","properties":{"GCIdentifi":0,"GCCalculat":0.0,"Nom":"AX_1920","code":null,"source_doc":null,"date_visit":"2009-01-20"},"geometry":{"type":"LineString","coordinates":[[2.133757492040541,49.139719435582307],[2.139512361997465,49.139024294629408],[2.14007521034744,49.138641240501777],[2.140147174616198,49.138196710039153],[2.140243321075309,49.137690455644645],[2.14066471494731,49.137583384359516],[2.141786253156542,49.137861515020113],[2.14302559176944,49.137787248939397],[2.143258630677286,49.137711303904183],[2.143776802602767,49.136929534299121]]}},
{"type":"Feature","properties":{"GCIdentifi":131665,"GCCalculat":371.90981201147679,"Nom":"AX_1921","code":"OISE26","source_doc":null,"date_visit":"2009-01-20"},"geometry":{"type":"LineString","coordinates":[[2.135691068655226,49.121718712660261],[2.135187617578388,49.12057587975675],[2.1349242642778,49.119299825372721]]}},
{"type":"Feature","properties":{"GCIdentifi":0,"GCCalculat":0.0,"Nom":"AX_1922","code":null,"source_doc":null,"date_visit":"2009-04-01"},"geometry":{"type":"LineString","coordinates":[[2.00650899628412,49.170219962558619],[2.006372400205328,49.169137116774188],[2.006691176648686,49.168072430909554],[2.007211909503683,49.16702290436919],[2.008729908662975,49.16534854891534]]}},
{"type":"Feature","properties":{"GCIdentifi":0,"GCCalculat":0.0,"Nom":"AX_1923","code":null,"source_doc":null,"date_visit":"2009-04-01"},"geometry":{"type":"LineString","coordinates":[[1.997486209845971,49.162690597219225],[2.002227644756167,49.163917222773264],[2.004607422697697,49.164723622705132],[2.006812566478397,49.165279061844679],[2.008729908662975,49.16534854891534],[2.009147087267069,49.165185796838543]]}},
{"type":"Feature","properties":{"GCIdentifi":0,"GCCalculat":0.0,"Nom":"AX_1925","code":null,"source_doc":null,"date_visit":null},"geometry":{"type":"LineString","coordinates":[[2.255623667847932,49.054911684854446],[2.256206631825795,49.054683024444074],[2.256764082281707,49.05438697054543],[2.257128279315815,49.054206452707092],[2.257391470539273,49.054145999420477],[2.257760696883866,49.0540373294548]]}},
{"type":"Feature","properties":{"GCIdentifi":0,"GCCalculat":0.0,"Nom":"AX_1926","code":null,"source_doc":null,"date_visit":null},"geometry":{"type":"LineString","coordinates":[[2.245722451267941,49.051471619027645],[2.245343202764159,49.052393199474551],[2.244995250819351,49.053010506474791],[2.244556209185766,49.053907330217235],[2.244433755241889,49.054532670631694],[2.244483445994124,49.055362500256145]]}},
{"type":"Feature","properties":{"GCIdentifi":0,"GCCalculat":0.0,"Nom":"AX_1927","code":null,"source_doc":null,"date_visit":"2009-04-23"},"geometry":{"type":"LineString","coordinates":[[1.739821104409817,49.181035320737294],[1.74089966505249,49.180658002964897],[1.742031920938858,49.180228195078513],[1.743036268490923,49.179751688164806]]}},
{"type":"Feature","properties":{"GCIdentifi":0,"GCCalculat":0.0,"Nom":"AX_1928","code":null,"source_doc":null,"date_visit":"2009-04-24"},"geometry":{"type":"LineString","coordinates":[[1.699629746264336,49.098020622351498],[1.699942024139024,49.098204269635104],[1.700277877572412,49.098416101242165],[1.700534137555093,49.098569115762913]]}},
{"type":"Feature","properties":{"GCIdentifi":0,"GCCalculat":0.0,"Nom":"AX_1929","code":null,"source_doc":null,"date_visit":"2009-04-24"},"geometry":{"type":"LineString","coordinates":[[1.697863406687808,49.097744647702598],[1.698189965492928,49.098146223098048],[1.698376694182113,49.098386444071991],[1.69857091092971,49.098708675360371]]}},
{"type":"Feature","properties":{"GCIdentifi":0,"GCCalculat":0.0,"Nom":"AX_1930","code":null,"source_doc":null,"date_visit":"2009-04-24"},"geometry":{"type":"LineString","coordinates":[[1.686861133161811,49.11622314784627],[1.685865459871313,49.115968223958255],[1.684055427293485,49.115590749596322],[1.683295016674491,49.115397762631993]]}},
{"type":"Feature","properties":{"GCIdentifi":132761,"GCCalculat":1212.2194664289434,"Nom":"AX_1931","code":"EPTE19","source_doc":null,"date_visit":"2011-01-14"},"geometry":{"type":"LineString","coordinates":[[1.671013659538965,49.110745646163615],[1.66902028492496,49.111300002120593],[1.667046748757581,49.111959044942701],[1.666267990146508,49.112537826370364],[1.664962605159863,49.113225374388044],[1.663738510629289,49.113297738424073],[1.662607996971535,49.113127582479358],[1.661037011528903,49.11311010359924],[1.659912772259301,49.11354173184381],[1.658889808537574,49.11427534412902]]}},
{"type":"Feature","properties":{"GCIdentifi":0,"GCCalculat":0.0,"Nom":"AX_1932","code":null,"source_doc":null,"date_visit":"2009-05-14"},"geometry":{"type":"LineString","coordinates":[[2.329155367919761,49.000093455487523],[2.330355123511751,49.000093510782605],[2.331510484910335,49.000078982002272],[2.332641958187096,49.00002063347327],[2.333496987588816,48.999962276972362],[2.33447487341558,48.999808467670853],[2.335374231915125,48.999597383945627],[2.336461349818916,48.999297579224901],[2.337394841067749,48.998881005182277],[2.338509189194221,48.998498081061975]]}},
{"type":"Feature","properties":{"GCIdentifi":0,"GCCalculat":0.0,"Nom":"AX_1933","code":null,"source_doc":null,"date_visit":"2009-05-14"},"geometry":{"type":"LineString","coordinates":[[2.326160820199778,49.013477867395466],[2.326119908951835,49.013147721726853],[2.325879331225237,49.012746854891205],[2.325459480326741,49.01237063498855],[2.325345142305974,49.012236997168898]]}},
{"type":"Feature","properties":{"GCIdentifi":0,"GCCalculat":0.0,"Nom":"AX_1934","code":null,"source_doc":null,"date_visit":"2009-06-22"},"geometry":{"type":"LineString","coordinates":[[2.238815479000426,49.068735682430564],[2.238928685223156,49.067670172944439],[2.238772661148055,49.06706033711145],[2.238396035271673,49.066532259525651],[2.237796936683923,49.066179163022419],[2.237278181683653,49.065817158853939]]}},
{"type":"Feature","properties":{"GCIdentifi":0,"GCCalculat":0.0,"Nom":"AX_1935","code":null,"source_doc":null,"date_visit":"2009-06-22"},"geometry":{"type":"LineString","coordinates":[[2.323696395430496,49.082046904000833],[2.32297163020443,49.081868287410629],[2.322317046200978,49.081460586275952],[2.321424959592442,49.080784497761634],[2.320883211090961,49.080339768111621]]}},
{"type":"Feature","properties":{"GCIdentifi":0,"GCCalculat":0.0,"Nom":"AX_1936","code":null,"source_doc":null,"date_visit":"2009-06-22"},"geometry":{"type":"LineString","coordinates":[[2.320855875775604,49.080339775520486],[2.319259582876833,49.079575976700355],[2.318447825797091,49.079095258812316]]}},
{"type":"Feature","properties":{"GCIdentifi":130801,"GCCalculat":3218.7114745912754,"Nom":"AX_1937","code":"OISE14","source_doc":null,"date_visit":"2009-06-22"},"geometry":{"type":"LineString","coordinates":[[2.303695193883485,49.075712106984369],[2.30412229817995,49.076032239830369],[2.304711448174,49.076837511947154],[2.305523727217841,49.07895097619803],[2.305309457876383,49.079885142656927],[2.30468473457308,49.081126868199767],[2.304684100810929,49.082099258939841],[2.304683303607572,49.083341154513505],[2.304605875570858,49.084109177539247],[2.304253179155749,49.084889472232277],[2.304117206969251,49.08630425530243],[2.305080502195572,49.087693511260639],[2.305264744298698,49.088340353278411],[2.305479852969991,49.088813133701812],[2.305390541632894,49.08944751435503],[2.303570056595786,49.091507475205162],[2.303012275981196,49.092083345398088]]}},
{"type":"Feature","properties":{"GCIdentifi":0,"GCCalculat":0.0,"Nom":"AX_1938","code":null,"source_doc":null,"date_visit":"2009-10-01"},"geometry":{"type":"LineString","coordinates":[[2.261821741991671,49.050274782907067],[2.262620008853138,49.050306994141089],[2.263101648612232,49.050298529774572],[2.263637038844798,49.050207091281557],[2.264137503048781,49.050123259489276],[2.264626286017323,49.050062364582338],[2.265219961844906,49.049879170986152],[2.265813571562638,49.049734198954411],[2.266654546847927,49.04949882730407]]}},
{"type":"Feature","properties":{"GCIdentifi":130823,"GCCalculat":3398.5435493706682,"Nom":"AX_1939","code":"OISE14","source_doc":null,"date_visit":"2009-10-01"},"geometry":{"type":"LineString","coordinates":[[2.270729292703001,49.087538496196942],[2.269678858959356,49.088135719638061],[2.268816620746545,49.088485072984867],[2.267671957219069,49.089141257063432],[2.267148183296168,49.089574375462874],[2.266677068993477,49.0902534099788],[2.266256320612677,49.090844721690949],[2.265590906216782,49.091779869376154],[2.265379507190845,49.092618223502583],[2.265048404757078,49.093303248508334],[2.263670268544479,49.094470162210044],[2.263215960350133,49.095027762080313],[2.263162291456059,49.095710622849815],[2.263519315015017,49.097114426017228]]}},
{"type":"Feature","properties":{"GCIdentifi":130821,"GCCalculat":1150.2574784238077,"Nom":"AX_1940","code":"OISE14","source_doc":null,"date_visit":"2009-10-01"},"geometry":{"type":"LineString","coordinates":[[2.276079461872219,49.095233119466521],[2.277077428414971,49.095737832197848],[2.278856162777045,49.096826799339333],[2.280115157011498,49.097897513315637],[2.282140901376188,49.098438605326891],[2.282606537613204,49.099501027436624]]}},
{"type":"Feature","properties":{"GCIdentifi":130821,"GCCalculat":1150.2574784238077,"Nom":"AX_1941","code":"OISE14","source_doc":null,"date_visit":"2010-10-25"},"geometry":{"type":"LineString","coordinates":[[2.283153138539906,49.100057122119878],[2.283795309486775,49.100813116122765],[2.285822368321442,49.101884137876283],[2.287974964900536,49.102869243150401],[2.289670607035261,49.103694349218678]]}},
{"type":"Feature","properties":{"GCIdentifi":130814,"GCCalculat":1019.2992724919087,"Nom":"AX_1942","code":"OISE14","source_doc":null,"date_visit":"2009-10-01"},"geometry":{"type":"LineString","coordinates":[[2.291334707262831,49.091906356415599],[2.290926932386561,49.092481724445896],[2.290771040803222,49.092856221429457],[2.290557120071492,49.093586127325466],[2.290355175546418,49.094030764637878],[2.290311268602343,49.0947748722404],[2.290485184337025,49.095289208799649],[2.290742587261612,49.095580174606418],[2.290977168107415,49.095807048278225],[2.291104991135739,49.09617619477379],[2.290676290645027,49.097542898818837]]}},
{"type":"Feature","properties":{"GCIdentifi":130814,"GCCalculat":1019.2992724919087,"Nom":"AX_1943","code":"OISE14","source_doc":null,"date_visit":"2010-10-25"},"geometry":{"type":"LineString","coordinates":[[2.29058436237172,49.098423248074667],[2.290256084883806,49.098875571898354],[2.289752401530247,49.099876968967756],[2.290702405503467,49.102953840149333]]}},
{"type":"Feature","properties":{"GCIdentifi":0,"GCCalculat":0.0,"Nom":"AX_1944","code":null,"source_doc":null,"date_visit":"2009-10-01"},"geometry":{"type":"LineString","coordinates":[[2.284818255081976,49.079527615468187],[2.284703555828833,49.079999644590558],[2.284669635057435,49.080612154797521],[2.284669242394195,49.080973123878053],[2.284668527021955,49.081662197474834],[2.283834060318382,49.083411909405143]]}},
{"type":"Feature","properties":{"GCIdentifi":130915,"GCCalculat":1402.9741771455722,"Nom":"AX_1945","code":"SEINE14","source_doc":null,"date_visit":null},"geometry":{"type":"LineString","coordinates":[[2.2109281558477,48.981960595834764],[2.211222322544574,48.982518624874118],[2.211910944141324,48.982947386149014],[2.212362648577296,48.983557497587285],[2.213856626161381,48.985037694480781]]}},
{"type":"Feature","properties":{"GCIdentifi":130917,"GCCalculat":1357.8141263366663,"Nom":"AX_1946","code":"SEINE14","source_doc":null,"date_visit":null},"geometry":{"type":"LineString","coordinates":[[2.217852715858322,48.978647637852411],[2.220612067393319,48.978326215832055],[2.221793960720931,48.978483041108113],[2.223446704034521,48.979522302067288],[2.223406196936174,48.980015123435209]]}},
{"type":"Feature","properties":{"GCIdentifi":0,"GCCalculat":0.0,"Nom":"AX_1947","code":null,"source_doc":null,"date_visit":"2009-11-24"},"geometry":{"type":"LineString","coordinates":[[2.026787144454975,49.168505707513283],[2.027737714212755,49.167665243757163],[2.028499657239258,49.166749899770302],[2.029032255828119,49.166230653686895],[2.029830123028619,49.165612921659942],[2.030892324699538,49.165045487074053],[2.031404733030966,49.164724522428308],[2.033289545962782,49.162572398285967],[2.033805426189162,49.161681161168659]]}},
{"type":"Feature","properties":{"GCIdentifi":0,"GCCalculat":0.0,"Nom":"AX_1948","code":null,"source_doc":null,"date_visit":"2009-11-24"},"geometry":{"type":"LineString","coordinates":[[2.027816962051619,49.182796180040803],[2.027846218128687,49.182525235666425],[2.027802623451332,49.182151690177768],[2.027749511446751,49.181826304987347],[2.027402651046423,49.181464004182885],[2.027010954071512,49.18092691240539],[2.02688391265005,49.18067359534642],[2.026988495502322,49.18011374505523],[2.027772570901386,49.179609938373524],[2.028271529633232,49.179153529406008],[2.028632588909846,49.178714833561465]]}},
{"type":"Feature","properties":{"GCIdentifi":0,"GCCalculat":0.0,"Nom":"AX_1949","code":null,"source_doc":null,"date_visit":"2009-11-24"},"geometry":{"type":"LineString","coordinates":[[2.025125320319651,49.182728687260955],[2.025693252039275,49.181543723307151],[2.025786947535039,49.181254868468635],[2.025908756364991,49.180875745263315]]}},
{"type":"Feature","properties":{"GCIdentifi":0,"GCCalculat":0.0,"Nom":"AX_1950","code":null,"source_doc":null,"date_visit":"2009-11-24"},"geometry":{"type":"LineString","coordinates":[[2.022911914750332,49.181144653662145],[2.02393149229853,49.181183571150626],[2.024703457084005,49.181149544323105],[2.025329290764139,49.180982592289617],[2.025936322382925,49.180875833331619],[2.026931171696752,49.180462937636243]]}},
{"type":"Feature","properties":{"GCIdentifi":0,"GCCalculat":0.0,"Nom":"AX_1951","code":null,"source_doc":null,"date_visit":"2009-11-24"},"geometry":{"type":"LineString","coordinates":[[2.057258323056948,49.198664055514406],[2.059736823831208,49.198330367461296],[2.06100548676415,49.19805034020456],[2.061438906233813,49.197787163575235],[2.062450065110107,49.197204566574449],[2.063116059528918,49.196545641757425],[2.063376899311713,49.196244306976567],[2.064042531537995,49.19564198966426],[2.064304103718777,49.19520855458066],[2.064508796342648,49.194642896947684]]}},
{"type":"Feature","properties":{"GCIdentifi":0,"GCCalculat":0.0,"Nom":"AX_1954","code":null,"source_doc":null,"date_visit":"2009-11-26"},"geometry":{"type":"LineString","coordinates":[[2.082749649295399,49.198072660414866],[2.083636216423967,49.197543531695139],[2.084548203638361,49.196837450906024],[2.085165410482894,49.196146819066328],[2.085930357192812,49.195376035896039],[2.086227483007018,49.19486171727597],[2.086550280941603,49.194122208128654],[2.086578436122232,49.193382055482779],[2.08648208052267,49.192995668251193],[2.086385362395353,49.192689728855484],[2.086313527076212,49.192319477058]]}},
{"type":"Feature","properties":{"GCIdentifi":0,"GCCalculat":0.0,"Nom":"AX_1955","code":null,"source_doc":null,"date_visit":"2009-11-26"},"geometry":{"type":"LineString","coordinates":[[2.089881995647347,49.211024870841584],[2.087392269745928,49.207833675937827],[2.08538612756293,49.206252566769287],[2.083436374893997,49.20322331916671],[2.083003561181567,49.201355828514615],[2.082766897782936,49.199553103634031],[2.082867816194225,49.199006219801142],[2.083605576016834,49.198782502881741],[2.086405748817215,49.198595277935532],[2.088077481868173,49.198180399024068],[2.089748738947702,49.197862001422955],[2.091816191374551,49.196836414097035],[2.092311261971418,49.196000683745524],[2.092315975901587,49.195003017696592],[2.092370884040328,49.193780200839335],[2.092572035030967,49.192782951376422]]}},
{"type":"Feature","properties":{"GCIdentifi":0,"GCCalculat":0.0,"Nom":"AX_1956","code":null,"source_doc":null,"date_visit":"2009-11-24"},"geometry":{"type":"LineString","coordinates":[[1.985545996562443,49.166256679655795],[1.986283926928021,49.167120574747663],[1.987286286560472,49.167921501750676],[1.988006746770545,49.168235330641053],[1.989183726768722,49.168525537779345],[1.98969369751397,49.16903823841627],[1.990393922486609,49.169539026948833],[1.99073242426511,49.170101103362605],[1.990860264055033,49.17088700390488],[1.990761825839307,49.171385472307783],[1.990320103939447,49.17203257415629],[1.990086855579587,49.172780029498739],[1.990520051434969,49.173404731341805],[1.990991624550954,49.173979662564484]]}},
{"type":"Feature","properties":{"GCIdentifi":130289,"GCCalculat":1351.3179361633111,"Nom":"AX_1957","code":"SEINE12","source_doc":null,"date_visit":"2009-03-03"},"geometry":{"type":"LineString","coordinates":[[2.417780578013248,49.011100429267877],[2.417407838256052,49.010205221461817],[2.417963136493833,49.009227974592548],[2.417887675206932,49.009061487031772],[2.418638697137729,49.008017806635436],[2.419135403284936,49.007232692831678],[2.421123918779881,49.006019530936648],[2.422282980320813,49.005119249141636]]}},
{"type":"Feature","properties":{"GCIdentifi":129958,"GCCalculat":1797.2466701879243,"Nom":"AX_1958","code":"SEINE11","source_doc":null,"date_visit":"2009-03-03"},"geometry":{"type":"LineString","coordinates":[[2.482814978761693,48.98432551905772],[2.483497604478836,48.983163950716353],[2.483697384993964,48.981478266482917],[2.482783375650358,48.979740419401729],[2.481977885110068,48.979027525386897],[2.480809365205678,48.977786235009262],[2.479721750505428,48.976729941674485]]}},
{"type":"Feature","properties":{"GCIdentifi":129958,"GCCalculat":1797.2466701879243,"Nom":"AX_1959","code":"SEINE11","source_doc":null,"date_visit":"2009-03-03"},"geometry":{"type":"LineString","coordinates":[[2.479117619247797,48.976175410434571],[2.478191506952959,48.975383307565643],[2.47750647914769,48.974617345119754],[2.476862050122435,48.973983528199724],[2.475976246388691,48.973217786057972],[2.475170801151873,48.972451965715948],[2.474525685305683,48.971553735483518],[2.473880772577104,48.970734806376306],[2.472933714703828,48.969559270974472]]}},
{"type":"Feature","properties":{"GCIdentifi":0,"GCCalculat":0.0,"Nom":"AX_1960","code":null,"source_doc":null,"date_visit":"2009-04-22"},"geometry":{"type":"LineString","coordinates":[[1.931630907137262,49.045950685443643],[1.933945686053788,49.044986767874626],[1.936074188651537,49.044173029293503],[1.937780200564696,49.043377252035611],[1.938764935035182,49.042843936231137],[1.939111650815437,49.042516256381752]]}},
{"type":"Feature","properties":{"GCIdentifi":131140,"GCCalculat":1557.8709609167333,"Nom":"AX_1961","code":"SEINE18","source_doc":null,"date_visit":"2009-03-16"},"geometry":{"type":"LineString","coordinates":[[2.138238855178432,49.004354292617826],[2.137147909008129,49.004428385103765],[2.135465791483969,49.004737771354996],[2.133154293998841,49.0051979716525],[2.132678727894029,49.005399727106486]]}},
{"type":"Feature","properties":{"GCIdentifi":130985,"GCCalculat":4922.7857427148601,"Nom":"AX_1962","code":"OISE110","source_doc":null,"date_visit":"2009-03-02"},"geometry":{"type":"LineString","coordinates":[[2.172481100610933,49.018747627244466],[2.171723880441995,49.018347398155669],[2.169547673447492,49.017968595972775],[2.167585235276947,49.017725069844325],[2.165782279074173,49.017816299655557],[2.164477022165081,49.018495210387755]]}},
{"type":"Feature","properties":{"GCIdentifi":0,"GCCalculat":0.0,"Nom":"AX_1963","code":null,"source_doc":null,"date_visit":"2009-11-26"},"geometry":{"type":"LineString","coordinates":[[2.063306070005532,49.190735000565383],[2.063723651269102,49.190855677805722],[2.063923018757388,49.191022175495938],[2.06383198542695,49.191504552967132],[2.063547346555041,49.191843646850714],[2.063127800964772,49.192074293873162],[2.062644353700923,49.192150355101887],[2.06196090790383,49.192171900535421],[2.061589073486105,49.19229841170857],[2.061253058456946,49.192340065408892],[2.060758088274512,49.192365922654929],[2.060539805971199,49.192419452172324]]}},
{"type":"Feature","properties":{"GCIdentifi":130596,"GCCalculat":3326.3917212945507,"Nom":"AX_1965","code":"SEINE13","source_doc":null,"date_visit":"2009-03-03"},"geometry":{"type":"LineString","coordinates":[[2.411106514824548,49.010781408119982],[2.410878533789044,49.009794143918704],[2.41070726986313,49.008862737533406],[2.410337076871201,49.007447048967968],[2.410189475678476,49.006728835406946],[2.410078686362016,49.0056857603374],[2.409761353565373,49.004615869832186],[2.4091454833047,49.003644969282654],[2.408819541613194,49.003155418208664]]}},
{"type":"Feature","properties":{"GCIdentifi":130596,"GCCalculat":3326.3917212945507,"Nom":"AX_1966","code":"SEINE13","source_doc":null,"date_visit":"2009-03-03"},"geometry":{"type":"LineString","coordinates":[[2.40581912387022,48.995101709288782],[2.405316266388036,48.994582816461815],[2.404478534612231,48.993906764447274],[2.403592657872567,48.992994750720982],[2.402682933375619,48.992114200900893],[2.401800960444523,48.991518920071769],[2.401106328369214,48.991392430639692],[2.399589016127158,48.991060889181057],[2.398069568657744,48.990386861585421],[2.397502442607488,48.989843690958566],[2.396108691511103,48.988631724190967],[2.395351648320722,48.987622643964379],[2.39482525146881,48.986833542429281],[2.394647346625433,48.986452958990881],[2.394552510015762,48.985583904398787]]}},
{"type":"Feature","properties":{"GCIdentifi":130984,"GCCalculat":2627.1037546890602,"Nom":"AX_1967","code":"OISE110","source_doc":null,"date_visit":"2010-01-05"},"geometry":{"type":"LineString","coordinates":[[2.200448682395043,48.984454554873082],[2.200648407650769,48.985253233345624],[2.200658309098144,48.986578862308221],[2.200682888909675,48.987934514714681]]}},
{"type":"Feature","properties":{"GCIdentifi":131003,"GCCalculat":3662.4440982832516,"Nom":"AX_1968","code":"OISE110","source_doc":null,"date_visit":"2009-10-06"},"geometry":{"type":"LineString","coordinates":[[2.206781771181487,49.024169617858043],[2.205374221655512,49.02376377846182],[2.203611255068293,49.0234551907023],[2.201808558170576,49.022715348600478],[2.200128066347215,49.022246250358712],[2.199240961942574,49.021832068913476]]}},
{"type":"Feature","properties":{"GCIdentifi":0,"GCCalculat":0.0,"Nom":"AX_1969","code":null,"source_doc":null,"date_visit":"2010-01-17"},"geometry":{"type":"LineString","coordinates":[[2.206621475286649,49.124128087501255],[2.207406594266105,49.124640979301809],[2.207943265608401,49.12496185566085],[2.208575633352721,49.125346820192135],[2.209133364264958,49.125553593995505]]}},
{"type":"Feature","properties":{"GCIdentifi":0,"GCCalculat":0.0,"Nom":"AX_1970","code":null,"source_doc":null,"date_visit":"2010-01-17"},"geometry":{"type":"LineString","coordinates":[[2.197008660195399,49.136643452557458],[2.196706051425641,49.136197172994223],[2.196150829012938,49.135825361577332],[2.195345306770856,49.135375699629449],[2.194658440752027,49.134761826583691],[2.19043316153114,49.130391206825273]]}},
{"type":"Feature","properties":{"GCIdentifi":0,"GCCalculat":0.0,"Nom":"AX_1971","code":null,"source_doc":null,"date_visit":"2010-01-17"},"geometry":{"type":"LineString","coordinates":[[2.198708729701909,49.111995713690021],[2.199436988488973,49.112034389166823],[2.200157940810248,49.11206820118182],[2.201093149343199,49.112055075847799],[2.20135866099553,49.11202301306453],[2.201852939005061,49.111958632922494],[2.202628029381766,49.111823614169765],[2.202797775992253,49.111795741754335],[2.203201520607546,49.111870906614087],[2.203693243277475,49.11197083075438],[2.204221289274165,49.112104801238985],[2.20449121421146,49.112266096034332],[2.204824049908912,49.112645265504661],[2.205097865134578,49.113033700711711]]}},
{"type":"Feature","properties":{"GCIdentifi":0,"GCCalculat":0.0,"Nom":"AX_1972","code":null,"source_doc":null,"date_visit":"2010-02-18"},"geometry":{"type":"LineString","coordinates":[[2.246447770411338,48.972828707694909],[2.246283953739497,48.972296886598862],[2.245791601640599,48.971943698166022],[2.245372779865174,48.971252189321262],[2.245119584923628,48.970968244017662],[2.244778008072486,48.970864458427386],[2.244540345095322,48.970693566601696],[2.244012561452356,48.97041920164073],[2.243551908532819,48.97024690197388],[2.243551908532819,48.97024690197388]]}},
{"type":"Feature","properties":{"GCIdentifi":132143,"GCCalculat":7151.3002212120336,"Nom":"AX_1973","code":"OISE29","source_doc":null,"date_visit":"2010-03-02"},"geometry":{"type":"LineString","coordinates":[[2.045082301891226,49.100615468245586],[2.047436569293662,49.100002952059484],[2.05108628617123,49.100163106786617],[2.055263752665406,49.100156759596629]]}},
{"type":"Feature","properties":{"GCIdentifi":132143,"GCCalculat":7151.3002212120336,"Nom":"AX_1974","code":"OISE29","source_doc":null,"date_visit":"2010-02-03"},"geometry":{"type":"LineString","coordinates":[[2.059328542420202,49.099169235375598],[2.061192022422834,49.099420121091839],[2.062783349045167,49.099556333591217],[2.063996734203069,49.099745818290323],[2.065363703078185,49.099970275603873],[2.066933041399974,49.099608602813468],[2.068187884091766,49.099215708183337],[2.071546194780058,49.099252943217387],[2.072378170596313,49.098730449614564],[2.072788566747945,49.097822090334397],[2.072937326219055,49.097170549931768],[2.073203976236753,49.096632450116324],[2.07482968366173,49.095800963241345],[2.077850988976127,49.094184462139921],[2.08136363231836,49.092743823639957],[2.084438946000374,49.090852966053156],[2.084666274208856,49.089522861128607],[2.08420900825683,49.088002605450136],[2.083163317779829,49.086219414737371],[2.084273048604737,49.083496631325957],[2.086428719061672,49.081125357732923],[2.086088304662492,49.07914834908194],[2.086205061873056,49.078033588435531],[2.088096624637556,49.077138283835303],[2.088597420214866,49.075781814840077],[2.089587026731854,49.074758754609896],[2.091465158378252,49.074123881225717],[2.092887801909069,49.072956884875126],[2.093654768020749,49.07269462928992],[2.095189234649939,49.07241041826429],[2.09687260387563,49.071370801757986],[2.098115988572559,49.070833300158313],[2.099618448143148,49.069722526653628],[2.100059083623216,49.069063188372105],[2.101467623946773,49.068275588503681],[2.102710363878344,49.067845821140558],[2.104445337329761,49.067394586559473],[2.104886109138459,49.067059734751098]]}},
{"type":"Feature","properties":{"GCIdentifi":0,"GCCalculat":0.0,"Nom":"AX_1975","code":null,"source_doc":null,"date_visit":"2010-03-02"},"geometry":{"type":"LineString","coordinates":[[2.047048168617422,49.088445336140701],[2.048266084435053,49.087610643608791],[2.049250212743293,49.087087323164532],[2.050355673437887,49.086728381243773],[2.052939218212523,49.086040621597675],[2.055559967805692,49.085584586900943],[2.056141647999727,49.085521077561417]]}},
{"type":"Feature","properties":{"GCIdentifi":0,"GCCalculat":0.0,"Nom":"AX_1976","code":null,"source_doc":null,"date_visit":"2010-03-02"},"geometry":{"type":"LineString","coordinates":[[2.051772310988276,49.089762785861261],[2.052125914022071,49.088567179332614],[2.053349729757756,49.087405653644495],[2.05473287047027,49.086599451215406],[2.056323260719787,49.085794859669356]]}},
{"type":"Feature","properties":{"GCIdentifi":0,"GCCalculat":0.0,"Nom":"AX_1977","code":null,"source_doc":null,"date_visit":"2010-03-02"},"geometry":{"type":"LineString","coordinates":[[2.059755400719813,49.088613487078241],[2.058431068620037,49.087323008567346],[2.056777601041804,49.085893748721652]]}},
{"type":"Feature","properties":{"GCIdentifi":0,"GCCalculat":0.0,"Nom":"AX_1978","code":null,"source_doc":null,"date_visit":"2010-04-28"},"geometry":{"type":"LineString","coordinates":[[2.223010094139915,49.079998357962474],[2.222424692098269,49.079733460565357],[2.220649247951425,49.079307792170923],[2.219215473449718,49.078947322476822],[2.217373333852014,49.078404125715871],[2.215827937562548,49.078177962785595],[2.215335537586152,49.078111725873292]]}},
{"type":"Feature","properties":{"GCIdentifi":132680,"GCCalculat":1519.6063425758882,"Nom":"AX_1979","code":"SEINE24","source_doc":null,"date_visit":"2010-04-28"},"geometry":{"type":"LineString","coordinates":[[1.71905745170473,49.060770153638153],[1.718493225024523,49.061072531797031],[1.717735897455656,49.061509742122041],[1.716703448309827,49.062219463978479],[1.71637868329378,49.062637661112284],[1.716151306935157,49.062880048142752],[1.715779970972102,49.063506375629451]]}},
{"type":"Feature","properties":{"GCIdentifi":132687,"GCCalculat":2431.9508888208925,"Nom":"AX_1980","code":"SEINE24","source_doc":null,"date_visit":"2007-09-17"},"geometry":{"type":"LineString","coordinates":[[1.766593619373314,49.074371339362685],[1.766155534693194,49.072489427790615],[1.764527965310102,49.071346063347747],[1.764075077425319,49.071343798502959],[1.758034029904396,49.070997884708426],[1.756201994463164,49.07113348249559],[1.754367459222442,49.071044438225648]]}},
{"type":"Feature","properties":{"GCIdentifi":130057,"GCCalculat":2741.854389116982,"Nom":"AX_1981","code":"SEINE12","source_doc":null,"date_visit":"2010-07-19"},"geometry":{"type":"LineString","coordinates":[[2.558512188811584,49.086981096456405],[2.556260052249665,49.085832918242453],[2.554825380830603,49.084867060226436],[2.552889983843663,49.083182066376366],[2.551707636494273,49.081794022429243]]}},
{"type":"Feature","properties":{"GCIdentifi":130057,"GCCalculat":2741.854389116982,"Nom":"AX_1982","code":"SEINE12","source_doc":null,"date_visit":"2010-10-25"},"geometry":{"type":"LineString","coordinates":[[2.55097769921398,49.080636398544321],[2.550358918673099,49.07981575363933],[2.549516507270456,49.078725214718283],[2.549017817144397,49.077859604189236],[2.548831459530513,49.076788673723854],[2.548834010328613,49.075791965681042],[2.548830814524644,49.07503739471094],[2.548895308553173,49.074136740183235],[2.548712064636371,49.073255619604986],[2.548572120161882,49.072501297486028],[2.547898541368848,49.071657013093521],[2.547278427040966,49.070516177184622],[2.547084554103177,49.069275491970458],[2.546941132919819,49.068357514095453],[2.547440452530549,49.066819370857274],[2.548378247481085,49.065126606975149],[2.549167091755239,49.064181934433023],[2.550132053095826,49.062866363628324],[2.550634738598294,49.061750423315623],[2.551383374826112,49.060617163260808],[2.551383374826112,49.060617163260808]]}},
{"type":"Feature","properties":{"GCIdentifi":0,"GCCalculat":0.0,"Nom":"AX_1983","code":null,"source_doc":null,"date_visit":"2010-08-24"},"geometry":{"type":"LineString","coordinates":[[1.835405344807694,49.157094788959071],[1.835784599849071,49.158090700435338],[1.835789672312461,49.159056646271644],[1.835645106320175,49.160126498599681],[1.835401744004573,49.160826595008153],[1.835050330770134,49.16156956893461],[1.834428188918107,49.162441620397871]]}},
{"type":"Feature","properties":{"GCIdentifi":0,"GCCalculat":0.0,"Nom":"AX_1984","code":null,"source_doc":null,"date_visit":"2010-10-25"},"geometry":{"type":"LineString","coordinates":[[2.325145052444961,49.129245693179982],[2.327786750259037,49.130168908320044],[2.328276091492526,49.130384552991835],[2.32887494601218,49.13051709832876],[2.329608967423987,49.130781009052583]]}},
{"type":"Feature","properties":{"GCIdentifi":0,"GCCalculat":0.0,"Nom":"AX_1985","code":null,"source_doc":null,"date_visit":null},"geometry":{"type":"LineString","coordinates":[[2.282157219594201,49.101907434595773],[2.284537684770371,49.101753551599082],[2.285822368321442,49.101884137876283]]}},
{"type":"Feature","properties":{"GCIdentifi":0,"GCCalculat":0.0,"Nom":"AX_1986","code":null,"source_doc":null,"date_visit":"2010-10-25"},"geometry":{"type":"LineString","coordinates":[[2.282157219594201,49.101907434595773],[2.283411378329101,49.101848728069406],[2.284537684770371,49.101753551599082]]}},
{"type":"Feature","properties":{"GCIdentifi":130801,"GCCalculat":3218.7114745912754,"Nom":"AX_1987","code":"OISE14","source_doc":null,"date_visit":"2010-10-25"},"geometry":{"type":"LineString","coordinates":[[2.303208387926847,49.092843595364002],[2.302439768462366,49.094200901417231],[2.301713911242564,49.095406654085203],[2.302478902810666,49.096908167371076],[2.303557249347945,49.097665300345639],[2.305216799679565,49.099156927285904]]}},
{"type":"Feature","properties":{"GCIdentifi":130801,"GCCalculat":3218.7114745912754,"Nom":"AX_1988","code":"OISE14","source_doc":null,"date_visit":"2010-10-25"},"geometry":{"type":"LineString","coordinates":[[2.306412172489237,49.100120919649804],[2.307363119456203,49.101066281654496],[2.307669228661124,49.101463013478821]]}},
{"type":"Feature","properties":{"GCIdentifi":0,"GCCalculat":0.0,"Nom":"AX_1989","code":null,"source_doc":null,"date_visit":"2010-11-25"},"geometry":{"type":"LineString","coordinates":[[2.458488690748764,49.063480584791193],[2.458379760957281,49.06237376545559],[2.458219043002412,49.061529322973371],[2.457577845678946,49.060369458288221],[2.456477160109507,49.058093445053323],[2.455616608294009,49.056467358265905]]}},
{"type":"Feature","properties":{"GCIdentifi":0,"GCCalculat":0.0,"Nom":"AX_1990","code":null,"source_doc":null,"date_visit":"2010-11-25"},"geometry":{"type":"LineString","coordinates":[[1.968409052866498,49.140594188768375],[1.969975929523186,49.140507236876601],[1.971820429071784,49.140661992068857],[1.972582140059872,49.140822900312514]]}},
{"type":"Feature","properties":{"GCIdentifi":0,"GCCalculat":0.0,"Nom":"AX_1991","code":null,"source_doc":null,"date_visit":null},"geometry":{"type":"LineString","coordinates":[[1.969975929523186,49.140507236876601],[1.969975929523186,49.140507236876601]]}},
{"type":"Feature","properties":{"GCIdentifi":0,"GCCalculat":0.0,"Nom":"AX_1992","code":null,"source_doc":null,"date_visit":"2010-11-25"},"geometry":{"type":"LineString","coordinates":[[1.990170304056753,49.140895204950361],[1.991346295735362,49.1413632479575],[1.992559182064253,49.142109281828908],[1.99300472492009,49.142356500715138],[1.993986159554508,49.142732128478137],[1.994891446614922,49.14297572826095],[1.996322779867961,49.143376420770068],[1.997081018498388,49.143563236908378],[1.997691453655094,49.143734925519915],[1.997985811506601,49.143834565583148],[1.998254703064728,49.144156163590253],[1.998526027788506,49.144352790507845],[1.998667171246009,49.144714954882602],[1.998595794181827,49.145179193467477],[1.998111591922364,49.146084867070414],[1.997865120135125,49.146790911077723],[1.997449436346859,49.147360924724907],[1.996882216431093,49.148365516533566],[1.996247545301681,49.149443191288569],[1.995504241838734,49.150434087084648],[1.995222136065347,49.150879047318661]]}},
{"type":"Feature","properties":{"GCIdentifi":131305,"GCCalculat":4788.3878852216703,"Nom":"AX_1993","code":"OISE210","source_doc":null,"date_visit":"2010-11-25"},"geometry":{"type":"LineString","coordinates":[[2.016325476886143,49.143226859117092],[2.015212932691777,49.142968849983809],[2.013934401756791,49.14218599567829],[2.011811912158251,49.140655148058606],[2.010046991696487,49.139934863970751],[2.00884210672502,49.13916786131476],[2.00741521051127,49.138591109649511],[2.006058318287202,49.138555777006822],[2.004479992725798,49.138870103153046],[2.001846933567963,49.139006192789431],[1.999822388484686,49.13849609920522],[1.996798382927105,49.137993117664372],[1.99466269992179,49.137482584933466],[1.992185359937703,49.136890144002379],[1.989512006741091,49.137169544923047],[1.987339448274287,49.1374487499886]]}},
{"type":"Feature","properties":{"GCIdentifi":131305,"GCCalculat":4788.3878852216703,"Nom":"AX_1994","code":"OISE210","source_doc":null,"date_visit":"2010-11-25"},"geometry":{"type":"LineString","coordinates":[[1.986877398318857,49.137208949262664],[1.985796107863384,49.137249195737631],[1.984851863796092,49.137253957042645],[1.983991295642573,49.136676601827361],[1.983095893881673,49.135531882493382],[1.982226939817753,49.134287284115096],[1.981841865570198,49.13262311521688],[1.981848665461806,49.131678792270215],[1.98070634215702,49.130389558188654],[1.979239523535123,49.128550200911853],[1.978151001200072,49.127413811604995],[1.97754419509464,49.126153167386114],[1.9758956999979,49.124861167329158],[1.973696623676368,49.123766157542612],[1.970556642921035,49.122452516723577],[1.967890798127049,49.121580478354794],[1.967890798127049,49.121580478354794]]}},
{"type":"Feature","properties":{"GCIdentifi":0,"GCCalculat":0.0,"Nom":"AX_1995","code":null,"source_doc":null,"date_visit":"2010-12-01"},"geometry":{"type":"LineString","coordinates":[[2.250127797012955,49.026124370773921],[2.250579820820616,49.025467542916644],[2.250791075582753,49.025139054124921],[2.25085455020551,49.024829039108269],[2.250833707872678,49.024227473857209]]}},
{"type":"Feature","properties":{"GCIdentifi":0,"GCCalculat":0.0,"Nom":"AX_1996","code":null,"source_doc":null,"date_visit":"2010-12-07"},"geometry":{"type":"LineString","coordinates":[[2.259151784423513,49.022241990922353],[2.258662214153444,49.021404732991506],[2.258021625494738,49.020818744384108],[2.257528204100619,49.020253058437405],[2.257150331400875,49.019862723551611],[2.256896524987755,49.019046302081499],[2.256873421647136,49.018599927369394]]}},
{"type":"Feature","properties":{"GCIdentifi":0,"GCCalculat":0.0,"Nom":"AX_1997","code":null,"source_doc":null,"date_visit":"2010-12-14"},"geometry":{"type":"LineString","coordinates":[[1.718559585604878,49.091950790557611],[1.719598766321818,49.090541133308875],[1.720478440250423,49.089332736243385],[1.721519093481705,49.087859642927128]]}},
{"type":"Feature","properties":{"GCIdentifi":132718,"GCCalculat":1955.745271438167,"Nom":"AX_1998","code":"SEINE24","source_doc":null,"date_visit":"2010-12-14"},"geometry":{"type":"LineString","coordinates":[[1.70957939403435,49.095002098877195],[1.709160532960647,49.094860567395877],[1.708761854770958,49.094747208548782],[1.708508155306361,49.094661618630958],[1.70800668188779,49.094296147942593],[1.707604781617858,49.093360826022625],[1.706935411211767,49.09221514304032],[1.705878826896914,49.090194836678549],[1.705878227964386,49.089277923958925]]}},
{"type":"Feature","properties":{"GCIdentifi":0,"GCCalculat":0.0,"Nom":"AX_1999","code":null,"source_doc":null,"date_visit":"2010-12-14"},"geometry":{"type":"LineString","coordinates":[[1.741147830881881,49.076479102015618],[1.741122895178397,49.07516027840466],[1.741031128269335,49.073663060688105],[1.741139220162715,49.072729023750085],[1.741332425959185,49.071805238628968]]}},
{"type":"Feature","properties":{"GCIdentifi":0,"GCCalculat":0.0,"Nom":"AX_2000","code":null,"source_doc":null,"date_visit":"2010-12-14"},"geometry":{"type":"LineString","coordinates":[[1.755338581848344,49.053349148691282],[1.752615180075553,49.054209098702977],[1.750870383012047,49.055240647875721],[1.749398480324949,49.056161965714459],[1.74823787836264,49.056856737748909],[1.747732032975189,49.05721590262943]]}},
{"type":"Feature","properties":{"GCIdentifi":0,"GCCalculat":0.0,"Nom":"AX_2001","code":null,"source_doc":null,"date_visit":"2010-12-14"},"geometry":{"type":"LineString","coordinates":[[1.759675647174685,49.092870000885767],[1.759481374043957,49.093294763185114],[1.759333970921564,49.093570628296213],[1.759327845275452,49.093826639338502],[1.759472978065823,49.094098418954694],[1.760144760338245,49.094745834847103]]}},
{"type":"Feature","properties":{"GCIdentifi":0,"GCCalculat":0.0,"Nom":"AX_2002","code":null,"source_doc":null,"date_visit":"2010-12-17"},"geometry":{"type":"LineString","coordinates":[[1.853602126354617,49.055523237336168],[1.855322508607877,49.05498192748238],[1.857439540248975,49.054407209136784],[1.858962815375382,49.054079648471991],[1.861766171805917,49.053674962417567]]}},
{"type":"Feature","properties":{"GCIdentifi":0,"GCCalculat":0.0,"Nom":"AX_2003","code":null,"source_doc":null,"date_visit":"2010-12-17"},"geometry":{"type":"LineString","coordinates":[[1.848850196607799,49.064202606462182],[1.850049097944033,49.063721598348209],[1.851494740377323,49.063242910006132],[1.852530406204087,49.063114654307569],[1.85391174156745,49.063061779608709]]}},
{"type":"Feature","properties":{"GCIdentifi":0,"GCCalculat":0.0,"Nom":"AX_2004","code":null,"source_doc":null,"date_visit":"2010-12-17"},"geometry":{"type":"LineString","coordinates":[[1.664627474039892,49.094128490481843],[1.662477881115675,49.093782439521789],[1.659935987387881,49.09343195069706],[1.658465124801741,49.093399459574563],[1.657032051837604,49.093802250357186],[1.656003576962021,49.094207227658906],[1.655520392592146,49.094397466275083],[1.653564366532547,49.09510045365559],[1.652082428970455,49.095965770276869],[1.651482153180655,49.096881219577334],[1.651011416994597,49.098003525050316],[1.649975769946867,49.099151679380881],[1.649276788581384,49.099799083920757],[1.64861831877589,49.100408964304755],[1.647258564173095,49.100812489834261],[1.645831521620035,49.100973623738888],[1.644277179388877,49.101310493170949],[1.643210818391707,49.101749482772171],[1.642108515677342,49.10262298646721],[1.64024932840892,49.105227602526753]]}},
{"type":"Feature","properties":{"GCIdentifi":132485,"GCCalculat":449.3115778090912,"Nom":"AX_2005","code":"EPTE16","source_doc":null,"date_visit":"2011-01-24"},"geometry":{"type":"LineString","coordinates":[[1.754349770338971,49.169320572990905],[1.756314432782218,49.16975867805052],[1.75745352858504,49.170083769544433]]}},
{"type":"Feature","properties":{"GCIdentifi":132485,"GCCalculat":449.3115778090912,"Nom":"AX_2006","code":"EPTE16","source_doc":null,"date_visit":"2011-01-24"},"geometry":{"type":"LineString","coordinates":[[1.758149206237308,49.170299839948335],[1.760194097023147,49.170644898229753],[1.760194097023147,49.170644898229753]]}},
{"type":"Feature","properties":{"GCIdentifi":0,"GCCalculat":0.0,"Nom":"AX_2007","code":null,"source_doc":null,"date_visit":"2011-01-18"},"geometry":{"type":"LineString","coordinates":[[1.871448922105161,49.125603406978129],[1.873049900209792,49.125216406946599],[1.874323947487466,49.124839769928414],[1.875677304976384,49.124571016534368],[1.877971653695657,49.124217233898605],[1.879876408810496,49.123940194971667]]}},
{"type":"Feature","properties":{"GCIdentifi":132369,"GCCalculat":1390.5357032848563,"Nom":"AX_2008","code":"SEINE21","source_doc":null,"date_visit":"2011-01-18"},"geometry":{"type":"LineString","coordinates":[[1.826371649950308,49.095550033400336],[1.828818923732432,49.096069950376958],[1.830512666953245,49.096508601250832],[1.832628185564597,49.09758582829415],[1.834201816107054,49.099058102710025],[1.835493164917238,49.100044050467112],[1.836504472401148,49.10094677615718]]}},
{"type":"Feature","properties":{"GCIdentifi":0,"GCCalculat":0.0,"Nom":"AX_2009","code":null,"source_doc":null,"date_visit":null},"geometry":{"type":"LineString","coordinates":[[2.439807005322159,49.037433577593973],[2.440559734760673,49.038026911325808],[2.442765306658068,49.039139905897507],[2.443380753942165,49.039400971314492],[2.445298616160482,49.040891492969372],[2.445352232188364,49.041255048829051]]}},
{"type":"Feature","properties":{"GCIdentifi":0,"GCCalculat":0.0,"Nom":"AX_2010","code":null,"source_doc":null,"date_visit":"2011-07-21"},"geometry":{"type":"LineString","coordinates":[[1.717505637140807,49.137718093101412],[1.714598939203633,49.134030956911978],[1.714598939203633,49.134030956911978]]}},
{"type":"Feature","properties":{"GCIdentifi":0,"GCCalculat":0.0,"Nom":"AX_2011","code":null,"source_doc":null,"date_visit":"2011-07-21"},"geometry":{"type":"LineString","coordinates":[[1.716866921889957,49.136933996830869],[1.717018082723975,49.133193125700146],[1.717018082723975,49.133193125700146]]}},
{"type":"Feature","properties":{"GCIdentifi":0,"GCCalculat":0.0,"Nom":"AX_2012","code":null,"source_doc":null,"date_visit":"2011-07-21"},"geometry":{"type":"LineString","coordinates":[[1.716042094662117,49.139234309641196],[1.715730191884129,49.139604868477335],[1.715278531876995,49.139619569112533],[1.715153405639755,49.139667032770504],[1.714832313302858,49.139816539904444]]}},
{"type":"Feature","properties":{"GCIdentifi":0,"GCCalculat":0.0,"Nom":"AX_2013","code":null,"source_doc":null,"date_visit":"2011-07-21"},"geometry":{"type":"LineString","coordinates":[[1.715743978944727,49.141333005225789],[1.71527721769604,49.141367453074601],[1.714978182510201,49.141511935614979],[1.714603688368586,49.14186329910266],[1.714406233674621,49.142165793028511],[1.714262417899822,49.142575000832437]]}},
{"type":"Feature","properties":{"GCIdentifi":9999999,"GCCalculat":0.0,"Nom":"AX_2014","code":null,"source_doc":null,"date_visit":null},"geometry":{"type":"LineString","coordinates":[[2.489737629945556,49.091333337820721],[2.489947678015646,49.091895338303011]]}},
{"type":"Feature","properties":{"GCIdentifi":9999999,"GCCalculat":0.0,"Nom":"AX_2015","code":null,"source_doc":null,"date_visit":null},"geometry":{"type":"LineString","coordinates":[[2.489947678015646,49.091895338303011],[2.49059007869915,49.092474447074039]]}},
{"type":"Feature","properties":{"GCIdentifi":9999999,"GCCalculat":0.0,"Nom":"AX_2016","code":null,"source_doc":null,"date_visit":null},"geometry":{"type":"LineString","coordinates":[[2.49059007869915,49.092474447074039],[2.491061346999292,49.092949516564005]]}},
{"type":"Feature","properties":{"GCIdentifi":0,"GCCalculat":0.0,"Nom":"AX_2017","code":null,"source_doc":null,"date_visit":"2013-02-05"},"geometry":{"type":"LineString","coordinates":[[1.977680973351547,49.023921943384501],[1.976906430925354,49.023747616305037],[1.976361935030882,49.02355005755139],[1.976061685542916,49.023253952645788],[1.975851871237345,49.022899905805389],[1.975413347255422,49.022501947459197],[1.975111812417418,49.022272931490733],[1.974387661856216,49.022132542140248],[1.973841355882652,49.02202721993509],[1.973549243057545,49.021966037177407]]}},
{"type":"Feature","properties":{"GCIdentifi":0,"GCCalculat":0.0,"Nom":"AX_2018","code":null,"source_doc":null,"date_visit":"2013-02-05"},"geometry":{"type":"LineString","coordinates":[[1.973946693665995,49.019922934965123],[1.974183814647808,49.020184955561696],[1.974406871551776,49.020513976239364],[1.974467458061443,49.020673842689817],[1.974605249778068,49.020800835122145],[1.975090760016492,49.021400479600217],[1.975196094570964,49.021879451896432],[1.975111812417418,49.022272931490733]]}},
{"type":"Feature","properties":{"GCIdentifi":0,"GCCalculat":0.0,"Nom":"AX_2019","code":null,"source_doc":null,"date_visit":null},"geometry":{"type":"LineString","coordinates":[[2.185662713525871,49.102957925398982],[2.186504592381784,49.10288946960771]]}},
{"type":"Feature","properties":{"GCIdentifi":0,"GCCalculat":0.0,"Nom":"AX_2020","code":null,"source_doc":null,"date_visit":null},"geometry":{"type":"LineString","coordinates":[[2.186504592381784,49.10288946960771],[2.187274945910705,49.10338082726615]]}},
{"type":"Feature","properties":{"GCIdentifi":0,"GCCalculat":0.0,"Nom":"AX_2021","code":null,"source_doc":null,"date_visit":null},"geometry":{"type":"LineString","coordinates":[[2.187274945910705,49.10338082726615],[2.187883879197843,49.103763981800057]]}},
{"type":"Feature","properties":{"GCIdentifi":0,"GCCalculat":0.0,"Nom":"AX_2022","code":null,"source_doc":null,"date_visit":null},"geometry":{"type":"LineString","coordinates":[[2.187883879197843,49.103763981800057],[2.188329809954038,49.104137778719114]]}},
{"type":"Feature","properties":{"GCIdentifi":0,"GCCalculat":0.0,"Nom":"AX_2023","code":null,"source_doc":null,"date_visit":null},"geometry":{"type":"LineString","coordinates":[[2.188329809954038,49.104137778719114],[2.188813260864455,49.10452008117084]]}},
{"type":"Feature","properties":{"GCIdentifi":0,"GCCalculat":0.0,"Nom":"AX_2024","code":null,"source_doc":null,"date_visit":null},"geometry":{"type":"LineString","coordinates":[[2.173108926594973,49.10716521948855],[2.17627218197202,49.108132273988012],[2.177492877012823,49.108505434263336]]}},
{"type":"Feature","properties":{"GCIdentifi":0,"GCCalculat":0.0,"Nom":"AX_2025","code":null,"source_doc":null,"date_visit":null},"geometry":{"type":"LineString","coordinates":[[2.17627218197202,49.108132273988012],[2.177914179902816,49.108055112765413]]}},
{"type":"Feature","properties":{"GCIdentifi":0,"GCCalculat":0.0,"Nom":"AX_2026","code":null,"source_doc":null,"date_visit":null},"geometry":{"type":"LineString","coordinates":[[2.17562089455588,49.105468595704792],[2.179552353791455,49.106846799110961]]}},
{"type":"Feature","properties":{"GCIdentifi":0,"GCCalculat":0.0,"Nom":"AX_2027","code":null,"source_doc":null,"date_visit":null},"geometry":{"type":"LineString","coordinates":[[2.176574736554443,49.103884830843988],[2.176949879458132,49.103969797991155]]}},
{"type":"Feature","properties":{"GCIdentifi":0,"GCCalculat":0.0,"Nom":"AX_2028","code":null,"source_doc":null,"date_visit":null},"geometry":{"type":"LineString","coordinates":[[2.176949879458132,49.103969797991155],[2.177413243484617,49.104030658495574]]}},
{"type":"Feature","properties":{"GCIdentifi":0,"GCCalculat":0.0,"Nom":"AX_2029","code":null,"source_doc":null,"date_visit":null},"geometry":{"type":"LineString","coordinates":[[2.177413243484617,49.104030658495574],[2.178128897020673,49.104010824606831]]}},
{"type":"Feature","properties":{"GCIdentifi":0,"GCCalculat":0.0,"Nom":"AX_2030","code":null,"source_doc":null,"date_visit":null},"geometry":{"type":"LineString","coordinates":[[2.178128897020673,49.104010824606831],[2.178729354310737,49.103934577755695]]}},
{"type":"Feature","properties":{"GCIdentifi":0,"GCCalculat":0.0,"Nom":"AX_2031","code":null,"source_doc":null,"date_visit":null},"geometry":{"type":"LineString","coordinates":[[2.178729354310737,49.103934577755695],[2.179675240991759,49.1036402914566]]}},
{"type":"Feature","properties":{"GCIdentifi":0,"GCCalculat":0.0,"Nom":"AX_2032","code":null,"source_doc":null,"date_visit":null},"geometry":{"type":"LineString","coordinates":[[2.179675240991759,49.1036402914566],[2.18026643368184,49.103553678361209]]}},
{"type":"Feature","properties":{"GCIdentifi":0,"GCCalculat":0.0,"Nom":"AX_2033","code":null,"source_doc":null,"date_visit":null},"geometry":{"type":"LineString","coordinates":[[2.18026643368184,49.103553678361209],[2.181007048469118,49.103542251827243]]}},
{"type":"Feature","properties":{"GCIdentifi":0,"GCCalculat":0.0,"Nom":"AX_2034","code":null,"source_doc":null,"date_visit":null},"geometry":{"type":"LineString","coordinates":[[2.181007048469118,49.103542251827243],[2.181243910122854,49.103642736380735]]}},
{"type":"Feature","properties":{"GCIdentifi":0,"GCCalculat":0.0,"Nom":"AX_2035","code":null,"source_doc":null,"date_visit":null},"geometry":{"type":"LineString","coordinates":[[2.181243910122854,49.103642736380735],[2.181448347508654,49.103808917199224]]}},
{"type":"Feature","properties":{"GCIdentifi":0,"GCCalculat":0.0,"Nom":"AX_2036","code":null,"source_doc":null,"date_visit":null},"geometry":{"type":"LineString","coordinates":[[2.181448347508654,49.103808917199224],[2.181537972680175,49.104093805679341]]}},
{"type":"Feature","properties":{"GCIdentifi":0,"GCCalculat":0.0,"Nom":"AX_2037","code":null,"source_doc":null,"date_visit":null},"geometry":{"type":"LineString","coordinates":[[2.181537972680175,49.104093805679341],[2.181574002934571,49.104197058655103]]}},
{"type":"Feature","properties":{"GCIdentifi":0,"GCCalculat":0.0,"Nom":"AX_2038","code":null,"source_doc":null,"date_visit":null},"geometry":{"type":"LineString","coordinates":[[2.181574002934571,49.104197058655103],[2.181474946786364,49.10450948092199]]}},
{"type":"Feature","properties":{"GCIdentifi":0,"GCCalculat":0.0,"Nom":"AX_2039","code":null,"source_doc":null,"date_visit":null},"geometry":{"type":"LineString","coordinates":[[2.181474946786364,49.10450948092199],[2.181328876650254,49.10461973966089]]}},
{"type":"Feature","properties":{"GCIdentifi":0,"GCCalculat":0.0,"Nom":"AX_2040","code":null,"source_doc":null,"date_visit":null},"geometry":{"type":"LineString","coordinates":[[2.181328876650254,49.10461973966089],[2.180980160776552,49.104848080622993]]}},
{"type":"Feature","properties":{"GCIdentifi":0,"GCCalculat":0.0,"Nom":"AX_2041","code":null,"source_doc":null,"date_visit":null},"geometry":{"type":"LineString","coordinates":[[2.180980160776552,49.104848080622993],[2.180903545362769,49.104929966779913]]}},
{"type":"Feature","properties":{"GCIdentifi":0,"GCCalculat":0.0,"Nom":"AX_2042","code":null,"source_doc":null,"date_visit":null},"geometry":{"type":"LineString","coordinates":[[2.180903545362769,49.104929966779913],[2.180639132199247,49.104985828669648]]}},
{"type":"Feature","properties":{"GCIdentifi":0,"GCCalculat":0.0,"Nom":"AX_2043","code":null,"source_doc":null,"date_visit":null},"geometry":{"type":"LineString","coordinates":[[2.180639132199247,49.104985828669648],[2.181100425500032,49.105973639505692]]}},
{"type":"Feature","properties":{"GCIdentifi":0,"GCCalculat":0.0,"Nom":"AX_2044","code":null,"source_doc":null,"date_visit":null},"geometry":{"type":"LineString","coordinates":[[2.180061240990105,49.1022423634099],[2.180758997109009,49.10216450394276]]}},
{"type":"Feature","properties":{"GCIdentifi":0,"GCCalculat":0.0,"Nom":"AX_2045","code":null,"source_doc":null,"date_visit":null},"geometry":{"type":"LineString","coordinates":[[2.180758997109009,49.10216450394276],[2.182169199008593,49.102264729243814]]}},
{"type":"Feature","properties":{"GCIdentifi":0,"GCCalculat":0.0,"Nom":"AX_2046","code":null,"source_doc":null,"date_visit":null},"geometry":{"type":"LineString","coordinates":[[2.19035240992663,49.098659101568117],[2.190791020817327,49.098969415130206]]}},
{"type":"Feature","properties":{"GCIdentifi":0,"GCCalculat":0.0,"Nom":"AX_2047","code":null,"source_doc":null,"date_visit":null},"geometry":{"type":"LineString","coordinates":[[2.190791020817327,49.098969415130206],[2.190587388616727,49.099388664195004]]}},
{"type":"Feature","properties":{"GCIdentifi":0,"GCCalculat":0.0,"Nom":"AX_2048","code":null,"source_doc":null,"date_visit":null},"geometry":{"type":"LineString","coordinates":[[2.190587388616727,49.099388664195004],[2.189591388017141,49.100061399264966]]}},
{"type":"Feature","properties":{"GCIdentifi":0,"GCCalculat":0.0,"Nom":"AX_2049","code":null,"source_doc":null,"date_visit":null},"geometry":{"type":"LineString","coordinates":[[2.189591388017141,49.100061399264966],[2.190993599414869,49.100196265295509]]}},
{"type":"Feature","properties":{"GCIdentifi":0,"GCCalculat":0.0,"Nom":"AX_2050","code":null,"source_doc":null,"date_visit":null},"geometry":{"type":"LineString","coordinates":[[2.190993599414869,49.100196265295509],[2.19407381971177,49.101741620495076]]}},
{"type":"Feature","properties":{"GCIdentifi":0,"GCCalculat":0.0,"Nom":"AX_2051","code":null,"source_doc":null,"date_visit":null},"geometry":{"type":"LineString","coordinates":[[2.19407381971177,49.101741620495076],[2.194725612360281,49.101900354834726],[2.196246467982192,49.103130212668553]]}},
{"type":"Feature","properties":{"GCIdentifi":130112,"GCCalculat":2891.2849663398415,"Nom":"AX_2052","code":"SEINE12","source_doc":null,"date_visit":"2008-02-20"},"geometry":{"type":"LineString","coordinates":[[2.504191161620497,49.070811646144726],[2.50491394378795,49.069767438281417],[2.506030757103518,49.06850706875769],[2.506368330708748,49.067776682852646],[2.506455757636853,49.066357238655876],[2.506335694759028,49.065232306436833],[2.506229562821532,49.062675662848093],[2.50555514176784,49.061330326628863],[2.504071868418619,49.059786313708273],[2.502878643758508,49.059105324958331],[2.501288929656821,49.057874688676698],[2.500381462165705,49.056780071794904],[2.499285041422439,49.055882189514143],[2.497871392538866,49.055145334494348],[2.496323921271085,49.054743256852198],[2.494338797102098,49.054251927094242],[2.493504022534514,49.053919582810359]]}},
{"type":"Feature","properties":{"GCIdentifi":131755,"GCCalculat":1853.3961018176203,"Nom":"AX_1207","code":"OISE24","source_doc":null,"date_visit":null},"geometry":{"type":"MultiLineString","coordinates":[[[2.194779641052141,49.166060337635194],[2.192600136224761,49.165373806628587],[2.190544699997075,49.16501187309656],[2.188420618857394,49.164720569710042],[2.186107637732751,49.163485796421554],[2.185779799345808,49.162631981620642],[2.184508879643731,49.161666891177489],[2.183905913772632,49.161207964520493],[2.181236417176121,49.159649197417657],[2.176954046478727,49.157115745690753],[2.175076281303189,49.157015436776945],[2.174814567069565,49.156951064855278]],[[2.174818842182291,49.156955490825183],[2.174370837193409,49.156964521290938],[2.174044271104929,49.157039236401609],[2.173599017716842,49.157193633625504],[2.173240524496102,49.157306798273716],[2.173073066391003,49.157316617344634]]]}},
{"type":"Feature","properties":{"GCIdentifi":131750,"GCCalculat":316.25152717151354,"Nom":"AX_1071","code":"OISE24","source_doc":null,"date_visit":null},"geometry":{"type":"MultiLineString","coordinates":[[[2.177027414993821,49.151379131744982],[2.176919131009035,49.150452604493537],[2.176525541945414,49.149885022615578],[2.175157450270064,49.148956727344391]],[[2.175156750663201,49.148958484827368],[2.175124876191445,49.148893502712475],[2.175087592039771,49.148755097243573],[2.175093548972967,49.148586750641101],[2.175096796838635,49.148591088681691]]]}},
{"type":"Feature","properties":{"GCIdentifi":130398,"GCCalculat":645.59975347411523,"Nom":"AX_291","code":"OISE12","source_doc":null,"date_visit":null},"geometry":{"type":"LineString","coordinates":[[2.454025989995305,49.069038665918605],[2.455552607065807,49.069223572267362],[2.456900951014136,49.069364826479166]]}},
{"type":"Feature","properties":{"GCIdentifi":130397,"GCCalculat":137.93347145074449,"Nom":"AX_290","code":"OISE12","source_doc":null,"date_visit":null},"geometry":{"type":"MultiLineString","coordinates":[[[2.456844748328688,49.069080994285578],[2.45629330420486,49.067894706051007]],[[2.456909501777326,49.069367670510857],[2.456844603354685,49.069080463123804]]]}},
{"type":"Feature","properties":{"GCIdentifi":0,"GCCalculat":0.0,"Nom":"AX_2071","code":null,"source_doc":null,"date_visit":null},"geometry":{"type":"LineString","coordinates":[[2.293813636045909,49.130844091785164],[2.294734206706742,49.130888917635943],[2.295594001782113,49.130985934440908],[2.296143579977697,49.131068003636344],[2.296742478714683,49.131259611057061],[2.297224654406857,49.131387783960982],[2.297915939618275,49.131592395820505]]}},
{"type":"Feature","properties":{"GCIdentifi":0,"GCCalculat":0.0,"Nom":"AX_2072","code":null,"source_doc":null,"date_visit":null},"geometry":{"type":"LineString","coordinates":[[2.293591413599394,49.130867018758579],[2.292823725722738,49.130785049821945]]}},
{"type":"Feature","properties":{"GCIdentifi":0,"GCCalculat":0.0,"Nom":"AX_2073","code":null,"source_doc":null,"date_visit":null},"geometry":{"type":"LineString","coordinates":[[2.290583793654072,49.130793713183628],[2.290290738115883,49.130754248775027],[2.289868536500386,49.130640527086257],[2.289528209166988,49.130517352027745],[2.289254303394965,49.13040649074216],[2.288767390790477,49.13015533821526]]}},
{"type":"Feature","properties":{"GCIdentifi":130685,"GCCalculat":791.12288427000158,"Nom":"AX_463","code":"OISE14","source_doc":null,"date_visit":"2010-10-25"},"geometry":{"type":"MultiLineString","coordinates":[[[2.297841353820943,49.125323103181714],[2.295854986582051,49.125296568536967],[2.294224666691109,49.125079263051809],[2.292922639652986,49.125106845902259]],[[2.292922721233086,49.125106891338184],[2.291585498699012,49.124599207854018]]]}},
{"type":"Feature","properties":{"GCIdentifi":130684,"GCCalculat":937.71084453808021,"Nom":"AX_462","code":"OISE14","source_doc":null,"date_visit":"2010-10-25"},"geometry":{"type":"MultiLineString","coordinates":[[[2.305849733841529,49.127751064268956],[2.305212661196979,49.127621617429831],[2.304189664893959,49.12768558574863],[2.302969236490873,49.128181600510494],[2.302265159403148,49.128679636135693],[2.301222662655954,49.129317107892227],[2.300168477733465,49.129578407667175],[2.299085273301419,49.129676868554199],[2.297605193422809,49.129676365655286],[2.297523082358878,49.129676344850715]],[[2.29752334180806,49.129676409304174],[2.296154242826784,49.129543672759247],[2.29576814304872,49.129491296360591],[2.295539883643638,49.129415566561725],[2.295239949717494,49.129303910068636],[2.294758055266666,49.129134703361082],[2.294270081654584,49.12894128153161],[2.293440823604645,49.128591887688358]]]}},
{"type":"Feature","properties":{"GCIdentifi":0,"GCCalculat":0.0,"Nom":"AX_2074","code":null,"source_doc":null,"date_visit":null},"geometry":{"type":"LineString","coordinates":[[2.298403165472294,49.023822162360901],[2.305159956408171,49.023752173504697]]}},
{"type":"Feature","properties":{"GCIdentifi":0,"GCCalculat":0.0,"Nom":"AX_2075","code":null,"source_doc":null,"date_visit":null},"geometry":{"type":"LineString","coordinates":[[2.306192289702793,49.023855303687178],[2.30645471279219,49.023866144704598],[2.307400183073626,49.023958088984003]]}},
{"type":"Feature","properties":{"GCIdentifi":0,"GCCalculat":0.0,"Nom":"AX_2076","code":null,"source_doc":null,"date_visit":null},"geometry":{"type":"LineString","coordinates":[[2.309256416127706,49.024059791951224],[2.309885794717275,49.023843040344005]]}},
{"type":"Feature","properties":{"GCIdentifi":0,"GCCalculat":0.0,"Nom":"AX_2077","code":null,"source_doc":null,"date_visit":null},"geometry":{"type":"LineString","coordinates":[[2.3111854499588,49.023620556034203],[2.311958065921459,49.023586661482604],[2.312949977282865,49.023496512196019],[2.313607301715997,49.023366135808409]]}},
{"type":"Feature","properties":{"GCIdentifi":131076,"GCCalculat":641.58998585408744,"Nom":"AX_632","code":"OISE18","source_doc":null,"date_visit":"2007-02-27"},"geometry":{"type":"LineString","coordinates":[[2.21035782581165,49.050639716285936],[2.210821161128314,49.051170224535163],[2.211611923856938,49.051602816675405]]}},
{"type":"Feature","properties":{"GCIdentifi":131077,"GCCalculat":262.55962874234075,"Nom":"AX_607","code":"OISE18","source_doc":null,"date_visit":null},"geometry":{"type":"LineString","coordinates":[[2.212693426162532,49.04985064567866],[2.21211750551079,49.050613584614986],[2.212211966728221,49.051616860103742]]}},
{"type":"Feature","properties":{"GCIdentifi":131086,"GCCalculat":725.66464300791699,"Nom":"AX_619","code":"OISE18","source_doc":null,"date_visit":null},"geometry":{"type":"LineString","coordinates":[[2.183936418987625,49.054556162856493],[2.184493484674568,49.055632685091744],[2.186421590069902,49.057355075599403]]}},
{"type":"Feature","properties":{"GCIdentifi":131085,"GCCalculat":586.22902442119948,"Nom":"AX_622","code":"OISE18","source_doc":null,"date_visit":null},"geometry":{"type":"LineString","coordinates":[[2.187311457658381,49.053210579613825],[2.187360202501778,49.053463162954984],[2.187465452393978,49.055330520814309],[2.187571093717863,49.056113279839693],[2.187505545799588,49.055635999037513]]}},
{"type":"Feature","properties":{"GCIdentifi":0,"GCCalculat":0.0,"Nom":"AX_2078","code":null,"source_doc":null,"date_visit":null},"geometry":{"type":"LineString","coordinates":[[1.811931303450558,49.127637091222475],[1.812382530321164,49.127707492978686],[1.812773179751425,49.127726014325731],[1.814325399561791,49.12776333365418]]}},
{"type":"Feature","properties":{"GCIdentifi":130398,"GCCalculat":645.59975347411523,"Nom":"AX_291","code":"OISE12","source_doc":null,"date_visit":null},"geometry":{"type":"LineString","coordinates":[[2.456907002255503,49.069364593068116],[2.457134891547077,49.06964786106056]]}},
{"type":"Feature","properties":{"GCIdentifi":130398,"GCCalculat":645.59975347411523,"Nom":"AX_291","code":"OISE12","source_doc":null,"date_visit":null},"geometry":{"type":"LineString","coordinates":[[2.457641393650833,49.070277385951144],[2.458046352878037,49.070780693605236],[2.459000862641486,49.072390446660478],[2.45892563699798,49.073082749178106],[2.459057029215532,49.072991590340351]]}},
{"type":"Feature","properties":{"GCIdentifi":0,"GCCalculat":0.0,"Nom":"AX_2061","code":null,"source_doc":null,"date_visit":null},"geometry":{"type":"LineString","coordinates":[[1.705419972261679,49.087565833782335],[1.706335402278865,49.086346453352583]]}},
{"type":"Feature","properties":{"GCIdentifi":0,"GCCalculat":0.0,"Nom":"AX_2062","code":null,"source_doc":null,"date_visit":null},"geometry":{"type":"LineString","coordinates":[[1.705881339800296,49.089308495834196],[1.706335402278865,49.086346453352583]]}},
{"type":"Feature","properties":{"GCIdentifi":0,"GCCalculat":0.0,"Nom":"AX_2063","code":null,"source_doc":null,"date_visit":null},"geometry":{"type":"LineString","coordinates":[[1.708246583380424,49.088795987598623],[1.706335402278865,49.086346453352583]]}},
{"type":"Feature","properties":{"GCIdentifi":0,"GCCalculat":0.0,"Nom":"AX_2064","code":null,"source_doc":null,"date_visit":null},"geometry":{"type":"LineString","coordinates":[[1.706004619786957,49.082646329517885],[1.705178835685049,49.081465127056987]]}},
{"type":"Feature","properties":{"GCIdentifi":0,"GCCalculat":0.0,"Nom":"AX_2065","code":null,"source_doc":null,"date_visit":null},"geometry":{"type":"LineString","coordinates":[[1.705178835685049,49.081465127056987],[1.704095838362449,49.080144691476384]]}},
{"type":"Feature","properties":{"GCIdentifi":0,"GCCalculat":0.0,"Nom":"AX_2066","code":null,"source_doc":null,"date_visit":null},"geometry":{"type":"LineString","coordinates":[[1.706335402278865,49.086346453352583],[1.705178835685049,49.081465127056987]]}},
{"type":"Feature","properties":{"GCIdentifi":0,"GCCalculat":0.0,"Nom":"AX_2080","code":null,"source_doc":null,"date_visit":null},"geometry":{"type":"LineString","coordinates":[[1.985545996562443,49.166256679655795],[1.985594807966194,49.164899034083547]]}},
{"type":"Feature","properties":{"GCIdentifi":0,"GCCalculat":0.0,"Nom":"AX_2079","code":null,"source_doc":null,"date_visit":null},"geometry":{"type":"LineString","coordinates":[[1.986877398318857,49.137208949262664],[1.987339448274287,49.1374487499886]]}},
{"type":"Feature","properties":{"GCIdentifi":0,"GCCalculat":0.0,"Nom":"AX_298","code":"OISE12","source_doc":null,"date_visit":null},"geometry":{"type":"LineString","coordinates":[[2.469390982940269,49.085261313429925],[2.469230239554597,49.086519114334159],[2.469706581303029,49.087559461456493],[2.469873029996416,49.088423888333239],[2.469444925258219,49.09007274924177],[2.469632662979941,49.090586818006493],[2.469963583413643,49.091572308883975],[2.470347264688887,49.092465679393449],[2.470135359387678,49.093326636081329],[2.470095562346776,49.09391578479169],[2.470588291366842,49.095045117698341],[2.470578649292014,49.095038709333807]]}},
{"type":"Feature","properties":{"GCIdentifi":0,"GCCalculat":0.0,"Nom":"AX_9000","code":null,"source_doc":null,"date_visit":null},"geometry":{"type":"LineString","coordinates":[[2.363895322248398,49.085276119161072],[2.364033405032014,49.085276283261422],[2.364175465288891,49.085304863630213],[2.364286043299867,49.085390140059395],[2.364570314553058,49.085438435126022],[2.364800476293285,49.0855053798714],[2.36501005358604,49.085506037480556],[2.36501005358604,49.085506037480556]]}},
{"type":"Feature","properties":{"GCIdentifi":0,"GCCalculat":0.0,"Nom":"AX_1952","code":null,"source_doc":null,"date_visit":"2009-11-26"},"geometry":{"type":"MultiLineString","coordinates":[[[2.079656210500307,49.197985622264888],[2.078843401382778,49.198482711770396],[2.078325903017543,49.198851687182191],[2.077366896757363,49.199123172791701],[2.076506912504481,49.199233951523304]],[[2.080709701723231,49.197038975933708],[2.080368346033109,49.197590290909204],[2.079656153230605,49.197985756690763]]]}},
{"type":"Feature","properties":{"GCIdentifi":0,"GCCalculat":0.0,"Nom":"AX_1953","code":null,"source_doc":null,"date_visit":"2009-11-26"},"geometry":{"type":"MultiLineString","coordinates":[[[2.081154333419152,49.197924463927137],[2.081127857272083,49.198310600358511],[2.080803235547755,49.199404103450135],[2.080064637990899,49.199788724458614],[2.079202004030092,49.20043052088397],[2.077899099364222,49.200717363709899],[2.075514671580935,49.201211014908154]],[[2.081154739525808,49.197924772714295],[2.080709701723231,49.197038975933708]]]}},
{"type":"Feature","properties":{"GCIdentifi":0,"GCCalculat":0.0,"Nom":"AX_1025","code":"OISE24","source_doc":null,"date_visit":"2009-11-24"},"geometry":{"type":"LineString","coordinates":[[2.054641911158243,49.191881347527783],[2.053763477064982,49.19198232492775],[2.053388480017716,49.192039951197842],[2.052773279225639,49.192368752882565],[2.051152288451675,49.193836746917128],[2.049968867655788,49.194324468240758],[2.04912996616305,49.194982875508543],[2.047110731100447,49.195581714720504],[2.045556762047112,49.195407927745229],[2.04296875460606,49.194797446770743]]}},
{"type":"Feature","properties":{"GCIdentifi":0,"GCCalculat":0.0,"Nom":"AX_1158","code":"OISE210","source_doc":null,"date_visit":null},"geometry":{"type":"LineString","coordinates":[[2.016600965005361,49.06451263352244],[2.01433512444739,49.064242413760979],[2.01264204909915,49.064705880846169],[2.01158081089417,49.066011018620827],[2.011423230335005,49.066133760113253],[2.011140284140522,49.066389875510104]]}},
{"type":"Feature","properties":{"GCIdentifi":0,"GCCalculat":0.0,"Nom":"AX_521","code":"OISE13","source_doc":null,"date_visit":"2010-10-25"},"geometry":{"type":"LineString","coordinates":[[2.322461734970737,49.124631518804094],[2.323845775011117,49.124968538264383],[2.324846391254509,49.125378548480512],[2.325491465348255,49.125805259194081],[2.326213943727285,49.126243485923823],[2.326822397383019,49.126786789178148],[2.327857380627861,49.127622269053731],[2.328700749819368,49.128439766730168],[2.329027336424041,49.129961320339213],[2.329891238444791,49.131220111303342],[2.33061211799488,49.132205485834142],[2.330745247989936,49.132360128570284],[2.33074655434435,49.132981399906406],[2.331032947006241,49.133799130870848],[2.330851870538607,49.134626786594339]]}},
{"type":"Feature","properties":{"GCIdentifi":0,"GCCalculat":0.0,"Nom":null,"code":null,"source_doc":null,"date_visit":null},"geometry":{"type":"LineString","coordinates":[[1.828045247236835,49.102420967973558],[1.829108660573143,49.102949165315103],[1.829423480573229,49.103020876103457],[1.829561676574504,49.10302761653999],[1.829609598996521,49.103028082968606],[1.829721880990655,49.103028276522281],[1.829797350203111,49.10302180827108],[1.830074925145271,49.102980447739832],[1.830432481507998,49.102914695567279],[1.830582374664016,49.102887360582194],[1.830790077920432,49.10284712631865],[1.830891845307806,49.102828333110651],[1.83148058134104,49.102713561140526],[1.831915942324768,49.102658442934619]]}},
{"type":"Feature","properties":{"GCIdentifi":0,"GCCalculat":0.0,"Nom":"AX_403","code":"SEINE13","source_doc":null,"date_visit":"2009-03-03"},"geometry":{"type":"LineString","coordinates":[[2.395938977491833,49.000008459972584],[2.396231702788537,48.999596144158339],[2.396730786591729,48.998986378245149],[2.397216839251473,48.998635351694318],[2.397996031024381,48.998205205045217],[2.39924671277248,48.997654273975776],[2.399676681791293,48.997244902090848],[2.400273797038223,48.996662344909893],[2.4007995957064,48.996394545905687],[2.401721830465391,48.996021515403427],[2.402853460021342,48.995684616939329],[2.403159775901974,48.9954801090011],[2.403465734007355,48.995006602327479],[2.4046524795813,48.994314656151261],[2.404316443911596,48.993734548159253]]}}
]
}
